<?xml version="1.0" encoding="UTF-8" standalone="no" ?>
<COLLADA version="1.4.1" xmlns="http://www.collada.org/2005/11/COLLADASchema">

  <asset>
    <contributor>
      <authoring_tool>ONSHAPE BY PTC INC, 1.197</authoring_tool>
    </contributor>
    <created>2025-05-15T18:06:56</created>
    <modified>2025-05-15T18:06:56</modified>
    <unit meter="1" name="meters"/>
    <up_axis>Z_UP</up_axis>
  </asset>

  <library_materials>
    <material id="ID10" name="ID10">
      <instance_effect url="#ID10-fx"/>
    </material>
    <material id="ID18" name="ID18">
      <instance_effect url="#ID18-fx"/>
    </material>
  </library_materials>

  <library_effects>
    <effect id="ID10-fx" name="ID10">
      <profile_COMMON>
        <technique sid="COMMON">
          <lambert>
            <diffuse>
              <color sid="diffuse">0.823529 0.623529 0.0352941 1</color>
            </diffuse>
            <transparent opaque="A_ONE">
              <color sid="transparent">1 1 1 1</color>
            </transparent>
            <transparency>
              <float sid="transparency">1</float>
            </transparency>
          </lambert>
        </technique>
        <extra>
          <technique profile="OTHER">
            <double_sided>1</double_sided>
          </technique>
        </extra>
      </profile_COMMON>
    </effect>
    <effect id="ID18-fx" name="ID18">
      <profile_COMMON>
        <technique sid="COMMON">
          <lambert>
            <diffuse>
              <color sid="diffuse">1 0.752941 0.0509804 1</color>
            </diffuse>
            <transparent opaque="A_ONE">
              <color sid="transparent">1 1 1 1</color>
            </transparent>
            <transparency>
              <float sid="transparency">1</float>
            </transparency>
          </lambert>
        </technique>
        <extra>
          <technique profile="OTHER">
            <double_sided>1</double_sided>
          </technique>
        </extra>
      </profile_COMMON>
    </effect>
  </library_effects>

  <library_geometries>
    <geometry id="ID4">
      <mesh>
        <source id="ID5">
          <float_array count="7704" id="ID6">-0.145 0.011191 0.0324938 -0.145 0.0113257 0.0323647 -0.145 0.044 0.048 -0.145 -0.00940099 0.0316847 -0.145 -0.00940891 0.0314983 -0.145 -0.0045 0.027138 -0.145 -0.0100469 0.0306356 -0.145 -0.0102228 0.0305735 -0.145 -0.0101335 0.0326752 -0.145 -0.0045 0.036138 -0.145 -0.0103141 0.0327222 -0.145 0.0045 0.036138 -0.145 0.0108665 0.0326752 -0.145 0.0106859 0.0327222 -0.145 0.0110365 0.0325983 -0.145 0.0114367 0.0322147 -0.145 0.0115207 0.0320481 -0.145 0.0115753 0.0318697 -0.145 0.011599 0.0316847 -0.145 0.0115911 0.0314983 -0.145 0.044 0.015 -0.145 0.0114822 0.0311428 -0.145 0.0115518 0.0313159 -0.145 0.0112611 0.0308438 -0.145 0.0113844 0.0309839 -0.145 0.0045 0.027138 -0.145 0.0108665 0.0201752 -0.145 0.0107772 0.0305735 -0.145 0.011116 0.0307266 -0.145 0.0106859 0.0202222 -0.145 0.0105933 0.030542 -0.145 0.00942469 0.0318697 -0.145 0.00947932 0.0320481 -0.145 0.00980896 0.0199938 -0.145 -0.00967426 0.0198647 -0.145 0.00967426 0.0198647 -0.145 0.00940099 0.0316847 -0.145 -0.0108665 0.0201752 -0.145 -0.0107772 0.0305735 -0.145 -0.00942469 0.0318697 -0.145 -0.00947932 0.0320481 -0.145 0.00967426 0.0323647 -0.145 0.00956332 0.0322147 -0.145 0.00973887 0.0308438 -0.145 0.0096156 0.0309839 -0.145 0.00980896 0.0324938 -0.145 -0.00988403 0.0307266 -0.145 -0.044 0.015 -0.145 -0.011191 0.0199938 -0.145 -0.0110365 0.0200983 -0.145 0.00996354 0.0325983 -0.145 0.0101335 0.0326752 -0.145 -0.00967426 0.0323647 -0.145 -0.00956332 0.0322147 -0.145 0.0103141 0.0327222 -0.145 -0.00980896 0.0324938 -0.145 -0.00996354 0.0325983 -0.145 0.0105 0.032738 -0.145 -0.0106859 0.0327222 -0.145 -0.0105 0.032738 -0.145 -0.00996354 0.0200983 -0.145 0.00996354 0.0200983 -0.145 -0.00973887 0.0308438 -0.145 -0.0096156 0.0309839 -0.145 -0.0105933 0.018042 -0.145 -0.0104067 0.018042 -0.145 -0.00980896 0.0199938 -0.145 0.0105 0.020238 -0.145 0.0103141 0.0202222 -0.145 0.00956332 0.0197147 -0.145 -0.00956332 0.0197147 -0.145 -0.00947932 0.0195481 -0.145 -0.00940099 0.0191847 -0.145 0.00940099 0.0191847 -0.145 0.00942469 0.0193697 -0.145 -0.00942469 0.0193697 -0.145 0.00947932 0.0195481 -0.145 -0.00951778 0.0186428 -0.145 0.00951778 0.0186428 -0.145 0.00944822 0.0188159 -0.145 0.00940891 0.0189983 -0.145 -0.00940891 0.0189983 -0.145 -0.00944822 0.0188159 -0.145 -0.00973887 0.0183438 -0.145 -0.00988403 0.0182266 -0.145 0.00973887 0.0183438 -0.145 0.0096156 0.0184839 -0.145 -0.0100469 0.0181356 -0.145 0.00988403 0.0182266 -0.145 0.0100469 0.0181356 -0.145 -0.0102228 0.0180735 -0.145 0.0102228 0.0180735 -0.145 0.0109531 0.0306356 -0.145 0.0110365 0.0200983 -0.145 0.0104067 0.018042 -0.145 -0.0109531 0.0181356 -0.145 -0.0107772 0.0180735 -0.145 -0.0112611 0.0183438 -0.145 -0.011116 0.0182266 -0.145 -0.0114822 0.0186428 -0.145 -0.0113844 0.0184839 -0.145 -0.0115911 0.0189983 -0.145 -0.0115518 0.0188159 -0.145 -0.0115753 0.0193697 -0.145 -0.011599 0.0191847 -0.145 -0.0114367 0.0197147 -0.145 -0.0115207 0.0195481 -0.145 -0.0113257 0.0198647 -0.145 0.00988403 0.0307266 -0.145 0.0100469 0.0306356 -0.145 0.0104067 0.030542 -0.145 0.011191 0.0199938 -0.145 0.0114367 0.0197147 -0.145 0.0113257 0.0198647 -0.145 0.0115753 0.0193697 -0.145 0.0115207 0.0195481 -0.145 0.0115911 0.0189983 -0.145 0.011599 0.0191847 -0.145 0.0114822 0.0186428 -0.145 0.0115518 0.0188159 -0.145 0.0112611 0.0183438 -0.145 0.0113844 0.0184839 -0.145 0.0109531 0.0181356 -0.145 0.011116 0.0182266 -0.145 0.0105933 0.018042 -0.145 0.0107772 0.0180735 -0.145 -0.0096156 0.0184839 -0.145 0.0101335 0.0201752 -0.145 0.0102228 0.0305735 -0.145 -0.00944822 0.0313159 -0.145 0.00940891 0.0314983 -0.145 -0.00951778 0.0311428 -0.145 0.00944822 0.0313159 -0.145 0.00951778 0.0311428 -0.145 -0.0101335 0.0201752 -0.145 -0.0104067 0.030542 -0.145 -0.0103141 0.0202222 -0.145 -0.0105 0.020238 -0.145 -0.0106859 0.0202222 -0.145 -0.0105933 0.030542 -0.145 -0.0109531 0.0306356 -0.145 -0.011116 0.0307266 -0.145 -0.0112611 0.0308438 -0.145 -0.0113844 0.0309839 -0.145 -0.0114822 0.0311428 -0.145 -0.0115518 0.0313159 -0.145 -0.0115911 0.0314983 -0.145 -0.044 0.048 -0.145 -0.011599 0.0316847 -0.145 -0.0115207 0.0320481 -0.145 -0.0115753 0.0318697 -0.145 -0.0113257 0.0323647 -0.145 -0.0114367 0.0322147 -0.145 -0.0110365 0.0325983 -0.145 -0.011191 0.0324938 -0.145 -0.0108665 0.0326752 0.0775 0.086 0.048 0.0775 0.047 0.015 0.0775 0.047 0.048 0.0775 0.0469614 0.0139275 0.0775 0.086 0.003 0.0775 0.0466569 0.0118112 0.0775 0.0468475 0.0128666 0.0775 0.0460547 0.00975991 0.0775 0.0463932 0.0107767 0.0775 0.0451671 0.00781526 0.0775 0.0456462 0.00877265 0.0775 0.0440122 0.00601671 0.0775 0.0446218 0.00689529 0.0775 0.0426152 0.00440201 0.0775 0.043341 0.00518277 0.0775 0.041 0.003 0.0775 0.0418349 0.00367442 0.0745 0.089 0.003 0.0745 0.089 0.048 -0.0745 0.089 0.048 -0.0745 0.089 0.003 -0.0775 0.047 0.015 -0.0775 0.0469614 0.0139275 -0.0775 0.086 0.003 -0.0775 0.086 0.048 -0.0775 0.047 0.048 -0.0775 0.0468475 0.0128666 -0.0775 0.0466584 0.0118176 -0.0775 0.046394 0.0107802 -0.0775 0.0460569 0.00976535 -0.0775 0.045648 0.00877719 -0.0775 0.0451696 0.00781946 -0.0775 0.0446249 0.00690033 -0.0775 0.0440145 0.00601946 -0.0775 0.0433452 0.00518778 -0.0775 0.0426152 0.00440201 -0.0775 0.0418349 0.00367442 -0.0775 0.041 0.003 -0.0775 0.047 0.048 -0.142 0.047 0.048 -0.142 0.047 0.015 -0.0775 0.047 0.015 -0.0775 -0.047 0.048 -0.0775 -0.047 0.015 -0.142 -0.047 0.015 -0.142 -0.047 0.048 -0.0775 -0.047 0.015 -0.0775 -0.047 0.048 -0.0775 -0.086 0.048 -0.0775 -0.0469614 0.0139275 -0.0775 -0.086 0.003 -0.0775 -0.0466569 0.0118112 -0.0775 -0.0468475 0.0128666 -0.0775 -0.0460547 0.00975991 -0.0775 -0.0463932 0.0107767 -0.0775 -0.0451671 0.00781526 -0.0775 -0.0456462 0.00877265 -0.0775 -0.0440122 0.00601671 -0.0775 -0.0446218 0.00689529 -0.0775 -0.0426152 0.00440201 -0.0775 -0.043341 0.00518277 -0.0775 -0.041 0.003 -0.0775 -0.0418349 0.00367442 -0.0745 -0.089 0.048 0.0745 -0.089 0.048 0.0745 -0.089 0.003 -0.0745 -0.089 0.003 0.0775 -0.047 0.015 0.0775 -0.086 0.003 0.0775 -0.086 0.048 0.0775 -0.0469614 0.0139275 0.0775 -0.0468475 0.0128666 0.0775 -0.0466584 0.0118176 0.0775 -0.046394 0.0107802 0.0775 -0.0460569 0.00976535 0.0775 -0.045648 0.00877719 0.0775 -0.0451696 0.00781946 0.0775 -0.0446249 0.00690033 0.0775 -0.0440145 0.00601946 0.0775 -0.0433452 0.00518778 0.0775 -0.0426152 0.00440201 0.0775 -0.0418349 0.00367442 0.0775 -0.041 0.003 0.0775 -0.047 0.048 0.0775 -0.047 0.048 0.142 -0.047 0.048 0.142 -0.047 0.015 0.0775 -0.047 0.015 0.145 0.044 0.048 0.145 0.044 0.015 0.145 -0.044 0.015 0.145 -0.044 0.048 0.142 0.047 0.015 0.0775 0.047 0.048 0.0775 0.047 0.015 0.142 0.047 0.048 -0.142 0.047 0.048 -0.142927 0.0468532 0.048 -0.142469 0.0469631 0.048 0.142927 0.0468532 0.048 0.142 0.047 0.048 0.142469 0.0469631 0.048 0.143362 0.046673 0.048 0.143763 0.0464271 0.048 0.144427 0.0457634 0.048 0.144121 0.0461213 0.048 0.144673 0.045362 0.048 0.144853 0.0449271 0.048 0.144963 0.0444693 0.048 0.145 0.044 0.048 0.075427 0.0888532 0.048 0.0745 0.089 0.048 0.0749693 0.0889631 0.048 0.0775 0.047 0.048 0.145 -0.044 0.048 -0.0749693 0.0889631 0.048 -0.0745 0.089 0.048 -0.075427 0.0888532 0.048 0.075862 0.088673 0.048 0.0762634 0.088427 0.048 0.0769271 0.0877634 0.048 0.0766213 0.0881213 0.048 0.077173 0.087362 0.048 0.0773532 0.086927 0.048 0.0774631 0.0864693 0.048 0.0775 0.086 0.048 -0.075862 0.088673 0.048 -0.0766213 0.0881213 0.048 -0.0762634 0.088427 0.048 -0.143763 0.0464271 0.048 -0.143362 0.046673 0.048 -0.0769271 0.0877634 0.048 -0.077173 0.087362 0.048 -0.0773532 0.086927 0.048 -0.0774631 0.0864693 0.048 -0.0775 0.086 0.048 -0.0775 0.047 0.048 -0.0775 -0.047 0.048 0.0775 -0.047 0.048 -0.144427 0.0457634 0.048 -0.144121 0.0461213 0.048 -0.144673 0.045362 0.048 -0.144963 0.0444693 0.048 -0.144853 0.0449271 0.048 -0.145 0.044 0.048 -0.145 -0.044 0.048 -0.142 -0.047 0.048 -0.143763 -0.0464271 0.048 -0.144121 -0.0461213 0.048 -0.143362 -0.046673 0.048 -0.142927 -0.0468532 0.048 -0.142469 -0.0469631 0.048 -0.144427 -0.0457634 0.048 -0.144673 -0.045362 0.048 -0.144853 -0.0449271 0.048 -0.144963 -0.0444693 0.048 -0.0769271 -0.0877634 0.048 -0.077173 -0.087362 0.048 -0.0745 -0.089 0.048 0.0745 -0.089 0.048 0.0773532 -0.086927 0.048 0.077173 -0.087362 0.048 -0.0749693 -0.0889631 0.048 -0.075427 -0.0888532 0.048 -0.075862 -0.088673 0.048 -0.0762634 -0.088427 0.048 -0.0766213 -0.0881213 0.048 -0.0773532 -0.086927 0.048 -0.0774631 -0.0864693 0.048 -0.0775 -0.086 0.048 0.075427 -0.0888532 0.048 0.0749693 -0.0889631 0.048 0.075862 -0.088673 0.048 0.0762634 -0.088427 0.048 0.0766213 -0.0881213 0.048 0.0769271 -0.0877634 0.048 0.0774631 -0.0864693 0.048 0.0775 -0.086 0.048 0.142 -0.047 0.048 0.143362 -0.046673 0.048 0.142927 -0.0468532 0.048 0.142469 -0.0469631 0.048 0.144121 -0.0461213 0.048 0.143763 -0.0464271 0.048 0.144673 -0.045362 0.048 0.144427 -0.0457634 0.048 0.144963 -0.0444693 0.048 0.144853 -0.0449271 0.048 -0.0745 0.086 0 -0.0745 0.032 0 0.0745 0.032 0 -0.13 -0.032 0 -0.0745 -0.032 0 -0.13 0.032 0 0.0745 -0.032 0 0.0745 -0.086 0 -0.0745 -0.086 0 0.13 -0.032 0 0.13 0.032 0 0.0745 0.086 0 0.144853 0.0449271 0.015 0.144963 0.0444693 0.048 0.144853 0.0449271 0.048 0.145 0.044 0.048 0.144963 0.0444693 0.015 0.145 0.044 0.015 0.144427 0.0457634 0.048 0.144121 0.0461213 0.048 0.144121 0.0461213 0.015 0.144427 0.0457634 0.015 0.144673 0.0453619 0.015 0.144673 0.045362 0.048 0.142927 0.0468532 0.015 0.143362 0.046673 0.048 0.142927 0.0468532 0.048 0.143362 0.046673 0.015 0.143763 0.0464271 0.015 0.143763 0.0464271 0.048 0.142469 0.0469631 0.048 0.142469 0.046963 0.015 0.142 0.047 0.048 0.142 0.047 0.015 0.142927 -0.0468532 0.015 0.142469 -0.0469631 0.048 0.142927 -0.0468532 0.048 0.142 -0.047 0.048 0.142469 -0.046963 0.015 0.142 -0.047 0.015 0.143763 -0.0464271 0.048 0.144121 -0.0461213 0.048 0.144121 -0.0461213 0.015 0.143763 -0.0464271 0.015 0.143362 -0.046673 0.015 0.143362 -0.046673 0.048 0.144853 -0.0449271 0.015 0.144673 -0.045362 0.048 0.144853 -0.0449271 0.048 0.144673 -0.0453619 0.015 0.144427 -0.0457634 0.015 0.144427 -0.0457634 0.048 0.144963 -0.0444693 0.048 0.144963 -0.0444693 0.015 0.145 -0.044 0.048 0.145 -0.044 0.015 -0.144963 -0.0444693 0.015 -0.145 -0.044 0.015 -0.145 -0.044 0.048 -0.144427 -0.0457634 0.015 -0.144673 -0.0453619 0.015 -0.144673 -0.045362 0.048 -0.144853 -0.0449271 0.015 -0.144963 -0.0444693 0.048 -0.144853 -0.0449271 0.048 -0.143763 -0.0464271 0.048 -0.143362 -0.046673 0.015 -0.143763 -0.0464271 0.015 -0.144427 -0.0457634 0.048 -0.144121 -0.0461213 0.048 -0.144121 -0.0461213 0.015 -0.142927 -0.0468532 0.048 -0.142469 -0.046963 0.015 -0.142927 -0.0468532 0.015 -0.143362 -0.046673 0.048 -0.142 -0.047 0.015 -0.142469 -0.0469631 0.048 -0.142 -0.047 0.048 -0.142469 0.046963 0.015 -0.142 0.047 0.015 -0.142 0.047 0.048 -0.143763 0.0464271 0.015 -0.143362 0.046673 0.015 -0.143362 0.046673 0.048 -0.142927 0.0468532 0.015 -0.142469 0.0469631 0.048 -0.142927 0.0468532 0.048 -0.144427 0.0457634 0.048 -0.144673 0.0453619 0.015 -0.144427 0.0457634 0.015 -0.143763 0.0464271 0.048 -0.144121 0.0461213 0.048 -0.144121 0.0461213 0.015 -0.144853 0.0449271 0.048 -0.144963 0.0444693 0.015 -0.144853 0.0449271 0.015 -0.144673 0.045362 0.048 -0.145 0.044 0.015 -0.144963 0.0444693 0.048 -0.145 0.044 0.048 0.0774396 0.040354 0.00256257 0.0775 0.041 0.003 0.0775 0.086 0.003 0.0770438 0.0383529 0.00141212 0.0772257 0.0390345 0.00175224 0.077173 0.086 0.00163803 0.0773701 0.0397052 0.00213048 0.0774631 0.086 0.0025307 0.0773532 0.086 0.00207295 0.0766213 0.086 0.00087868 0.0762634 0.086 0.000572949 0.076324 0.0362639 0.00061898 0.0769271 0.086 0.00123664 0.0768281 0.0376618 0.00110999 0.075862 0.086 0.00032698 0.075427 0.086 0.00014683 0.0757492 0.034847 0.000272798 0.0760428 0.0355567 0.00042812 0.0751345 0.0334256 6.79191e-05 0.0754448 0.0341368 0.000153118 0.0748195 0.0327133 1.68799e-05 0.0749693 0.086 3.6935e-05 0.0745 0.086 0 0.0745 0.032 0 0.0765866 0.0369653 0.000845957 0.076845 0.087871 0.003 0.0770398 0.0875966 0.003 0.0769271 0.0877634 0.048 0.0772028 0.0873019 0.003 0.077173 0.087362 0.048 0.0773532 0.086927 0.048 0.0773315 0.0869912 0.003 0.0774246 0.0866683 0.003 0.0774631 0.0864693 0.048 0.0775 0.086 0.048 0.0774811 0.0863364 0.003 0.0775 0.086 0.003 0.0766213 0.0881213 0.048 0.0766213 0.0881213 0.003 0.0763701 0.0883458 0.003 0.0762634 0.088427 0.048 0.0760954 0.0885405 0.003 0.0758012 0.0887031 0.003 0.075862 0.088673 0.048 0.0754906 0.0888317 0.003 0.075427 0.0888532 0.048 0.0749693 0.0889631 0.048 0.0751669 0.0889249 0.003 0.0745 0.089 0.048 0.0748364 0.0889811 0.003 0.0745 0.089 0.003 0.075862 0.086 0.00032698 0.0762634 0.086 0.000572949 0.0759987 0.0863787 0.000428888 0.0767655 0.0867611 0.00118666 0.0763946 0.0868174 0.000822327 0.0767968 0.0863076 0.00109476 0.0770969 0.0862574 0.00152011 0.077173 0.086 0.00163803 0.077318 0.0861994 0.00199043 0.0769271 0.086 0.00123664 0.0766213 0.086 0.00087868 0.076427 0.0863484 0.000727296 0.0773532 0.086 0.00207295 0.0774535 0.0861353 0.00249142 0.0770675 0.0866817 0.0016061 0.0772916 0.0865816 0.00206788 0.0769998 0.0870866 0.00174694 0.0774631 0.086 0.0025307 0.0775 0.086 0.003 0.0755248 0.0863974 0.000208601 0.075427 0.086 0.00014683 0.0759662 0.0868488 0.000524157 0.0750197 0.0864041 7.31285e-05 0.0745 0.0863919 2.57124e-05 0.0745 0.086777 0.000102393 0.0749693 0.086 3.6935e-05 0.0766931 0.0871938 0.0013372 0.0762045 0.0876792 0.00119025 0.0763198 0.0872648 0.000977984 0.0745 0.086 0 0.0758912 0.0872974 0.000680203 0.0768955 0.0874615 0.00193901 0.0764338 0.0879529 0.00179721 0.0765816 0.0875945 0.00154249 0.0757756 0.0877127 0.000892997 0.0756223 0.0880842 0.00115704 0.0758652 0.0883668 0.00176134 0.0762535 0.0882596 0.0020948 0.07565 0.0886224 0.00210543 0.0754117 0.0888099 0.00247701 0.0760454 0.0885068 0.00242757 0.0758149 0.0886881 0.00278693 0.0749808 0.0888463 0.00218298 0.0752197 0.0886584 0.00181047 0.0747247 0.088961 0.00257342 0.0745 0.0888979 0.00222425 0.0745 0.089 0.003 0.0745 0.0889743 0.00260811 0.0748364 0.0889811 0.003 0.0751562 0.0889243 0.00286648 0.0745 0.0871487 0.000228678 0.07499 0.0868342 0.00016027 0.0749214 0.0872444 0.000303003 0.0745 0.0875006 0.00040233 0.0748157 0.0876244 0.000497643 0.0745 0.0878266 0.000620277 0.0754932 0.0868545 0.000301213 0.0774308 0.0864638 0.00255799 0.0774811 0.0863364 0.003 0.0760516 0.0880497 0.00145363 0.0754354 0.0884021 0.00146552 0.0754203 0.0872905 0.000452908 0.0772306 0.0869463 0.00219476 0.0773784 0.0867773 0.00266704 0.0774246 0.0866683 0.003 0.0746755 0.0879641 0.000739161 0.0753079 0.0876943 0.000659767 0.0772976 0.0870675 0.00281574 0.0772028 0.0873019 0.003 0.077012 0.087586 0.00258245 0.0771366 0.087284 0.00236777 0.0745 0.0881213 0.00087868 0.0751589 0.0880554 0.000916449 0.0767572 0.0877968 0.00217733 0.0773315 0.0869912 0.003 0.0749773 0.0883645 0.00121633 0.0765885 0.0880837 0.00245576 0.0768601 0.0878445 0.00283326 0.0770398 0.0875966 0.003 0.0745 0.0883802 0.00117397 0.0745 0.0885983 0.00150051 0.0747676 0.0886136 0.00155165 0.0745 0.0887719 0.00185264 0.0763938 0.088315 0.00276711 0.0766213 0.0881213 0.003 0.076845 0.087871 0.003 0.0760954 0.0885405 0.003 0.0763701 0.0883458 0.003 0.0754906 0.0888317 0.003 0.0758012 0.0887031 0.003 0.0751669 0.0889249 0.003 0.0745 0.0881213 0.00087868 0.0745 0.0883802 0.00117397 -0.0745 0.0881213 0.00087868 0.0745 0.0878266 0.000620277 -0.0745 0.0877634 0.000572949 -0.0745 0.087362 0.00032698 0.0745 0.0875006 0.00040233 -0.0745 0.086927 0.00014683 0.0745 0.0871487 0.000228678 0.0745 0.086777 0.000102393 -0.0745 0.0864693 3.6935e-05 -0.0745 0.086 0 0.0745 0.0863919 2.57124e-05 0.0745 0.086 0 -0.0745 0.088427 0.00123664 0.0745 0.0885983 0.00150051 -0.0745 0.088673 0.00163803 -0.0745 0.0888532 0.00207295 0.0745 0.0887719 0.00185264 0.0745 0.0888979 0.00222425 -0.0745 0.0889631 0.0025307 0.0745 0.0889743 0.00260811 -0.0745 0.089 0.003 0.0745 0.089 0.003 -0.0760966 0.0885398 0.003 -0.0762634 0.088427 0.048 -0.076371 0.088345 0.003 -0.075862 0.088673 0.048 -0.0758019 0.0887028 0.003 -0.0754912 0.0888315 0.003 -0.075427 0.0888532 0.048 -0.0749693 0.0889631 0.048 -0.0751683 0.0889246 0.003 -0.0748364 0.0889811 0.003 -0.0745 0.089 0.048 -0.0745 0.089 0.003 -0.0766213 0.0881213 0.048 -0.0766213 0.0881213 0.003 -0.0768458 0.0878701 0.003 -0.0769271 0.0877634 0.048 -0.0770405 0.0875954 0.003 -0.0772031 0.0873012 0.003 -0.077173 0.087362 0.048 -0.0773317 0.0869906 0.003 -0.0773532 0.086927 0.048 -0.0774631 0.0864693 0.048 -0.0774249 0.0866669 0.003 -0.0775 0.086 0.048 -0.0774811 0.0863364 0.003 -0.0775 0.086 0.003 -0.0745 0.087362 0.00032698 -0.0745 0.0877634 0.000572949 -0.0748787 0.0874987 0.000428888 -0.0752611 0.0882655 0.00118666 -0.0753174 0.0878946 0.000822327 -0.0748076 0.0882968 0.00109476 -0.0747574 0.0885969 0.00152011 -0.0745 0.088673 0.00163803 -0.0746994 0.088818 0.00199043 -0.0745 0.088427 0.00123664 -0.0745 0.0881213 0.00087868 -0.0748484 0.087927 0.000727296 -0.0745 0.0888532 0.00207295 -0.0746353 0.0889535 0.00249142 -0.0751817 0.0885675 0.0016061 -0.0750816 0.0887916 0.00206788 -0.0755866 0.0884998 0.00174694 -0.0745 0.0889631 0.0025307 -0.0745 0.089 0.003 -0.0748974 0.0870248 0.000208601 -0.0745 0.086927 0.00014683 -0.0753488 0.0874662 0.000524157 -0.0749041 0.0865197 7.31285e-05 -0.0748919 0.086 2.57124e-05 -0.075277 0.086 0.000102393 -0.0745 0.0864693 3.6935e-05 -0.0756938 0.0881931 0.0013372 -0.0761792 0.0877045 0.00119025 -0.0757648 0.0878198 0.000977984 -0.0745 0.086 0 -0.0757974 0.0873912 0.000680203 -0.0759615 0.0883955 0.00193901 -0.0764529 0.0879338 0.00179721 -0.0760945 0.0880816 0.00154249 -0.0762127 0.0872756 0.000892997 -0.0765842 0.0871223 0.00115704 -0.0768668 0.0873652 0.00176134 -0.0767596 0.0877535 0.0020948 -0.0771224 0.08715 0.00210543 -0.0773099 0.0869117 0.00247701 -0.0770068 0.0875454 0.00242757 -0.0771881 0.0873149 0.00278693 -0.0773463 0.0864808 0.00218298 -0.0771584 0.0867197 0.00181047 -0.077461 0.0862247 0.00257342 -0.0773979 0.086 0.00222425 -0.0775 0.086 0.003 -0.0774743 0.086 0.00260811 -0.0774811 0.0863364 0.003 -0.0774243 0.0866562 0.00286648 -0.0756487 0.086 0.000228678 -0.0753342 0.08649 0.00016027 -0.0757444 0.0864214 0.000303003 -0.0760006 0.086 0.00040233 -0.0761244 0.0863157 0.000497643 -0.0763266 0.086 0.000620277 -0.0753545 0.0869932 0.000301213 -0.0749638 0.0889308 0.00255799 -0.0748364 0.0889811 0.003 -0.0765497 0.0875516 0.00145363 -0.0769021 0.0869354 0.00146552 -0.0757905 0.0869203 0.000452908 -0.0754463 0.0887306 0.00219476 -0.0752773 0.0888784 0.00266704 -0.0751683 0.0889246 0.003 -0.0764641 0.0861755 0.000739161 -0.0761943 0.0868079 0.000659767 -0.0755675 0.0887976 0.00281574 -0.0758019 0.0887028 0.003 -0.076086 0.088512 0.00258245 -0.075784 0.0886366 0.00236777 -0.0766213 0.086 0.00087868 -0.0765554 0.0866589 0.000916449 -0.0762968 0.0882572 0.00217733 -0.0754912 0.0888315 0.003 -0.0768645 0.0864773 0.00121633 -0.0765837 0.0880885 0.00245576 -0.0763445 0.0883601 0.00283326 -0.0760966 0.0885398 0.003 -0.0768802 0.086 0.00117397 -0.0770983 0.086 0.00150051 -0.0771136 0.0862676 0.00155165 -0.0772719 0.086 0.00185264 -0.076815 0.0878938 0.00276711 -0.0766213 0.0881213 0.003 -0.076371 0.088345 0.003 -0.0770405 0.0875954 0.003 -0.0768458 0.0878701 0.003 -0.0773317 0.0869906 0.003 -0.0772031 0.0873012 0.003 -0.0774249 0.0866669 0.003 -0.0765889 0.0369656 0.000845436 -0.0763263 0.0362641 0.000618459 -0.0763266 0.086 0.000620277 -0.0760006 0.086 0.00040233 -0.0760454 0.0355581 0.000427877 -0.0757508 0.0348479 0.000272649 -0.0756487 0.086 0.000228678 -0.0754466 0.0341366 0.000152688 -0.075277 0.086 0.000102393 -0.0748919 0.086 2.57124e-05 -0.075135 0.0334255 6.77902e-05 -0.0748195 0.0327133 1.68799e-05 -0.0745 0.086 0 -0.0745 0.032 0 -0.0766213 0.086 0.00087868 -0.0768323 0.0376635 0.00110982 -0.0768802 0.086 0.00117397 -0.0770983 0.086 0.00150051 -0.0770464 0.0383539 0.00141202 -0.0772719 0.086 0.00185264 -0.0772114 0.0390305 0.00176776 -0.0773659 0.039704 0.00213514 -0.0773979 0.086 0.00222425 -0.0774743 0.086 0.00260811 -0.0774396 0.040354 0.00256257 -0.0775 0.041 0.003 -0.0775 0.086 0.003 -0.0774396 -0.040354 0.00256257 -0.0775 -0.041 0.003 -0.0775 -0.086 0.003 -0.0770438 -0.0383529 0.00141212 -0.0772257 -0.0390345 0.00175224 -0.077173 -0.086 0.00163803 -0.0773701 -0.0397052 0.00213048 -0.0774631 -0.086 0.0025307 -0.0773532 -0.086 0.00207295 -0.0766213 -0.086 0.00087868 -0.0762634 -0.086 0.000572949 -0.076324 -0.0362639 0.00061898 -0.0769271 -0.086 0.00123664 -0.0768281 -0.0376618 0.00110999 -0.075862 -0.086 0.00032698 -0.075427 -0.086 0.00014683 -0.0757492 -0.034847 0.000272798 -0.0760428 -0.0355567 0.00042812 -0.0751345 -0.0334256 6.79191e-05 -0.0754448 -0.0341368 0.000153118 -0.0748195 -0.0327133 1.68799e-05 -0.0749693 -0.086 3.6935e-05 -0.0745 -0.086 0 -0.0745 -0.032 0 -0.0765866 -0.0369653 0.000845957 -0.0770398 -0.0875966 0.003 -0.0769271 -0.0877634 0.048 -0.076845 -0.087871 0.003 -0.077173 -0.087362 0.048 -0.0772028 -0.0873019 0.003 -0.0773315 -0.0869912 0.003 -0.0773532 -0.086927 0.048 -0.0774631 -0.0864693 0.048 -0.0774246 -0.0866683 0.003 -0.0774811 -0.0863364 0.003 -0.0775 -0.086 0.048 -0.0775 -0.086 0.003 -0.0766213 -0.0881213 0.048 -0.0766213 -0.0881213 0.003 -0.0763701 -0.0883458 0.003 -0.0762634 -0.088427 0.048 -0.0760954 -0.0885405 0.003 -0.0758012 -0.0887031 0.003 -0.075862 -0.088673 0.048 -0.0754906 -0.0888317 0.003 -0.075427 -0.0888532 0.048 -0.0749693 -0.0889631 0.048 -0.0751669 -0.0889249 0.003 -0.0745 -0.089 0.048 -0.0748364 -0.0889811 0.003 -0.0745 -0.089 0.003 -0.075862 -0.086 0.00032698 -0.0762634 -0.086 0.000572949 -0.0759987 -0.0863787 0.000428888 -0.0767655 -0.0867611 0.00118666 -0.0763946 -0.0868174 0.000822327 -0.0767968 -0.0863076 0.00109476 -0.0770969 -0.0862574 0.00152011 -0.077173 -0.086 0.00163803 -0.077318 -0.0861994 0.00199043 -0.0769271 -0.086 0.00123664 -0.0766213 -0.086 0.00087868 -0.076427 -0.0863484 0.000727296 -0.0773532 -0.086 0.00207295 -0.0774535 -0.0861353 0.00249142 -0.0770675 -0.0866817 0.0016061 -0.0772916 -0.0865816 0.00206788 -0.0769998 -0.0870866 0.00174694 -0.0774631 -0.086 0.0025307 -0.0775 -0.086 0.003 -0.0755248 -0.0863974 0.000208601 -0.075427 -0.086 0.00014683 -0.0759662 -0.0868488 0.000524157 -0.0750197 -0.0864041 7.31285e-05 -0.0745 -0.0863919 2.57124e-05 -0.0745 -0.086777 0.000102393 -0.0749693 -0.086 3.6935e-05 -0.0766931 -0.0871938 0.0013372 -0.0762045 -0.0876792 0.00119025 -0.0763198 -0.0872648 0.000977984 -0.0745 -0.086 0 -0.0758912 -0.0872974 0.000680203 -0.0768955 -0.0874615 0.00193901 -0.0764338 -0.0879529 0.00179721 -0.0765816 -0.0875945 0.00154249 -0.0757756 -0.0877127 0.000892997 -0.0756223 -0.0880842 0.00115704 -0.0758652 -0.0883668 0.00176134 -0.0762535 -0.0882596 0.0020948 -0.07565 -0.0886224 0.00210543 -0.0754117 -0.0888099 0.00247701 -0.0760454 -0.0885068 0.00242757 -0.0758149 -0.0886881 0.00278693 -0.0749808 -0.0888463 0.00218298 -0.0752197 -0.0886584 0.00181047 -0.0747247 -0.088961 0.00257342 -0.0745 -0.0888979 0.00222425 -0.0745 -0.089 0.003 -0.0745 -0.0889743 0.00260811 -0.0748364 -0.0889811 0.003 -0.0751562 -0.0889243 0.00286648 -0.0745 -0.0871487 0.000228678 -0.07499 -0.0868342 0.00016027 -0.0749214 -0.0872444 0.000303003 -0.0745 -0.0875006 0.00040233 -0.0748157 -0.0876244 0.000497643 -0.0745 -0.0878266 0.000620277 -0.0754932 -0.0868545 0.000301213 -0.0774308 -0.0864638 0.00255799 -0.0774811 -0.0863364 0.003 -0.0760516 -0.0880497 0.00145363 -0.0754354 -0.0884021 0.00146552 -0.0754203 -0.0872905 0.000452908 -0.0772306 -0.0869463 0.00219476 -0.0773784 -0.0867773 0.00266704 -0.0774246 -0.0866683 0.003 -0.0746755 -0.0879641 0.000739161 -0.0753079 -0.0876943 0.000659767 -0.0772976 -0.0870675 0.00281574 -0.0772028 -0.0873019 0.003 -0.077012 -0.087586 0.00258245 -0.0771366 -0.087284 0.00236777 -0.0745 -0.0881213 0.00087868 -0.0751589 -0.0880554 0.000916449 -0.0767572 -0.0877968 0.00217733 -0.0773315 -0.0869912 0.003 -0.0749773 -0.0883645 0.00121633 -0.0765885 -0.0880837 0.00245576 -0.0768601 -0.0878445 0.00283326 -0.0770398 -0.0875966 0.003 -0.0745 -0.0883802 0.00117397 -0.0745 -0.0885983 0.00150051 -0.0747676 -0.0886136 0.00155165 -0.0745 -0.0887719 0.00185264 -0.0763938 -0.088315 0.00276711 -0.0766213 -0.0881213 0.003 -0.076845 -0.087871 0.003 -0.0760954 -0.0885405 0.003 -0.0763701 -0.0883458 0.003 -0.0754906 -0.0888317 0.003 -0.0758012 -0.0887031 0.003 -0.0751669 -0.0889249 0.003 0.075135 -0.0334255 6.77902e-05 0.0749693 -0.086 3.6935e-05 0.075427 -0.086 0.00014683 0.0745 -0.086 0 0.0748195 -0.0327133 1.68799e-05 0.0745 -0.032 0 0.075862 -0.086 0.00032698 0.0760454 -0.0355581 0.000427877 0.0757508 -0.0348479 0.000272649 0.0754466 -0.0341366 0.000152688 0.0765889 -0.0369656 0.000845436 0.0766213 -0.086 0.00087868 0.0768323 -0.0376635 0.00110982 0.0762634 -0.086 0.000572949 0.0763263 -0.0362641 0.000618459 0.0772114 -0.0390305 0.00176776 0.077173 -0.086 0.00163803 0.0773532 -0.086 0.00207295 0.0770464 -0.0383539 0.00141202 0.0769271 -0.086 0.00123664 0.0774631 -0.086 0.0025307 0.0773659 -0.039704 0.00213514 0.0775 -0.086 0.003 0.0774396 -0.040354 0.00256257 0.0775 -0.041 0.003 0.0745 -0.087871 0.000654971 -0.0745 -0.0878266 0.000620277 -0.0745 -0.0881213 0.00087868 -0.0745 -0.0875006 0.00040233 0.0745 -0.0875966 0.000460216 0.0745 -0.0873019 0.000297215 -0.0745 -0.0871487 0.000228678 0.0745 -0.0869912 0.000168536 -0.0745 -0.086777 0.000102393 -0.0745 -0.0863919 2.57124e-05 0.0745 -0.0866683 7.54303e-05 0.0745 -0.0863364 1.89371e-05 -0.0745 -0.086 0 0.0745 -0.086 0 0.0745 -0.0881213 0.00087868 0.0745 -0.0883458 0.00112994 -0.0745 -0.0883802 0.00117397 -0.0745 -0.0885983 0.00150051 0.0745 -0.0885405 0.00140456 -0.0745 -0.0887719 0.00185264 0.0745 -0.0887031 0.00169876 0.0745 -0.0888317 0.00200942 -0.0745 -0.0888979 0.00222425 -0.0745 -0.0889743 0.00260811 0.0745 -0.0889249 0.0023331 -0.0745 -0.089 0.003 0.0745 -0.0889811 0.0026636 0.0745 -0.089 0.003 0.077173 -0.086 0.00163803 0.0769271 -0.086 0.00123664 0.0770711 -0.0863787 0.00150134 0.0763133 -0.0867611 0.000734496 0.0766777 -0.0868174 0.00110537 0.0764052 -0.0863076 0.000703163 0.0759799 -0.0862574 0.000403139 0.075862 -0.086 0.00032698 0.0755096 -0.0861994 0.000182019 0.0762634 -0.086 0.000572949 0.0766213 -0.086 0.00087868 0.0767727 -0.0863484 0.00107297 0.075427 -0.086 0.00014683 0.0750086 -0.0861353 4.65201e-05 0.0758939 -0.0866817 0.000432454 0.0754321 -0.0865816 0.000208425 0.0757531 -0.0870866 0.000500161 0.0749693 -0.086 3.6935e-05 0.0745 -0.086 0 0.0772914 -0.0863974 0.00197524 0.0773532 -0.086 0.00207295 0.0769758 -0.0868488 0.00153382 0.0774269 -0.0864041 0.00248027 0.0774743 -0.0863919 0.003 0.0773976 -0.086777 0.003 0.0774631 -0.086 0.0025307 0.0761628 -0.0871938 0.000806862 0.0763098 -0.0876792 0.00129552 0.076522 -0.0872648 0.0011802 0.0775 -0.086 0.003 0.0768198 -0.0872974 0.00160883 0.075561 -0.0874615 0.000604512 0.0757028 -0.0879529 0.00106621 0.0759575 -0.0875945 0.000918394 0.076607 -0.0877127 0.00172444 0.076343 -0.0880842 0.00187767 0.0757387 -0.0883668 0.00163478 0.0754052 -0.0882596 0.0012465 0.0753946 -0.0886224 0.00184996 0.075023 -0.0888099 0.00208834 0.0750724 -0.0885068 0.0014546 0.0747131 -0.0886881 0.00168513 0.075317 -0.0888463 0.00251924 0.0756895 -0.0886584 0.00228027 0.0749266 -0.088961 0.0027753 0.0752757 -0.0888979 0.003 0.0745 -0.089 0.003 0.0748919 -0.0889743 0.003 0.0745 -0.0889811 0.0026636 0.0746335 -0.0889243 0.00234376 0.0772713 -0.0871487 0.003 0.0773397 -0.0868342 0.00250998 0.077197 -0.0872444 0.00257859 0.0770977 -0.0875006 0.003 0.0770024 -0.0876244 0.00268434 0.0768797 -0.0878266 0.003 0.0771988 -0.0868545 0.00200681 0.074942 -0.0864638 6.92164e-05 0.0745 -0.0863364 1.89371e-05 0.0760464 -0.0880497 0.00144837 0.0760345 -0.0884021 0.00206455 0.0770471 -0.0872905 0.00207973 0.0753052 -0.0869463 0.000269416 0.074833 -0.0867773 0.000121637 0.0745 -0.0866683 7.54303e-05 0.0767608 -0.0879641 0.0028245 0.0768402 -0.0876943 0.00219212 0.0746843 -0.0870675 0.000202428 0.0745 -0.0873019 0.000297215 0.0749175 -0.087586 0.000487995 0.0751322 -0.087284 0.000363414 0.0766213 -0.0881213 0.003 0.0765835 -0.0880554 0.00234107 0.0753227 -0.0877968 0.000742812 0.0745 -0.0869912 0.000168536 0.0762837 -0.0883645 0.00252274 0.0750442 -0.0880837 0.000911489 0.0746667 -0.0878445 0.000639939 0.0745 -0.0875966 0.000460216 0.076326 -0.0883802 0.003 0.0759995 -0.0885983 0.003 0.0759484 -0.0886136 0.00273244 0.0756474 -0.0887719 0.003 0.0747329 -0.088315 0.00110619 0.0745 -0.0881213 0.00087868 0.0745 -0.087871 0.000654971 0.0745 -0.0885405 0.00140456 0.0745 -0.0883458 0.00112994 0.0745 -0.0888317 0.00200942 0.0745 -0.0887031 0.00169876 0.0745 -0.0889249 0.0023331 0.076326 -0.0883802 0.003 0.0762634 -0.088427 0.048 0.0766213 -0.0881213 0.048 0.075862 -0.088673 0.048 0.0759995 -0.0885983 0.003 0.0756474 -0.0887719 0.003 0.075427 -0.0888532 0.048 0.0752757 -0.0888979 0.003 0.0749693 -0.0889631 0.048 0.0745 -0.089 0.048 0.0748919 -0.0889743 0.003 0.0745 -0.089 0.003 0.0766213 -0.0881213 0.003 0.0769271 -0.0877634 0.048 0.0768797 -0.0878266 0.003 0.077173 -0.087362 0.048 0.0770977 -0.0875006 0.003 0.0772713 -0.0871487 0.003 0.0773532 -0.086927 0.048 0.0774631 -0.0864693 0.048 0.0773976 -0.086777 0.003 0.0775 -0.086 0.048 0.0774743 -0.0863919 0.003 0.0775 -0.086 0.003 -0.145 -0.0045 0.036138 -0.141 0.0045 0.036138 -0.145 0.0045 0.036138 -0.141 -0.0045 0.036138 -0.145 0.0045 0.036138 -0.141 0.0045 0.036138 -0.141 0.0045 0.027138 -0.145 0.0045 0.027138 -0.141 0.0045 0.027138 -0.141 -0.0045 0.027138 -0.145 -0.0045 0.027138 -0.145 0.0045 0.027138 -0.141 -0.0045 0.027138 -0.141 -0.0045 0.036138 -0.145 -0.0045 0.036138 -0.145 -0.0045 0.027138 -0.141 0.0045 0.036138 -0.141 -0.0045 0.027138 -0.141 0.0045 0.027138 -0.141 -0.0045 0.036138 -0.14 -0.0103141 0.0327222 -0.145 -0.0105 0.032738 -0.14 -0.0105 0.032738 -0.14 -0.00980896 0.0324938 -0.145 -0.00996354 0.0325983 -0.14 -0.00996354 0.0325983 -0.14 -0.0101335 0.0326752 -0.145 -0.0101335 0.0326752 -0.145 -0.0103141 0.0327222 -0.145 -0.00956332 0.0322147 -0.14 -0.00956332 0.0322147 -0.14 -0.00947932 0.0320481 -0.145 -0.00980896 0.0324938 -0.14 -0.00967426 0.0323647 -0.145 -0.00967426 0.0323647 -0.14 -0.00940099 0.0316847 -0.14 -0.00940891 0.0314983 -0.145 -0.00940099 0.0316847 -0.14 -0.00942469 0.0318697 -0.145 -0.00942469 0.0318697 -0.145 -0.00947932 0.0320481 -0.14 -0.0096156 0.0309839 -0.145 -0.00951778 0.0311428 -0.14 -0.00951778 0.0311428 -0.145 -0.00944822 0.0313159 -0.145 -0.00940891 0.0314983 -0.14 -0.00944822 0.0313159 -0.145 -0.00988403 0.0307266 -0.14 -0.00988403 0.0307266 -0.14 -0.0100469 0.0306356 -0.145 -0.0096156 0.0309839 -0.14 -0.00973887 0.0308438 -0.145 -0.00973887 0.0308438 -0.14 -0.0104067 0.030542 -0.14 -0.0105933 0.030542 -0.145 -0.0104067 0.030542 -0.14 -0.0102228 0.0305735 -0.145 -0.0102228 0.0305735 -0.145 -0.0100469 0.0306356 -0.14 -0.011116 0.0307266 -0.145 -0.0109531 0.0306356 -0.14 -0.0109531 0.0306356 -0.145 -0.0107772 0.0305735 -0.145 -0.0105933 0.030542 -0.14 -0.0107772 0.0305735 -0.145 -0.0113844 0.0309839 -0.14 -0.0113844 0.0309839 -0.14 -0.0114822 0.0311428 -0.145 -0.011116 0.0307266 -0.14 -0.0112611 0.0308438 -0.145 -0.0112611 0.0308438 -0.14 -0.0115911 0.0314983 -0.14 -0.011599 0.0316847 -0.145 -0.0115911 0.0314983 -0.14 -0.0115518 0.0313159 -0.145 -0.0115518 0.0313159 -0.145 -0.0114822 0.0311428 -0.145 -0.011599 0.0316847 -0.14 -0.0115753 0.0318697 -0.145 -0.0115753 0.0318697 -0.145 -0.0115207 0.0320481 -0.14 -0.0115207 0.0320481 -0.14 -0.0114367 0.0322147 -0.145 -0.0114367 0.0322147 -0.14 -0.0113257 0.0323647 -0.145 -0.0113257 0.0323647 -0.145 -0.011191 0.0324938 -0.14 -0.011191 0.0324938 -0.14 -0.0110365 0.0325983 -0.145 -0.0110365 0.0325983 -0.14 -0.0108665 0.0326752 -0.145 -0.0108665 0.0326752 -0.145 -0.0106859 0.0327222 -0.14 -0.0106859 0.0327222 -0.14 -0.0109531 0.0306356 -0.14 -0.00947932 0.0320481 -0.14 -0.00956332 0.0322147 -0.14 -0.0112611 0.0308438 -0.14 -0.00980896 0.0324938 -0.14 -0.0113844 0.0309839 -0.14 -0.00940891 0.0314983 -0.14 -0.00940099 0.0316847 -0.14 -0.0104067 0.030542 -0.14 -0.0105933 0.030542 -0.14 -0.00942469 0.0318697 -0.14 -0.0107772 0.0305735 -0.14 -0.0102228 0.0305735 -0.14 -0.0100469 0.0306356 -0.14 -0.00944822 0.0313159 -0.14 -0.0096156 0.0309839 -0.14 -0.00988403 0.0307266 -0.14 -0.00973887 0.0308438 -0.14 -0.00951778 0.0311428 -0.14 -0.011116 0.0307266 -0.14 -0.00967426 0.0323647 -0.14 -0.00996354 0.0325983 -0.14 -0.0101335 0.0326752 -0.14 -0.0114822 0.0311428 -0.14 -0.0115518 0.0313159 -0.14 -0.0103141 0.0327222 -0.14 -0.0105 0.032738 -0.14 -0.0115911 0.0314983 -0.14 -0.011599 0.0316847 -0.14 -0.0108665 0.0326752 -0.14 -0.0110365 0.0325983 -0.14 -0.0115207 0.0320481 -0.14 -0.0106859 0.0327222 -0.14 -0.0115753 0.0318697 -0.14 -0.011191 0.0324938 -0.14 -0.0114367 0.0322147 -0.14 -0.0113257 0.0323647 -0.14 0.0106859 0.0202222 -0.145 0.0105 0.020238 -0.14 0.0105 0.020238 -0.14 0.011191 0.0199938 -0.145 0.0110365 0.0200983 -0.14 0.0110365 0.0200983 -0.14 0.0108665 0.0201752 -0.145 0.0108665 0.0201752 -0.145 0.0106859 0.0202222 -0.145 0.0114367 0.0197147 -0.14 0.0114367 0.0197147 -0.14 0.0115207 0.0195481 -0.145 0.011191 0.0199938 -0.14 0.0113257 0.0198647 -0.145 0.0113257 0.0198647 -0.14 0.011599 0.0191847 -0.14 0.0115911 0.0189983 -0.145 0.011599 0.0191847 -0.14 0.0115753 0.0193697 -0.145 0.0115753 0.0193697 -0.145 0.0115207 0.0195481 -0.14 0.0113844 0.0184839 -0.145 0.0114822 0.0186428 -0.14 0.0114822 0.0186428 -0.145 0.0115518 0.0188159 -0.145 0.0115911 0.0189983 -0.14 0.0115518 0.0188159 -0.145 0.011116 0.0182266 -0.14 0.011116 0.0182266 -0.14 0.0109531 0.0181356 -0.145 0.0113844 0.0184839 -0.14 0.0112611 0.0183438 -0.145 0.0112611 0.0183438 -0.14 0.0105933 0.018042 -0.14 0.0104067 0.018042 -0.145 0.0105933 0.018042 -0.14 0.0107772 0.0180735 -0.145 0.0107772 0.0180735 -0.145 0.0109531 0.0181356 -0.14 0.00988403 0.0182266 -0.145 0.0100469 0.0181356 -0.14 0.0100469 0.0181356 -0.145 0.0102228 0.0180735 -0.145 0.0104067 0.018042 -0.14 0.0102228 0.0180735 -0.145 0.0096156 0.0184839 -0.14 0.0096156 0.0184839 -0.14 0.00951778 0.0186428 -0.145 0.00988403 0.0182266 -0.14 0.00973887 0.0183438 -0.145 0.00973887 0.0183438 -0.14 0.00940891 0.0189983 -0.14 0.00940099 0.0191847 -0.145 0.00940891 0.0189983 -0.14 0.00944822 0.0188159 -0.145 0.00944822 0.0188159 -0.145 0.00951778 0.0186428 -0.145 0.00940099 0.0191847 -0.14 0.00942469 0.0193697 -0.145 0.00942469 0.0193697 -0.145 0.00947932 0.0195481 -0.14 0.00947932 0.0195481 -0.14 0.00956332 0.0197147 -0.145 0.00956332 0.0197147 -0.14 0.00967426 0.0198647 -0.145 0.00967426 0.0198647 -0.145 0.00980896 0.0199938 -0.14 0.00980896 0.0199938 -0.14 0.00996354 0.0200983 -0.145 0.00996354 0.0200983 -0.14 0.0101335 0.0201752 -0.145 0.0101335 0.0201752 -0.145 0.0103141 0.0202222 -0.14 0.0103141 0.0202222 -0.14 0.0100469 0.0181356 -0.14 0.0115207 0.0195481 -0.14 0.0114367 0.0197147 -0.14 0.00973887 0.0183438 -0.14 0.011191 0.0199938 -0.14 0.0096156 0.0184839 -0.14 0.0115911 0.0189983 -0.14 0.011599 0.0191847 -0.14 0.0105933 0.018042 -0.14 0.0104067 0.018042 -0.14 0.0115753 0.0193697 -0.14 0.0102228 0.0180735 -0.14 0.0107772 0.0180735 -0.14 0.0109531 0.0181356 -0.14 0.0115518 0.0188159 -0.14 0.0113844 0.0184839 -0.14 0.011116 0.0182266 -0.14 0.0112611 0.0183438 -0.14 0.0114822 0.0186428 -0.14 0.00988403 0.0182266 -0.14 0.0113257 0.0198647 -0.14 0.0110365 0.0200983 -0.14 0.0108665 0.0201752 -0.14 0.00951778 0.0186428 -0.14 0.00944822 0.0188159 -0.14 0.0106859 0.0202222 -0.14 0.0105 0.020238 -0.14 0.00940891 0.0189983 -0.14 0.00940099 0.0191847 -0.14 0.0101335 0.0201752 -0.14 0.00996354 0.0200983 -0.14 0.00947932 0.0195481 -0.14 0.0103141 0.0202222 -0.14 0.00942469 0.0193697 -0.14 0.00980896 0.0199938 -0.14 0.00956332 0.0197147 -0.14 0.00967426 0.0198647 -0.14 -0.0103141 0.0202222 -0.145 -0.0105 0.020238 -0.14 -0.0105 0.020238 -0.14 -0.00980896 0.0199938 -0.145 -0.00996354 0.0200983 -0.14 -0.00996354 0.0200983 -0.14 -0.0101335 0.0201752 -0.145 -0.0101335 0.0201752 -0.145 -0.0103141 0.0202222 -0.145 -0.00956332 0.0197147 -0.14 -0.00956332 0.0197147 -0.14 -0.00947932 0.0195481 -0.145 -0.00980896 0.0199938 -0.14 -0.00967426 0.0198647 -0.145 -0.00967426 0.0198647 -0.14 -0.00940099 0.0191847 -0.14 -0.00940891 0.0189983 -0.145 -0.00940099 0.0191847 -0.14 -0.00942469 0.0193697 -0.145 -0.00942469 0.0193697 -0.145 -0.00947932 0.0195481 -0.14 -0.0096156 0.0184839 -0.145 -0.00951778 0.0186428 -0.14 -0.00951778 0.0186428 -0.145 -0.00944822 0.0188159 -0.145 -0.00940891 0.0189983 -0.14 -0.00944822 0.0188159 -0.145 -0.00988403 0.0182266 -0.14 -0.00988403 0.0182266 -0.14 -0.0100469 0.0181356 -0.145 -0.0096156 0.0184839 -0.14 -0.00973887 0.0183438 -0.145 -0.00973887 0.0183438 -0.14 -0.0104067 0.018042 -0.14 -0.0105933 0.018042 -0.145 -0.0104067 0.018042 -0.14 -0.0102228 0.0180735 -0.145 -0.0102228 0.0180735 -0.145 -0.0100469 0.0181356 -0.14 -0.011116 0.0182266 -0.145 -0.0109531 0.0181356 -0.14 -0.0109531 0.0181356 -0.145 -0.0107772 0.0180735 -0.145 -0.0105933 0.018042 -0.14 -0.0107772 0.0180735 -0.145 -0.0113844 0.0184839 -0.14 -0.0113844 0.0184839 -0.14 -0.0114822 0.0186428 -0.145 -0.011116 0.0182266 -0.14 -0.0112611 0.0183438 -0.145 -0.0112611 0.0183438 -0.14 -0.0115911 0.0189983 -0.14 -0.011599 0.0191847 -0.145 -0.0115911 0.0189983 -0.14 -0.0115518 0.0188159 -0.145 -0.0115518 0.0188159 -0.145 -0.0114822 0.0186428 -0.145 -0.011599 0.0191847 -0.14 -0.0115753 0.0193697 -0.145 -0.0115753 0.0193697 -0.145 -0.0115207 0.0195481 -0.14 -0.0115207 0.0195481 -0.14 -0.0114367 0.0197147 -0.145 -0.0114367 0.0197147 -0.14 -0.0113257 0.0198647 -0.145 -0.0113257 0.0198647 -0.145 -0.011191 0.0199938 -0.14 -0.011191 0.0199938 -0.14 -0.0110365 0.0200983 -0.145 -0.0110365 0.0200983 -0.14 -0.0108665 0.0201752 -0.145 -0.0108665 0.0201752 -0.145 -0.0106859 0.0202222 -0.14 -0.0106859 0.0202222 -0.14 -0.0109531 0.0181356 -0.14 -0.00947932 0.0195481 -0.14 -0.00956332 0.0197147 -0.14 -0.0112611 0.0183438 -0.14 -0.00980896 0.0199938 -0.14 -0.0113844 0.0184839 -0.14 -0.00940891 0.0189983 -0.14 -0.00940099 0.0191847 -0.14 -0.0104067 0.018042 -0.14 -0.0105933 0.018042 -0.14 -0.00942469 0.0193697 -0.14 -0.0107772 0.0180735 -0.14 -0.0102228 0.0180735 -0.14 -0.0100469 0.0181356 -0.14 -0.00944822 0.0188159 -0.14 -0.0096156 0.0184839 -0.14 -0.00988403 0.0182266 -0.14 -0.00973887 0.0183438 -0.14 -0.00951778 0.0186428 -0.14 -0.011116 0.0182266 -0.14 -0.00967426 0.0198647 -0.14 -0.00996354 0.0200983 -0.14 -0.0101335 0.0201752 -0.14 -0.0114822 0.0186428 -0.14 -0.0115518 0.0188159 -0.14 -0.0103141 0.0202222 -0.14 -0.0105 0.020238 -0.14 -0.0115911 0.0189983 -0.14 -0.011599 0.0191847 -0.14 -0.0108665 0.0201752 -0.14 -0.0110365 0.0200983 -0.14 -0.0115207 0.0195481 -0.14 -0.0106859 0.0202222 -0.14 -0.0115753 0.0193697 -0.14 -0.011191 0.0199938 -0.14 -0.0114367 0.0197147 -0.14 -0.0113257 0.0198647 -0.14 0.0106859 0.0327222 -0.145 0.0105 0.032738 -0.14 0.0105 0.032738 -0.14 0.011191 0.0324938 -0.145 0.0110365 0.0325983 -0.14 0.0110365 0.0325983 -0.14 0.0108665 0.0326752 -0.145 0.0108665 0.0326752 -0.145 0.0106859 0.0327222 -0.145 0.0114367 0.0322147 -0.14 0.0114367 0.0322147 -0.14 0.0115207 0.0320481 -0.145 0.011191 0.0324938 -0.14 0.0113257 0.0323647 -0.145 0.0113257 0.0323647 -0.14 0.011599 0.0316847 -0.14 0.0115911 0.0314983 -0.145 0.011599 0.0316847 -0.14 0.0115753 0.0318697 -0.145 0.0115753 0.0318697 -0.145 0.0115207 0.0320481 -0.14 0.0113844 0.0309839 -0.145 0.0114822 0.0311428 -0.14 0.0114822 0.0311428 -0.145 0.0115518 0.0313159 -0.145 0.0115911 0.0314983 -0.14 0.0115518 0.0313159 -0.145 0.011116 0.0307266 -0.14 0.011116 0.0307266 -0.14 0.0109531 0.0306356 -0.145 0.0113844 0.0309839 -0.14 0.0112611 0.0308438 -0.145 0.0112611 0.0308438 -0.14 0.0105933 0.030542 -0.14 0.0104067 0.030542 -0.145 0.0105933 0.030542 -0.14 0.0107772 0.0305735 -0.145 0.0107772 0.0305735 -0.145 0.0109531 0.0306356 -0.14 0.00988403 0.0307266 -0.145 0.0100469 0.0306356 -0.14 0.0100469 0.0306356 -0.145 0.0102228 0.0305735 -0.145 0.0104067 0.030542 -0.14 0.0102228 0.0305735 -0.145 0.0096156 0.0309839 -0.14 0.0096156 0.0309839 -0.14 0.00951778 0.0311428 -0.145 0.00988403 0.0307266 -0.14 0.00973887 0.0308438 -0.145 0.00973887 0.0308438 -0.14 0.00940891 0.0314983 -0.14 0.00940099 0.0316847 -0.145 0.00940891 0.0314983 -0.14 0.00944822 0.0313159 -0.145 0.00944822 0.0313159 -0.145 0.00951778 0.0311428 -0.145 0.00940099 0.0316847 -0.14 0.00942469 0.0318697 -0.145 0.00942469 0.0318697 -0.145 0.00947932 0.0320481 -0.14 0.00947932 0.0320481 -0.14 0.00956332 0.0322147 -0.145 0.00956332 0.0322147 -0.14 0.00967426 0.0323647 -0.145 0.00967426 0.0323647 -0.145 0.00980896 0.0324938 -0.14 0.00980896 0.0324938 -0.14 0.00996354 0.0325983 -0.145 0.00996354 0.0325983 -0.14 0.0101335 0.0326752 -0.145 0.0101335 0.0326752 -0.145 0.0103141 0.0327222 -0.14 0.0103141 0.0327222 -0.14 0.0100469 0.0306356 -0.14 0.0115207 0.0320481 -0.14 0.0114367 0.0322147 -0.14 0.00973887 0.0308438 -0.14 0.011191 0.0324938 -0.14 0.0096156 0.0309839 -0.14 0.0115911 0.0314983 -0.14 0.011599 0.0316847 -0.14 0.0105933 0.030542 -0.14 0.0104067 0.030542 -0.14 0.0115753 0.0318697 -0.14 0.0102228 0.0305735 -0.14 0.0107772 0.0305735 -0.14 0.0109531 0.0306356 -0.14 0.0115518 0.0313159 -0.14 0.0113844 0.0309839 -0.14 0.011116 0.0307266 -0.14 0.0112611 0.0308438 -0.14 0.0114822 0.0311428 -0.14 0.00988403 0.0307266 -0.14 0.0113257 0.0323647 -0.14 0.0110365 0.0325983 -0.14 0.0108665 0.0326752 -0.14 0.00951778 0.0311428 -0.14 0.00944822 0.0313159 -0.14 0.0106859 0.0327222 -0.14 0.0105 0.032738 -0.14 0.00940891 0.0314983 -0.14 0.00940099 0.0316847 -0.14 0.0101335 0.0326752 -0.14 0.00996354 0.0325983 -0.14 0.00947932 0.0320481 -0.14 0.0103141 0.0327222 -0.14 0.00942469 0.0318697 -0.14 0.00980896 0.0324938 -0.14 0.00956332 0.0322147 -0.14 0.00967426 0.0323647 0.133704 -0.0366302 0.000733192 0.0763263 -0.0362641 0.000618459 0.0765889 -0.0369656 0.000845436 0.0775 -0.041 0.003 0.137695 -0.0416189 0.00349165 0.137164 -0.0409551 0.00296777 0.0760454 -0.0355581 0.000427877 0.133097 -0.0358709 0.000508477 0.132483 -0.0351043 0.000325086 0.0757508 -0.0348479 0.000272649 0.131866 -0.0343326 0.000182712 0.0754466 -0.0341366 0.000152688 0.075135 -0.0334255 6.77902e-05 0.131246 -0.033558 8.10726e-05 0.130624 -0.0327805 2.01687e-05 0.0748195 -0.0327133 1.68799e-05 0.13 -0.032 0 0.0745 -0.032 0 0.134306 -0.0373824 0.000999279 0.0768323 -0.0376635 0.00110982 0.134899 -0.0381232 0.00130765 0.0770464 -0.0383539 0.00141202 0.135484 -0.0388545 0.00165789 0.136056 -0.0395699 0.00205144 0.0772114 -0.0390305 0.00176776 0.0773659 -0.039704 0.00213514 0.136618 -0.0402719 0.00248774 0.0774396 -0.040354 0.00256257 0.0775 -0.0426152 0.00440201 0.138208 -0.0422605 0.00405953 0.0775 -0.0418349 0.00367442 0.139615 -0.0440188 0.00602835 0.139172 -0.0434647 0.00532824 0.0775 -0.0440145 0.00601946 0.0775 -0.0433452 0.00518778 0.138701 -0.0428757 0.00467184 0.0775 -0.0451696 0.00781946 0.0775 -0.045648 0.00877719 0.140768 -0.0454606 0.00838348 0.140034 -0.044542 0.00677234 0.0775 -0.0446249 0.00690033 0.140417 -0.0450209 0.00755696 0.141353 -0.0461908 0.0101454 0.0775 -0.046394 0.0107802 0.141559 -0.0464482 0.0110889 0.141081 -0.045851 0.00924648 0.0775 -0.0460569 0.00976535 0.0775 -0.0466584 0.0118176 0.0775 -0.0468475 0.0128666 0.141727 -0.0466592 0.0120494 0.0775 -0.0469614 0.0139275 0.14187 -0.0468378 0.0130175 0.141935 -0.0469189 0.0140088 0.0775 -0.047 0.015 0.142 -0.047 0.015 0.141976 -0.0469698 0.0140658 0.142 -0.047 0.015 0.142469 -0.046963 0.015 0.143649 -0.0463068 0.013052 0.143253 -0.0465524 0.0130703 0.143763 -0.0464271 0.015 0.143654 -0.0456544 0.0111408 0.144307 -0.0456492 0.013052 0.143951 -0.0453117 0.0111521 0.143362 -0.046673 0.015 0.142374 -0.0468479 0.0131411 0.141908 -0.0468845 0.0131451 0.141795 -0.046744 0.012238 0.141627 -0.0459448 0.00955706 0.140992 -0.0451783 0.0078909 0.140927 -0.0456589 0.00879926 0.142825 -0.0467343 0.0131002 0.142927 -0.0468532 0.015 0.141203 -0.0460035 0.00962057 0.140279 -0.0448491 0.00725787 0.140619 -0.0452739 0.00801149 0.142091 -0.0465056 0.0113163 0.141439 -0.0462987 0.0104665 0.144121 -0.0461213 0.015 0.142765 -0.0453755 0.00934157 0.143312 -0.0459514 0.0111521 0.144003 -0.0460032 0.0130459 0.144427 -0.0457634 0.015 0.144734 -0.0448247 0.0131002 0.144848 -0.0443741 0.0131411 0.144382 -0.044521 0.0112408 0.144673 -0.0453619 0.015 0.144552 -0.0452531 0.0130703 0.144853 -0.0449271 0.015 0.144963 -0.0444693 0.015 0.144196 -0.044931 0.0111857 0.14497 -0.0439758 0.0140654 0.145 -0.044 0.015 0.142062 -0.0425172 0.00623149 0.141869 -0.0428255 0.00615201 0.143028 -0.0433528 0.00778062 0.142931 -0.0461957 0.0111857 0.142408 -0.0456165 0.0093856 0.143178 -0.0429925 0.0078909 0.142221 -0.042199 0.00634108 0.14309 -0.0450896 0.00932682 0.143376 -0.0447647 0.00934157 0.138654 -0.042818 0.00460734 0.13926 -0.0430913 0.00492739 0.138192 -0.0418062 0.00366686 0.142599 -0.0440271 0.00765166 0.142329 -0.0443288 0.00763534 0.142834 -0.0436997 0.00770041 0.142027 -0.0445994 0.00765166 0.1417 -0.0448339 0.00770041 0.140742 -0.0418033 0.00475594 0.141394 -0.0433938 0.00608767 0.141645 -0.0431193 0.00610379 0.141119 -0.0436449 0.00610379 0.140826 -0.0438688 0.00615201 0.139025 -0.0392197 0.00301994 0.139806 -0.0401915 0.00366686 0.139641 -0.0397132 0.00351049 0.137008 -0.0403856 0.00257425 0.135727 -0.0388499 0.00166227 0.136195 -0.0397443 0.00215265 0.136591 -0.0380249 0.00158716 0.13824 -0.039198 0.00251067 0.136723 -0.0378766 0.00161853 0.140533 -0.0420611 0.00471239 0.140305 -0.0423054 0.00469783 0.140061 -0.0425334 0.00471239 0.139803 -0.042742 0.00475594 0.13685 -0.037727 0.00166227 0.138386 -0.0390081 0.00257425 0.139084 -0.0410836 0.00347553 0.139285 -0.0408715 0.00348763 0.138872 -0.041285 0.00348763 0.138651 -0.0414737 0.00352383 0.136402 -0.0371213 0.00143557 0.135221 -0.0363663 0.000941548 0.137919 -0.0395689 0.00243739 0.137747 -0.0397472 0.00242819 0.136171 -0.038455 0.00156827 0.136315 -0.0383148 0.00156197 0.134697 -0.0369115 0.00088591 0.137569 -0.0399192 0.00243739 0.137385 -0.0400837 0.00246495 0.134587 -0.0370166 0.000897067 0.13352 -0.034945 0.000420552 0.13345 -0.0350181 0.000408617 0.136455 -0.0381711 0.00156827 0.136025 -0.0385914 0.00158716 0.134805 -0.0368047 0.000882189 0.134911 -0.0366965 0.00088591 0.132892 -0.0343133 0.000281743 0.131772 -0.0334828 0.000105454 0.141639 -0.0465483 0.0113443 0.139909 -0.0443861 0.0065383 0.140199 -0.0442214 0.00634108 0.142521 -0.0463819 0.0112408 0.143808 -0.0440259 0.0094579 0.143617 -0.0444076 0.0093856 0.144741 -0.0437925 0.0122311 0.144506 -0.0440912 0.0113163 0.144884 -0.0439074 0.0131445 0.139515 -0.0438937 0.00585746 0.139094 -0.0433674 0.00521292 0.142026 -0.0458077 0.0094579 0.144297 -0.0434375 0.0104639 0.143945 -0.0436273 0.00955706 0.144544 -0.0436353 0.0113359 0.138194 -0.0422425 0.00403997 0.141353 -0.0450281 0.00778062 0.135664 -0.0390801 0.00177548 0.143656 -0.042925 0.00879609 0.143997 -0.043198 0.00961393 0.137223 -0.0410287 0.0030201 0.137716 -0.0416446 0.00351082 0.140517 -0.044062 0.00623149 0.141888 -0.0415103 0.00585534 0.141091 -0.0412604 0.00492739 0.142844 -0.0422751 0.00725442 0.143268 -0.0426147 0.00800779 0.136714 -0.0403927 0.00256763 0.139535 -0.0429288 0.00482789 0.133456 -0.0363194 0.000634808 0.132945 -0.0355203 0.000420552 0.132887 -0.0356087 0.000440417 0.140813 -0.0406505 0.00460645 0.140929 -0.0415353 0.00482789 0.142383 -0.0419064 0.00653675 0.135123 -0.0384043 0.00143535 0.134366 -0.0372206 0.000941548 0.134575 -0.0377184 0.00113202 0.138423 -0.041648 0.00358375 0.139474 -0.0406507 0.00352383 0.139648 -0.0404234 0.00358375 0.141366 -0.0410928 0.00521197 0.134018 -0.0370219 0.000865501 0.137198 -0.0402395 0.00251067 0.131519 -0.0337362 0.000102408 0.13 -0.032 0 0.131483 -0.0337722 0.000105454 0.138084 -0.0393854 0.00246495 0.140239 -0.0401911 0.00403921 0.132315 -0.0348938 0.0002815 0.131739 -0.0341743 0.00015816 0.135877 -0.0387232 0.00161853 0.13512 -0.036477 0.000915628 0.137741 -0.0381925 0.00215284 0.138392 -0.0387133 0.00256728 0.131161 -0.0334511 7.02793e-05 0.130581 -0.0327268 1.74897e-05 0.134477 -0.0371197 0.000915628 0.133164 -0.0353079 0.000394958 0.135017 -0.0365872 0.000897067 0.133379 -0.035091 0.000400083 0.135716 -0.0365725 0.00113234 0.137078 -0.0376624 0.00177546 0.133018 -0.0354502 0.000408617 0.133091 -0.0353793 0.000400083 0.133236 -0.035236 0.00039325 0.131592 -0.0336641 9.89264e-05 0.134317 -0.0354534 0.000635217 0.133308 -0.0351637 0.000394958 0.135021 -0.0360164 0.000865569 0.131555 -0.0337002 0.000100232 0.131736 -0.0335191 0.000102408 0.132173 -0.0337381 0.000158342 0.131628 -0.0336279 9.8491e-05 0.1317 -0.0335554 0.000100232 0.131664 -0.0335917 9.89264e-05 0.133608 -0.0348862 0.00044053 0.130727 -0.0325814 1.7471e-05 0.131451 -0.0331607 7.02518e-05 0.139619 0.0396951 0.00349165 0.138955 0.0391641 0.00296777 0.139317 -0.0394538 0.00324317 0.138668 -0.038934 0.00275689 0.138272 0.0386175 0.00248774 0.138001 -0.0384007 0.00231117 0.13757 0.0380559 0.00205144 0.137319 -0.0378553 0.00190584 0.136855 0.0374836 0.00165789 0.136622 -0.0372979 0.00154072 0.136123 0.0368985 0.00130765 0.135382 0.0363059 0.000999279 0.135916 -0.0367325 0.00121491 0.13463 0.0357041 0.000733192 0.135196 -0.036157 0.000928846 0.134471 -0.0355765 0.000681185 0.139945 -0.0399557 0.00377054 0.133871 0.0350967 0.000508477 0.133736 -0.034989 0.000472466 0.132996 -0.034397 0.000302033 0.133104 0.0344834 0.000325086 0.132333 0.0338661 0.000182712 0.132252 -0.0338013 0.000169666 0.131558 0.0332464 8.10726e-05 0.131503 -0.0332022 7.53991e-05 0.130753 -0.0326022 1.87661e-05 0.13078 0.0326244 2.01687e-05 0.13 0.032 0 0.13 -0.032 0 0.140261 0.0402084 0.00405953 0.140554 -0.0404433 0.00433919 0.141135 -0.0409079 0.00494863 0.140876 0.0407006 0.00467184 0.141465 0.0411718 0.00532824 0.141691 -0.0413528 0.00559992 0.142214 -0.0417713 0.00629097 0.142019 0.0416151 0.00602835 0.142705 -0.0421641 0.00702175 0.142542 0.0420336 0.00677234 0.143021 0.0424167 0.00755696 0.14316 -0.0425276 0.00779147 0.143565 -0.042852 0.00859778 0.143461 0.0427685 0.00838348 0.14392 -0.0431363 0.00944981 0.143851 0.0430808 0.00924648 0.144191 0.0433527 0.0101454 0.144228 -0.0433827 0.0103247 0.144462 -0.04357 0.0112352 0.144448 0.0435586 0.0110889 0.144675 -0.0437404 0.0121559 0.144659 0.0437274 0.0120494 0.144838 0.0438702 0.0130175 0.144844 -0.0438748 0.0130883 0.144922 -0.0439374 0.0140442 0.144919 0.0439351 0.0140088 0.145 0.044 0.015 0.145 -0.044 0.015 0.14497 0.0439758 0.0140658 0.145 0.044 0.015 0.144963 0.0444693 0.015 0.144307 0.0456492 0.013052 0.144552 0.0452531 0.0130703 0.144427 0.0457634 0.015 0.143654 0.0456544 0.0111408 0.143649 0.0463068 0.013052 0.143312 0.0459514 0.0111521 0.144673 0.0453619 0.015 0.144848 0.0443741 0.0131411 0.144884 0.0439076 0.0131451 0.144744 0.0437952 0.012238 0.143945 0.0436273 0.00955706 0.143178 0.0429925 0.0078909 0.143659 0.0429271 0.00879926 0.144734 0.0448247 0.0131002 0.144853 0.0449271 0.015 0.144004 0.0432028 0.00962057 0.142849 0.0422793 0.00725787 0.143274 0.0426191 0.00801149 0.144506 0.0440912 0.0113163 0.144299 0.043439 0.0104665 0.144121 0.0461213 0.015 0.143376 0.0447647 0.00934157 0.143951 0.0453117 0.0111521 0.144003 0.0460032 0.0130459 0.143763 0.0464271 0.015 0.142825 0.0467343 0.0131002 0.142374 0.0468479 0.0131411 0.142521 0.0463819 0.0112408 0.143362 0.046673 0.015 0.143253 0.0465524 0.0130703 0.142927 0.0468532 0.015 0.142469 0.046963 0.015 0.142931 0.0461957 0.0111857 0.141976 0.0469697 0.0140654 0.142 0.047 0.015 0.140517 0.044062 0.00623149 0.140826 0.0438688 0.00615201 0.141353 0.0450281 0.00778062 0.144196 0.044931 0.0111857 0.143617 0.0444076 0.0093856 0.140992 0.0451783 0.0078909 0.140199 0.0442214 0.00634108 0.14309 0.0450896 0.00932682 0.142765 0.0453755 0.00934157 0.140818 0.0406544 0.00460734 0.141091 0.0412604 0.00492739 0.139806 0.0401915 0.00366686 0.142027 0.0445994 0.00765166 0.142329 0.0443288 0.00763534 0.1417 0.0448339 0.00770041 0.142599 0.0440271 0.00765166 0.142834 0.0436997 0.00770041 0.139803 0.042742 0.00475594 0.141394 0.0433938 0.00608767 0.141119 0.0436449 0.00610379 0.141645 0.0431193 0.00610379 0.141869 0.0428255 0.00615201 0.13722 0.0410246 0.00301994 0.138192 0.0418062 0.00366686 0.137713 0.0416415 0.00351049 0.138386 0.0390081 0.00257425 0.13685 0.037727 0.00166227 0.137744 0.0381954 0.00215265 0.136025 0.0385914 0.00158716 0.137198 0.0402395 0.00251067 0.135877 0.0387232 0.00161853 0.140061 0.0425334 0.00471239 0.140305 0.0423054 0.00469783 0.140533 0.0420611 0.00471239 0.140742 0.0418033 0.00475594 0.135727 0.0388499 0.00166227 0.137008 0.0403856 0.00257425 0.139084 0.0410836 0.00347553 0.138872 0.041285 0.00348763 0.139285 0.0408715 0.00348763 0.139474 0.0406507 0.00352383 0.135121 0.0384017 0.00143557 0.134366 0.0372206 0.000941548 0.137569 0.0399192 0.00243739 0.137747 0.0397472 0.00242819 0.136455 0.0381711 0.00156827 0.136315 0.0383148 0.00156197 0.134911 0.0366965 0.00088591 0.137919 0.0395689 0.00243739 0.138084 0.0393854 0.00246495 0.135017 0.0365872 0.000897067 0.132945 0.0355203 0.000420552 0.133018 0.0354502 0.000408617 0.136171 0.038455 0.00156827 0.136591 0.0380249 0.00158716 0.134805 0.0368047 0.000882189 0.134697 0.0369115 0.00088591 0.132313 0.0348917 0.000281743 0.131483 0.0337722 0.000105454 0.144548 0.0436386 0.0113443 0.142386 0.0419089 0.0065383 0.142221 0.042199 0.00634108 0.144382 0.044521 0.0112408 0.142026 0.0458077 0.0094579 0.142408 0.0456165 0.0093856 0.141792 0.0467406 0.0122311 0.142091 0.0465056 0.0113163 0.141907 0.0468843 0.0131445 0.141894 0.041515 0.00585746 0.141367 0.0410939 0.00521292 0.143808 0.0440259 0.0094579 0.141437 0.0462968 0.0104639 0.141627 0.0459448 0.00955706 0.141635 0.0465441 0.0113359 0.140242 0.040194 0.00403997 0.143028 0.0433528 0.00778062 0.13708 0.0376641 0.00177548 0.140925 0.0456562 0.00879609 0.141198 0.0459974 0.00961393 0.139029 0.039223 0.0030201 0.139645 0.0397156 0.00351082 0.142062 0.0425172 0.00623149 0.13951 0.0438879 0.00585534 0.13926 0.0430913 0.00492739 0.140275 0.0448439 0.00725442 0.140615 0.0452683 0.00800779 0.138393 0.0387141 0.00256763 0.140929 0.0415353 0.00482789 0.134319 0.0354555 0.000634808 0.13352 0.034945 0.000420552 0.133609 0.034887 0.000440417 0.138651 0.0428132 0.00460645 0.139535 0.0429288 0.00482789 0.139906 0.044383 0.00653675 0.136404 0.0371235 0.00143535 0.135221 0.0363663 0.000941548 0.135718 0.0365747 0.00113202 0.139648 0.0404234 0.00358375 0.138651 0.0414737 0.00352383 0.138423 0.041648 0.00358375 0.139093 0.043366 0.00521197 0.135022 0.0360175 0.000865501 0.13824 0.039198 0.00251067 0.131736 0.0335191 0.000102408 0.13 0.032 0 0.131772 0.0334828 0.000105454 0.137385 0.0400837 0.00246495 0.138191 0.0422389 0.00403921 0.132894 0.0343151 0.0002815 0.132174 0.0337394 0.00015816 0.136723 0.0378766 0.00161853 0.134477 0.0371197 0.000915628 0.136192 0.0397406 0.00215284 0.136713 0.0403916 0.00256728 0.131451 0.0331609 7.02793e-05 0.130727 0.0325815 1.74897e-05 0.13512 0.036477 0.000915628 0.133308 0.0351637 0.000394958 0.134587 0.0370166 0.000897067 0.133091 0.0353793 0.000400083 0.134572 0.0377156 0.00113234 0.135662 0.039078 0.00177546 0.13345 0.0350181 0.000408617 0.133379 0.035091 0.000400083 0.133236 0.035236 0.00039325 0.131664 0.0335917 9.89264e-05 0.133453 0.0363167 0.000635217 0.133164 0.0353079 0.000394958 0.134016 0.0370205 0.000865569 0.1317 0.0335554 0.000100232 0.131519 0.0337362 0.000102408 0.131738 0.0341726 0.000158342 0.131628 0.0336279 9.8491e-05 0.131555 0.0337002 0.000100232 0.131592 0.0336641 9.89264e-05 0.132886 0.0356077 0.00044053 0.130581 0.0327267 1.7471e-05 0.131161 0.0334509 7.02518e-05 0.0775 0.0456462 0.00877265 0.140852 0.045565 0.00859778 0.141136 0.0459204 0.00944981 0.136401 0.0400009 0.00231117 0.0774396 0.040354 0.00256257 0.0773701 0.0397052 0.00213048 0.141383 0.0462283 0.0103247 0.0775 0.0460547 0.00975991 0.14157 0.0464624 0.0112352 0.0775 0.0463932 0.0107767 0.0775 0.0466569 0.0118112 0.14174 0.0466755 0.0121559 0.141875 0.0468436 0.0130883 0.0775 0.0468475 0.0128666 0.141937 0.0469218 0.0140442 0.0775 0.0469614 0.0139275 0.0775 0.047 0.015 0.142 0.047 0.015 0.0775 0.0451671 0.00781526 0.140164 0.0447051 0.00702175 0.140528 0.0451596 0.00779147 0.0775 0.0446218 0.00689529 0.139771 0.0442142 0.00629097 0.0775 0.0440122 0.00601671 0.139353 0.043691 0.00559992 0.138908 0.0431349 0.00494863 0.0775 0.043341 0.00518277 0.0775 0.0426152 0.00440201 0.138443 0.0425542 0.00433919 0.0775 0.0418349 0.00367442 0.137956 0.0419447 0.00377054 0.0775 0.041 0.003 0.137454 0.0413172 0.00324317 0.0772257 0.0390345 0.00175224 0.135298 0.0386224 0.00154072 0.135855 0.0393191 0.00190584 0.136934 0.0406675 0.00275689 0.0765866 0.0369653 0.000845957 0.133577 0.0364707 0.000681185 0.134157 0.0371963 0.000928846 0.0770438 0.0383529 0.00141212 0.0768281 0.0376618 0.00110999 0.134732 0.0379156 0.00121491 0.132397 0.0349962 0.000302033 0.0757492 0.034847 0.000272798 0.131801 0.0342516 0.000169666 0.132989 0.0357362 0.000472466 0.076324 0.0362639 0.00061898 0.0760428 0.0355567 0.00042812 0.0754448 0.0341368 0.000153118 0.0751345 0.0334256 6.79191e-05 0.131202 0.0335028 7.53991e-05 0.0748195 0.0327133 1.68799e-05 0.130602 0.0327527 1.87661e-05 0.13 0.032 0 0.0745 0.032 0 -0.0775 -0.0456462 0.00877265 -0.140852 -0.045565 0.00859778 -0.141136 -0.0459204 0.00944981 -0.136401 -0.0400009 0.00231117 -0.0774396 -0.040354 0.00256257 -0.0773701 -0.0397052 0.00213048 -0.141383 -0.0462283 0.0103247 -0.0775 -0.0460547 0.00975991 -0.14157 -0.0464624 0.0112352 -0.0775 -0.0463932 0.0107767 -0.0775 -0.0466569 0.0118112 -0.14174 -0.0466755 0.0121559 -0.141875 -0.0468436 0.0130883 -0.0775 -0.0468475 0.0128666 -0.141937 -0.0469218 0.0140442 -0.0775 -0.0469614 0.0139275 -0.0775 -0.047 0.015 -0.142 -0.047 0.015 -0.0775 -0.0451671 0.00781526 -0.140164 -0.0447051 0.00702175 -0.140528 -0.0451596 0.00779147 -0.0775 -0.0446218 0.00689529 -0.139771 -0.0442142 0.00629097 -0.0775 -0.0440122 0.00601671 -0.139353 -0.043691 0.00559992 -0.138908 -0.0431349 0.00494863 -0.0775 -0.043341 0.00518277 -0.0775 -0.0426152 0.00440201 -0.138443 -0.0425542 0.00433919 -0.0775 -0.0418349 0.00367442 -0.137956 -0.0419447 0.00377054 -0.0775 -0.041 0.003 -0.137454 -0.0413172 0.00324317 -0.0772257 -0.0390345 0.00175224 -0.135298 -0.0386224 0.00154072 -0.135855 -0.0393191 0.00190584 -0.136934 -0.0406675 0.00275689 -0.0765866 -0.0369653 0.000845957 -0.133577 -0.0364707 0.000681185 -0.134157 -0.0371963 0.000928846 -0.0770438 -0.0383529 0.00141212 -0.0768281 -0.0376618 0.00110999 -0.134732 -0.0379156 0.00121491 -0.132397 -0.0349962 0.000302033 -0.0757492 -0.034847 0.000272798 -0.131801 -0.0342516 0.000169666 -0.132989 -0.0357362 0.000472466 -0.076324 -0.0362639 0.00061898 -0.0760428 -0.0355567 0.00042812 -0.0754448 -0.0341368 0.000153118 -0.0751345 -0.0334256 6.79191e-05 -0.131202 -0.0335028 7.53991e-05 -0.0748195 -0.0327133 1.68799e-05 -0.130602 -0.0327527 1.87661e-05 -0.13 -0.032 0 -0.0745 -0.032 0 -0.14497 -0.0439758 0.0140658 -0.145 -0.044 0.015 -0.144963 -0.0444693 0.015 -0.144307 -0.0456492 0.013052 -0.144552 -0.0452531 0.0130703 -0.144427 -0.0457634 0.015 -0.143654 -0.0456544 0.0111408 -0.143649 -0.0463068 0.013052 -0.143312 -0.0459514 0.0111521 -0.144673 -0.0453619 0.015 -0.144848 -0.0443741 0.0131411 -0.144884 -0.0439076 0.0131451 -0.144744 -0.0437952 0.012238 -0.143945 -0.0436273 0.00955706 -0.143178 -0.0429925 0.0078909 -0.143659 -0.0429271 0.00879926 -0.144734 -0.0448247 0.0131002 -0.144853 -0.0449271 0.015 -0.144004 -0.0432028 0.00962057 -0.142849 -0.0422793 0.00725787 -0.143274 -0.0426191 0.00801149 -0.144506 -0.0440912 0.0113163 -0.144299 -0.043439 0.0104665 -0.144121 -0.0461213 0.015 -0.143376 -0.0447647 0.00934157 -0.143951 -0.0453117 0.0111521 -0.144003 -0.0460032 0.0130459 -0.143763 -0.0464271 0.015 -0.142825 -0.0467343 0.0131002 -0.142374 -0.0468479 0.0131411 -0.142521 -0.0463819 0.0112408 -0.143362 -0.046673 0.015 -0.143253 -0.0465524 0.0130703 -0.142927 -0.0468532 0.015 -0.142469 -0.046963 0.015 -0.142931 -0.0461957 0.0111857 -0.141976 -0.0469697 0.0140654 -0.142 -0.047 0.015 -0.140517 -0.044062 0.00623149 -0.140826 -0.0438688 0.00615201 -0.141353 -0.0450281 0.00778062 -0.144196 -0.044931 0.0111857 -0.143617 -0.0444076 0.0093856 -0.140992 -0.0451783 0.0078909 -0.140199 -0.0442214 0.00634108 -0.14309 -0.0450896 0.00932682 -0.142765 -0.0453755 0.00934157 -0.140818 -0.0406544 0.00460734 -0.141091 -0.0412604 0.00492739 -0.139806 -0.0401915 0.00366686 -0.142027 -0.0445994 0.00765166 -0.142329 -0.0443288 0.00763534 -0.1417 -0.0448339 0.00770041 -0.142599 -0.0440271 0.00765166 -0.142834 -0.0436997 0.00770041 -0.139803 -0.042742 0.00475594 -0.141394 -0.0433938 0.00608767 -0.141119 -0.0436449 0.00610379 -0.141645 -0.0431193 0.00610379 -0.141869 -0.0428255 0.00615201 -0.13722 -0.0410246 0.00301994 -0.138192 -0.0418062 0.00366686 -0.137713 -0.0416415 0.00351049 -0.138386 -0.0390081 0.00257425 -0.13685 -0.037727 0.00166227 -0.137744 -0.0381954 0.00215265 -0.136025 -0.0385914 0.00158716 -0.137198 -0.0402395 0.00251067 -0.135877 -0.0387232 0.00161853 -0.140061 -0.0425334 0.00471239 -0.140305 -0.0423054 0.00469783 -0.140533 -0.0420611 0.00471239 -0.140742 -0.0418033 0.00475594 -0.135727 -0.0388499 0.00166227 -0.137008 -0.0403856 0.00257425 -0.139084 -0.0410836 0.00347553 -0.138872 -0.041285 0.00348763 -0.139285 -0.0408715 0.00348763 -0.139474 -0.0406507 0.00352383 -0.135121 -0.0384017 0.00143557 -0.134366 -0.0372206 0.000941548 -0.137569 -0.0399192 0.00243739 -0.137747 -0.0397472 0.00242819 -0.136455 -0.0381711 0.00156827 -0.136315 -0.0383148 0.00156197 -0.134911 -0.0366965 0.00088591 -0.137919 -0.0395689 0.00243739 -0.138084 -0.0393854 0.00246495 -0.135017 -0.0365872 0.000897067 -0.132945 -0.0355203 0.000420552 -0.133018 -0.0354502 0.000408617 -0.136171 -0.038455 0.00156827 -0.136591 -0.0380249 0.00158716 -0.134805 -0.0368047 0.000882189 -0.134697 -0.0369115 0.00088591 -0.132313 -0.0348917 0.000281743 -0.131483 -0.0337722 0.000105454 -0.144548 -0.0436386 0.0113443 -0.142386 -0.0419089 0.0065383 -0.142221 -0.042199 0.00634108 -0.144382 -0.044521 0.0112408 -0.142026 -0.0458077 0.0094579 -0.142408 -0.0456165 0.0093856 -0.141792 -0.0467406 0.0122311 -0.142091 -0.0465056 0.0113163 -0.141907 -0.0468843 0.0131445 -0.141894 -0.041515 0.00585746 -0.141367 -0.0410939 0.00521292 -0.143808 -0.0440259 0.0094579 -0.141437 -0.0462968 0.0104639 -0.141627 -0.0459448 0.00955706 -0.141635 -0.0465441 0.0113359 -0.140242 -0.040194 0.00403997 -0.143028 -0.0433528 0.00778062 -0.13708 -0.0376641 0.00177548 -0.140925 -0.0456562 0.00879609 -0.141198 -0.0459974 0.00961393 -0.139029 -0.039223 0.0030201 -0.139645 -0.0397156 0.00351082 -0.142062 -0.0425172 0.00623149 -0.13951 -0.0438879 0.00585534 -0.13926 -0.0430913 0.00492739 -0.140275 -0.0448439 0.00725442 -0.140615 -0.0452683 0.00800779 -0.138393 -0.0387141 0.00256763 -0.140929 -0.0415353 0.00482789 -0.134319 -0.0354555 0.000634808 -0.13352 -0.034945 0.000420552 -0.133609 -0.034887 0.000440417 -0.138651 -0.0428132 0.00460645 -0.139535 -0.0429288 0.00482789 -0.139906 -0.044383 0.00653675 -0.136404 -0.0371235 0.00143535 -0.135221 -0.0363663 0.000941548 -0.135718 -0.0365747 0.00113202 -0.139648 -0.0404234 0.00358375 -0.138651 -0.0414737 0.00352383 -0.138423 -0.041648 0.00358375 -0.139093 -0.043366 0.00521197 -0.135022 -0.0360175 0.000865501 -0.13824 -0.039198 0.00251067 -0.131736 -0.0335191 0.000102408 -0.13 -0.032 0 -0.131772 -0.0334828 0.000105454 -0.137385 -0.0400837 0.00246495 -0.138191 -0.0422389 0.00403921 -0.132894 -0.0343151 0.0002815 -0.132174 -0.0337394 0.00015816 -0.136723 -0.0378766 0.00161853 -0.134477 -0.0371197 0.000915628 -0.136192 -0.0397406 0.00215284 -0.136713 -0.0403916 0.00256728 -0.131451 -0.0331609 7.02793e-05 -0.130727 -0.0325815 1.74897e-05 -0.13512 -0.036477 0.000915628 -0.133308 -0.0351637 0.000394958 -0.134587 -0.0370166 0.000897067 -0.133091 -0.0353793 0.000400083 -0.134572 -0.0377156 0.00113234 -0.135662 -0.039078 0.00177546 -0.13345 -0.0350181 0.000408617 -0.133379 -0.035091 0.000400083 -0.133236 -0.035236 0.00039325 -0.131664 -0.0335917 9.89264e-05 -0.133453 -0.0363167 0.000635217 -0.133164 -0.0353079 0.000394958 -0.134016 -0.0370205 0.000865569 -0.1317 -0.0335554 0.000100232 -0.131519 -0.0337362 0.000102408 -0.131738 -0.0341726 0.000158342 -0.131628 -0.0336279 9.8491e-05 -0.131555 -0.0337002 0.000100232 -0.131592 -0.0336641 9.89264e-05 -0.132886 -0.0356077 0.00044053 -0.130581 -0.0327267 1.7471e-05 -0.131161 -0.0334509 7.02518e-05 -0.144919 -0.0439351 0.0140088 -0.144838 -0.0438702 0.0130175 -0.144844 0.0438748 0.0130883 -0.144462 0.04357 0.0112352 -0.144675 0.0437404 0.0121559 -0.144659 -0.0437274 0.0120494 -0.144448 -0.0435586 0.0110889 -0.144922 0.0439374 0.0140442 -0.144228 0.0433827 0.0103247 -0.145 -0.044 0.015 -0.144191 -0.0433527 0.0101454 -0.14392 0.0431363 0.00944981 -0.143851 -0.0430808 0.00924648 -0.145 0.044 0.015 -0.143565 0.042852 0.00859778 -0.143461 -0.0427685 0.00838348 -0.14316 0.0425276 0.00779147 -0.142705 0.0421641 0.00702175 -0.143021 -0.0424167 0.00755696 -0.142542 -0.0420336 0.00677234 -0.142214 0.0417713 0.00629097 -0.142019 -0.0416151 0.00602835 -0.141691 0.0413528 0.00559992 -0.141135 0.0409079 0.00494863 -0.141465 -0.0411718 0.00532824 -0.140876 -0.0407006 0.00467184 -0.140554 0.0404433 0.00433919 -0.140261 -0.0402084 0.00405953 -0.139945 0.0399557 0.00377054 -0.139619 -0.0396951 0.00349165 -0.138955 -0.0391641 0.00296777 -0.139317 0.0394538 0.00324317 -0.138668 0.038934 0.00275689 -0.138272 -0.0386175 0.00248774 -0.13757 -0.0380559 0.00205144 -0.138001 0.0384007 0.00231117 -0.136855 -0.0374836 0.00165789 -0.137319 0.0378553 0.00190584 -0.136622 0.0372979 0.00154072 -0.136123 -0.0368985 0.00130765 -0.135382 -0.0363059 0.000999279 -0.135916 0.0367325 0.00121491 -0.13463 -0.0357041 0.000733192 -0.135196 0.036157 0.000928846 -0.134471 0.0355765 0.000681185 -0.133871 -0.0350967 0.000508477 -0.133104 -0.0344834 0.000325086 -0.133736 0.034989 0.000472466 -0.132333 -0.0338661 0.000182712 -0.132996 0.034397 0.000302033 -0.132252 0.0338013 0.000169666 -0.131558 -0.0332464 8.10726e-05 -0.13078 -0.0326244 2.01687e-05 -0.131503 0.0332022 7.53991e-05 -0.13 -0.032 0 -0.130753 0.0326022 1.87661e-05 -0.13 0.032 0 -0.141976 0.0469698 0.0140658 -0.142 0.047 0.015 -0.142469 0.046963 0.015 -0.143649 0.0463068 0.013052 -0.143253 0.0465524 0.0130703 -0.143763 0.0464271 0.015 -0.143654 0.0456544 0.0111408 -0.144307 0.0456492 0.013052 -0.143951 0.0453117 0.0111521 -0.143362 0.046673 0.015 -0.142374 0.0468479 0.0131411 -0.141908 0.0468845 0.0131451 -0.141795 0.046744 0.012238 -0.141627 0.0459448 0.00955706 -0.140992 0.0451783 0.0078909 -0.140927 0.0456589 0.00879926 -0.142825 0.0467343 0.0131002 -0.142927 0.0468532 0.015 -0.141203 0.0460035 0.00962057 -0.140279 0.0448491 0.00725787 -0.140619 0.0452739 0.00801149 -0.142091 0.0465056 0.0113163 -0.141439 0.0462987 0.0104665 -0.144121 0.0461213 0.015 -0.142765 0.0453755 0.00934157 -0.143312 0.0459514 0.0111521 -0.144003 0.0460032 0.0130459 -0.144427 0.0457634 0.015 -0.144734 0.0448247 0.0131002 -0.144848 0.0443741 0.0131411 -0.144382 0.044521 0.0112408 -0.144673 0.0453619 0.015 -0.144552 0.0452531 0.0130703 -0.144853 0.0449271 0.015 -0.144963 0.0444693 0.015 -0.144196 0.044931 0.0111857 -0.14497 0.0439758 0.0140654 -0.145 0.044 0.015 -0.142062 0.0425172 0.00623149 -0.141869 0.0428255 0.00615201 -0.143028 0.0433528 0.00778062 -0.142931 0.0461957 0.0111857 -0.142408 0.0456165 0.0093856 -0.143178 0.0429925 0.0078909 -0.142221 0.042199 0.00634108 -0.14309 0.0450896 0.00932682 -0.143376 0.0447647 0.00934157 -0.138654 0.042818 0.00460734 -0.13926 0.0430913 0.00492739 -0.138192 0.0418062 0.00366686 -0.142599 0.0440271 0.00765166 -0.142329 0.0443288 0.00763534 -0.142834 0.0436997 0.00770041 -0.142027 0.0445994 0.00765166 -0.1417 0.0448339 0.00770041 -0.140742 0.0418033 0.00475594 -0.141394 0.0433938 0.00608767 -0.141645 0.0431193 0.00610379 -0.141119 0.0436449 0.00610379 -0.140826 0.0438688 0.00615201 -0.139025 0.0392197 0.00301994 -0.139806 0.0401915 0.00366686 -0.139641 0.0397132 0.00351049 -0.137008 0.0403856 0.00257425 -0.135727 0.0388499 0.00166227 -0.136195 0.0397443 0.00215265 -0.136591 0.0380249 0.00158716 -0.13824 0.039198 0.00251067 -0.136723 0.0378766 0.00161853 -0.140533 0.0420611 0.00471239 -0.140305 0.0423054 0.00469783 -0.140061 0.0425334 0.00471239 -0.139803 0.042742 0.00475594 -0.13685 0.037727 0.00166227 -0.138386 0.0390081 0.00257425 -0.139084 0.0410836 0.00347553 -0.139285 0.0408715 0.00348763 -0.138872 0.041285 0.00348763 -0.138651 0.0414737 0.00352383 -0.136402 0.0371213 0.00143557 -0.135221 0.0363663 0.000941548 -0.137919 0.0395689 0.00243739 -0.137747 0.0397472 0.00242819 -0.136171 0.038455 0.00156827 -0.136315 0.0383148 0.00156197 -0.134697 0.0369115 0.00088591 -0.137569 0.0399192 0.00243739 -0.137385 0.0400837 0.00246495 -0.134587 0.0370166 0.000897067 -0.13352 0.034945 0.000420552 -0.13345 0.0350181 0.000408617 -0.136455 0.0381711 0.00156827 -0.136025 0.0385914 0.00158716 -0.134805 0.0368047 0.000882189 -0.134911 0.0366965 0.00088591 -0.132892 0.0343133 0.000281743 -0.131772 0.0334828 0.000105454 -0.141639 0.0465483 0.0113443 -0.139909 0.0443861 0.0065383 -0.140199 0.0442214 0.00634108 -0.142521 0.0463819 0.0112408 -0.143808 0.0440259 0.0094579 -0.143617 0.0444076 0.0093856 -0.144741 0.0437925 0.0122311 -0.144506 0.0440912 0.0113163 -0.144884 0.0439074 0.0131445 -0.139515 0.0438937 0.00585746 -0.139094 0.0433674 0.00521292 -0.142026 0.0458077 0.0094579 -0.144297 0.0434375 0.0104639 -0.143945 0.0436273 0.00955706 -0.144544 0.0436353 0.0113359 -0.138194 0.0422425 0.00403997 -0.141353 0.0450281 0.00778062 -0.135664 0.0390801 0.00177548 -0.143656 0.042925 0.00879609 -0.143997 0.043198 0.00961393 -0.137223 0.0410287 0.0030201 -0.137716 0.0416446 0.00351082 -0.140517 0.044062 0.00623149 -0.141888 0.0415103 0.00585534 -0.141091 0.0412604 0.00492739 -0.142844 0.0422751 0.00725442 -0.143268 0.0426147 0.00800779 -0.136714 0.0403927 0.00256763 -0.139535 0.0429288 0.00482789 -0.133456 0.0363194 0.000634808 -0.132945 0.0355203 0.000420552 -0.132887 0.0356087 0.000440417 -0.140813 0.0406505 0.00460645 -0.140929 0.0415353 0.00482789 -0.142383 0.0419064 0.00653675 -0.135123 0.0384043 0.00143535 -0.134366 0.0372206 0.000941548 -0.134575 0.0377184 0.00113202 -0.138423 0.041648 0.00358375 -0.139474 0.0406507 0.00352383 -0.139648 0.0404234 0.00358375 -0.141366 0.0410928 0.00521197 -0.134018 0.0370219 0.000865501 -0.137198 0.0402395 0.00251067 -0.131519 0.0337362 0.000102408 -0.13 0.032 0 -0.131483 0.0337722 0.000105454 -0.138084 0.0393854 0.00246495 -0.140239 0.0401911 0.00403921 -0.132315 0.0348938 0.0002815 -0.131739 0.0341743 0.00015816 -0.135877 0.0387232 0.00161853 -0.13512 0.036477 0.000915628 -0.137741 0.0381925 0.00215284 -0.138392 0.0387133 0.00256728 -0.131161 0.0334511 7.02793e-05 -0.130581 0.0327268 1.74897e-05 -0.134477 0.0371197 0.000915628 -0.133164 0.0353079 0.000394958 -0.135017 0.0365872 0.000897067 -0.133379 0.035091 0.000400083 -0.135716 0.0365725 0.00113234 -0.137078 0.0376624 0.00177546 -0.133018 0.0354502 0.000408617 -0.133091 0.0353793 0.000400083 -0.133236 0.035236 0.00039325 -0.131592 0.0336641 9.89264e-05 -0.134317 0.0354534 0.000635217 -0.133308 0.0351637 0.000394958 -0.135021 0.0360164 0.000865569 -0.131555 0.0337002 0.000100232 -0.131736 0.0335191 0.000102408 -0.132173 0.0337381 0.000158342 -0.131628 0.0336279 9.8491e-05 -0.1317 0.0335554 0.000100232 -0.131664 0.0335917 9.89264e-05 -0.133608 0.0348862 0.00044053 -0.130727 0.0325814 1.7471e-05 -0.131451 0.0331607 7.02518e-05 -0.14187 0.0468378 0.0130175 -0.0775 0.0468475 0.0128666 -0.0775 0.0469614 0.0139275 -0.0775 0.0466584 0.0118176 -0.141727 0.0466592 0.0120494 -0.141559 0.0464482 0.0110889 -0.0775 0.046394 0.0107802 -0.141935 0.0469189 0.0140088 -0.141353 0.0461908 0.0101454 -0.0775 0.047 0.015 -0.0775 0.0460569 0.00976535 -0.141081 0.045851 0.00924648 -0.0775 0.045648 0.00877719 -0.142 0.047 0.015 -0.140768 0.0454606 0.00838348 -0.140417 0.0450209 0.00755696 -0.0775 0.0451696 0.00781946 -0.0775 0.0446249 0.00690033 -0.140034 0.044542 0.00677234 -0.139615 0.0440188 0.00602835 -0.0775 0.0440145 0.00601946 -0.0775 0.0433452 0.00518778 -0.139172 0.0434647 0.00532824 -0.138701 0.0428757 0.00467184 -0.0775 0.0426152 0.00440201 -0.138208 0.0422605 0.00405953 -0.0775 0.0418349 0.00367442 -0.0775 0.041 0.003 -0.137695 0.0416189 0.00349165 -0.0774396 0.040354 0.00256257 -0.137164 0.0409551 0.00296777 -0.136618 0.0402719 0.00248774 -0.0773659 0.039704 0.00213514 -0.136056 0.0395699 0.00205144 -0.0772114 0.0390305 0.00176776 -0.0770464 0.0383539 0.00141202 -0.135484 0.0388545 0.00165789 -0.134899 0.0381232 0.00130765 -0.0768323 0.0376635 0.00110982 -0.134306 0.0373824 0.000999279 -0.0765889 0.0369656 0.000845436 -0.0763263 0.0362641 0.000618459 -0.133704 0.0366302 0.000733192 -0.133097 0.0358709 0.000508477 -0.0760454 0.0355581 0.000427877 -0.132483 0.0351043 0.000325086 -0.0757508 0.0348479 0.000272649 -0.0754466 0.0341366 0.000152688 -0.131866 0.0343326 0.000182712 -0.131246 0.033558 8.10726e-05 -0.075135 0.0334255 6.77902e-05 -0.130624 0.0327805 2.01687e-05 -0.0748195 0.0327133 1.68799e-05 -0.13 0.032 0 -0.0745 0.032 0</float_array>
          <technique_common>
            <accessor count="2568" source="#ID6" stride="3">
              <param name="X" type="float"/>
              <param name="Y" type="float"/>
              <param name="Z" type="float"/>
            </accessor>
          </technique_common>
        </source>
        <source id="ID7">
          <float_array count="7704" id="ID8">-1 -0 -0 -1 -0 -0 -1 -0 -0 -1 -0 -0 -1 -0 -0 -1 -0 -0 -1 -0 -0 -1 -0 -0 -1 -0 -0 -1 -0 -0 -1 -0 -0 -1 -0 -0 -1 -0 -0 -1 -0 -0 -1 -0 -0 -1 -0 -0 -1 -0 -0 -1 -0 -0 -1 -0 -0 -1 -0 -0 -1 -0 -0 -1 -0 -0 -1 -0 -0 -1 -0 -0 -1 -0 -0 -1 -0 -0 -1 -0 -0 -1 -0 -0 -1 -0 -0 -1 -0 -0 -1 -0 -0 -1 -0 -0 -1 -0 -0 -1 -0 -0 -1 -0 -0 -1 -0 -0 -1 -0 -0 -1 -0 -0 -1 -0 -0 -1 -0 -0 -1 -0 -0 -1 -0 -0 -1 -0 -0 -1 -0 -0 -1 -0 -0 -1 -0 -0 -1 -0 -0 -1 -0 -0 -1 -0 -0 -1 -0 -0 -1 -0 -0 -1 -0 -0 -1 -0 -0 -1 -0 -0 -1 -0 -0 -1 -0 -0 -1 -0 -0 -1 -0 -0 -1 -0 -0 -1 -0 -0 -1 -0 -0 -1 -0 -0 -1 -0 -0 -1 -0 -0 -1 -0 -0 -1 -0 -0 -1 -0 -0 -1 -0 -0 -1 -0 -0 -1 -0 -0 -1 -0 -0 -1 -0 -0 -1 -0 -0 -1 -0 -0 -1 -0 -0 -1 -0 -0 -1 -0 -0 -1 -0 -0 -1 -0 -0 -1 -0 -0 -1 -0 -0 -1 -0 -0 -1 -0 -0 -1 -0 -0 -1 -0 -0 -1 -0 -0 -1 -0 -0 -1 -0 -0 -1 -0 -0 -1 -0 -0 -1 -0 -0 -1 -0 -0 -1 -0 -0 -1 -0 -0 -1 -0 -0 -1 -0 -0 -1 -0 -0 -1 -0 -0 -1 -0 -0 -1 -0 -0 -1 -0 -0 -1 -0 -0 -1 -0 -0 -1 -0 -0 -1 -0 -0 -1 -0 -0 -1 -0 -0 -1 -0 -0 -1 -0 -0 -1 -0 -0 -1 -0 -0 -1 -0 -0 -1 -0 -0 -1 -0 -0 -1 -0 -0 -1 -0 -0 -1 -0 -0 -1 -0 -0 -1 -0 -0 -1 -0 -0 -1 -0 -0 -1 -0 -0 -1 -0 -0 -1 -0 -0 -1 -0 -0 -1 -0 -0 -1 -0 -0 -1 -0 -0 -1 -0 -0 -1 -0 -0 -1 -0 -0 -1 -0 -0 -1 -0 -0 -1 -0 -0 -1 -0 -0 -1 -0 -0 -1 -0 -0 -1 -0 -0 -1 -0 -0 -1 -0 -0 -1 -0 -0 -1 -0 -0 -1 -0 -0 -1 -0 -0 -1 -0 -0 -1 -0 -0 -1 -0 -0 -1 -0 -0 -1 -0 -0 -1 -0 -0 -1 -0 -0 -1 -0 -0 -1 -0 -0 -1 -0 -0 -1 -0 -0 -1 -0 -0 1 0 0 1 0 0 1 0 0 1 0 0 1 0 0 1 0 0 1 0 0 1 0 0 1 0 0 1 0 0 1 0 0 1 0 0 1 0 0 1 0 0 1 0 0 1 0 0 1 0 0 1.79068e-16 1 0 1.79068e-16 1 0 1.79068e-16 1 0 1.79068e-16 1 0 -1 -0 -0 -1 -0 -0 -1 -0 -0 -1 -0 -0 -1 -0 -0 -1 -0 -0 -1 -0 -0 -1 -0 -0 -1 -0 -0 -1 -0 -0 -1 -0 -0 -1 -0 -0 -1 -0 -0 -1 -0 -0 -1 -0 -0 -1 -0 -0 -1 -0 -0 -2.39272e-16 1 0 -2.39272e-16 1 0 -2.39272e-16 1 0 -2.39272e-16 1 0 0 -1 0 0 -1 0 0 -1 0 0 -1 0 -1 0 0 -1 0 0 -1 0 0 -1 0 0 -1 0 0 -1 0 0 -1 0 0 -1 0 0 -1 0 0 -1 0 0 -1 0 0 -1 0 0 -1 0 0 -1 0 0 -1 0 0 -1 0 0 -1 0 0 -1.79068e-16 -1 0 -1.79068e-16 -1 0 -1.79068e-16 -1 0 -1.79068e-16 -1 0 1 0 0 1 0 0 1 0 0 1 0 0 1 0 0 1 0 0 1 0 0 1 0 0 1 0 0 1 0 0 1 0 0 1 0 0 1 0 0 1 0 0 1 0 0 1 0 0 1 0 0 2.39272e-16 -1 0 2.39272e-16 -1 0 2.39272e-16 -1 0 2.39272e-16 -1 0 1 0 0 1 0 0 1 0 0 1 0 0 0 1 0 0 1 0 0 1 0 0 1 0 0 0 1 0 0 1 0 0 1 0 0 1 0 0 1 0 0 1 0 0 1 0 0 1 0 0 1 0 0 1 0 0 1 0 0 1 0 0 1 0 0 1 0 0 1 0 0 1 0 0 1 0 0 1 0 0 1 0 0 1 0 0 1 0 0 1 0 0 1 0 0 1 0 0 1 0 0 1 0 0 1 0 0 1 0 0 1 0 0 1 0 0 1 0 0 1 0 0 1 0 0 1 0 0 1 0 0 1 0 0 1 0 0 1 0 0 1 0 0 1 0 0 1 0 0 1 0 0 1 0 0 1 0 0 1 0 0 1 0 0 1 0 0 1 0 0 1 0 0 1 0 0 1 0 0 1 0 0 1 0 0 1 0 0 1 0 0 1 0 0 1 0 0 1 0 0 1 0 0 1 0 0 1 0 0 1 0 0 1 0 0 1 0 0 1 0 0 1 0 0 1 0 0 1 0 0 1 0 0 1 0 0 1 0 0 1 0 0 1 0 0 1 0 0 1 0 0 1 0 0 1 0 0 1 0 0 1 0 0 1 0 0 1 0 0 1 0 0 1 0 0 1 0 0 1 0 0 1 0 0 1 0 0 1 0 0 1 0 0 1 0 0 1 0 0 1 -0 -0 -1 -0 -0 -1 -0 -0 -1 -0 -0 -1 -0 -0 -1 -0 -0 -1 -0 -0 -1 -0 -0 -1 -0 -0 -1 -0 -0 -1 -0 -0 -1 -0 -0 -1 0.951057 0.309017 0 0.987688 0.156435 0 0.951057 0.309017 0 1 6.95355e-08 0 0.987688 0.156434 0 1 -1.68883e-07 0 0.809017 0.587785 0 0.707107 0.707107 0 0.707107 0.707107 0 0.809017 0.587785 0 0.891007 0.453991 0 0.891007 0.453991 0 0.309017 0.951057 0 0.45399 0.891007 0 0.309017 0.951057 0 0.45399 0.891007 0 0.587785 0.809017 0 0.587785 0.809017 0 0.156435 0.987688 0 0.156435 0.987688 0 5.96244e-09 1 0 5.96244e-09 1 0 0.309017 -0.951057 0 0.156435 -0.987688 0 0.309017 -0.951057 0 6.95355e-08 -1 0 0.156434 -0.987688 0 -1.68883e-07 -1 -0 0.587785 -0.809017 0 0.707107 -0.707107 0 0.707107 -0.707107 0 0.587785 -0.809017 0 0.453991 -0.891007 0 0.453991 -0.891007 0 0.951057 -0.309017 0 0.891007 -0.45399 0 0.951057 -0.309017 0 0.891007 -0.45399 0 0.809017 -0.587785 0 0.809017 -0.587785 0 0.987688 -0.156435 0 0.987688 -0.156435 0 1 -5.96244e-09 0 1 -5.96244e-09 0 -0.987688 -0.156435 0 -1 -5.96244e-09 0 -1 -5.96244e-09 0 -0.809017 -0.587785 0 -0.891007 -0.45399 0 -0.891007 -0.45399 0 -0.951057 -0.309017 0 -0.987688 -0.156435 0 -0.951057 -0.309017 0 -0.587785 -0.809017 0 -0.453991 -0.891007 0 -0.587785 -0.809017 0 -0.809017 -0.587785 0 -0.707107 -0.707107 0 -0.707107 -0.707107 0 -0.309017 -0.951057 0 -0.156435 -0.987688 0 -0.309017 -0.951057 0 -0.453991 -0.891007 0 -6.95355e-08 -1 0 -0.156434 -0.987688 0 1.68883e-07 -1 0 -0.156435 0.987688 0 -5.96244e-09 1 0 -5.96244e-09 1 0 -0.587785 0.809017 0 -0.45399 0.891007 0 -0.45399 0.891007 0 -0.309017 0.951057 0 -0.156435 0.987688 0 -0.309017 0.951057 0 -0.809017 0.587785 0 -0.891007 0.453991 0 -0.809017 0.587785 0 -0.587785 0.809017 0 -0.707107 0.707107 0 -0.707107 0.707107 0 -0.951057 0.309017 0 -0.987688 0.156435 0 -0.951057 0.309017 0 -0.891007 0.453991 0 -1 6.95355e-08 0 -0.987688 0.156434 0 -1 -1.68883e-07 0 0.988622 0 -0.150423 1 0 -5.96244e-09 1 0 -5.96244e-09 0.848339 0 -0.529454 0.909132 0 -0.416507 0.891007 0 -0.45399 0.957036 0 -0.289971 0.987688 0 -0.156435 0.951057 0 -0.309017 0.707107 0 -0.707107 0.587785 0 -0.809017 0.608033 0 -0.793912 0.809017 0 -0.587785 0.77634 0 -0.630314 0.453991 0 -0.891007 0.309017 0 -0.951057 0.416507 0 -0.909132 0.514634 0 -0.85741 0.211452 0 -0.977388 0.315034 0 -0.94908 0.106016 0 -0.994364 0.156434 0 -0.987688 -1.68883e-07 0 -1 6.95355e-08 0 -1 0.695775 0 -0.71826 0.781831 0.62349 0 0.846724 0.532032 0 0.809017 0.587785 0 0.900969 0.433884 0 0.891007 0.45399 0 0.951057 0.309017 0 0.943883 0.330279 0 0.974928 0.222521 0 0.987688 0.156435 0 1 5.96244e-09 0 0.993712 0.111965 0 1 5.96244e-09 0 0.707107 0.707107 0 0.707107 0.707107 0 0.62349 0.781832 0 0.587785 0.809017 0 0.532032 0.846724 0 0.433884 0.900969 0 0.453991 0.891007 0 0.330279 0.943883 0 0.309017 0.951057 0 0.156434 0.987688 0 0.222521 0.974928 0 -1.68883e-07 1 0 0.111965 0.993712 0 6.95355e-08 1 0 0.453991 -2.77191e-08 -0.891007 0.587785 -1.03535e-07 -0.809017 0.499554 0.126224 -0.857037 0.755168 0.253707 -0.604445 0.631542 0.272464 -0.725891 0.765612 0.10252 -0.635081 0.86562 0.0857892 -0.493297 0.891007 6.50736e-08 -0.45399 0.939327 0.0664513 -0.336525 0.809017 -3.24304e-08 -0.587785 0.707107 -7.03977e-08 -0.707107 0.642342 0.116137 -0.757568 0.951057 -7.64596e-08 -0.309017 0.984493 0.0450943 -0.169527 0.855849 0.227241 -0.464634 0.930525 0.193871 -0.310705 0.83328 0.362193 -0.417685 0.987688 -9.0596e-08 -0.156434 1 3.06619e-08 -2.10158e-08 0.341588 0.132476 -0.930466 0.309017 -8.35257e-08 -0.951057 0.488728 0.282942 -0.825281 0.173243 0.134704 -0.975624 6.4282e-06 0.13062 -0.991432 -8.17991e-06 0.258612 -0.965981 0.156434 7.02028e-09 -0.987688 0.731046 0.397946 -0.554266 0.568158 0.559718 -0.603251 0.6066 0.421608 -0.674005 -7.57256e-09 8.59648e-08 -1 0.463723 0.43246 -0.773266 0.798496 0.487161 -0.353664 0.644596 0.650962 -0.40093 0.693869 0.531514 -0.485838 0.425185 0.570915 -0.702334 0.37411 0.694733 -0.614319 0.455072 0.788946 -0.412885 0.584501 0.753204 -0.301733 0.383347 0.874144 -0.29819 0.303888 0.936622 -0.174331 0.515135 0.8356 -0.190809 0.438289 0.896024 -0.071023 0.160254 0.948762 -0.272341 0.239911 0.886128 -0.39651 0.0749003 0.987001 -0.142192 -0.000121092 0.965935 -0.258786 1.08695e-07 1 -1.27057e-07 -6.51584e-05 0.991448 -0.130505 0.111928 0.993716 0.000135148 0.218747 0.974766 -0.0445062 -4.80522e-05 0.382513 -0.92395 0.16334 0.278051 -0.946577 0.140469 0.414813 -0.898999 -6.74528e-05 0.49991 -0.866078 0.105219 0.541456 -0.834119 -5.01743e-05 0.608736 -0.793373 0.331064 0.284824 -0.899596 0.976928 0.15461 -0.147336 0.993664 0.11239 -0.000198553 0.51721 0.683227 -0.515455 0.311816 0.800716 -0.511492 0.306756 0.430171 -0.849031 0.910195 0.315435 -0.268414 0.959454 0.259093 -0.110987 0.97488 0.22273 -0.000444919 0.0585009 0.65471 -0.753613 0.269293 0.564765 -0.780078 0.932524 0.355846 -0.06142 0.900972 0.433877 -0.00018269 0.837335 0.528676 -0.139183 0.878862 0.428006 -0.210744 -1.86969e-08 0.707107 -0.707107 0.219642 0.68513 -0.694517 0.752396 0.598917 -0.274222 0.943887 0.330267 -0.000289952 0.159085 0.788158 -0.594558 0.69617 0.694576 -0.181413 0.786687 0.614845 -0.0555802 0.84677 0.531959 -0.00042062 -9.4869e-05 0.793344 -0.608774 -0.000149087 0.86603 -0.499992 0.0891865 0.871187 -0.482783 -0.000154442 0.923891 -0.382655 0.63127 0.771668 -0.077631 0.707107 0.707107 1.00113e-07 0.78189 0.623416 -0.000353865 0.532093 0.846686 -0.000258595 0.623535 0.781795 -0.000215506 0.3303 0.943876 -7.92654e-05 0.433917 0.900953 -0.000129949 0.22257 0.974917 -0.000180736 1.2662e-16 0.707107 -0.707107 1.42064e-16 0.793353 -0.608761 1.2662e-16 0.707107 -0.707107 1.0901e-16 0.608761 -0.793353 1.05254e-16 0.587785 -0.809017 8.12953e-17 0.453991 -0.891007 8.95341e-17 0.5 -0.866025 5.53351e-17 0.309017 -0.951057 6.85264e-17 0.382683 -0.92388 4.63463e-17 0.258819 -0.965926 2.80124e-17 0.156434 -0.987688 -3.02416e-23 -1.68883e-07 -1 2.33731e-17 0.130526 -0.991445 1.24516e-23 6.95355e-08 -1 1.44869e-16 0.809017 -0.587785 1.55078e-16 0.866025 -0.5 1.59551e-16 0.891007 -0.45399 1.70304e-16 0.951057 -0.309017 1.65437e-16 0.92388 -0.382683 1.72967e-16 0.965926 -0.258819 1.76864e-16 0.987688 -0.156435 1.77536e-16 0.991445 -0.130526 1.79068e-16 1 -5.96244e-09 1.79068e-16 1 -5.96244e-09 -0.532032 0.846724 0 -0.587785 0.809017 0 -0.62349 0.781831 0 -0.453991 0.891007 0 -0.433884 0.900969 0 -0.330279 0.943883 0 -0.309017 0.951057 0 -0.156435 0.987688 0 -0.222521 0.974928 0 -0.111964 0.993712 0 -6.95355e-08 1 0 1.68883e-07 1 0 -0.707107 0.707107 0 -0.707107 0.707107 0 -0.781831 0.62349 0 -0.809017 0.587785 0 -0.846724 0.532032 0 -0.900969 0.433884 0 -0.891007 0.45399 0 -0.943883 0.330279 0 -0.951057 0.309017 0 -0.987688 0.156435 0 -0.974928 0.222521 0 -1 5.96244e-09 0 -0.993712 0.111965 0 -1 5.96244e-09 0 2.77191e-08 0.453991 -0.891007 1.03535e-07 0.587785 -0.809017 -0.126224 0.499554 -0.857037 -0.253707 0.755168 -0.604445 -0.272464 0.631542 -0.725891 -0.10252 0.765612 -0.635081 -0.0857892 0.86562 -0.493297 -6.50736e-08 0.891007 -0.45399 -0.0664513 0.939327 -0.336525 3.24304e-08 0.809017 -0.587785 7.03977e-08 0.707107 -0.707107 -0.116137 0.642342 -0.757568 7.64596e-08 0.951057 -0.309017 -0.0450943 0.984493 -0.169527 -0.227241 0.855849 -0.464634 -0.193871 0.930525 -0.310705 -0.362193 0.83328 -0.417685 9.0596e-08 0.987688 -0.156434 -3.06619e-08 1 -2.10158e-08 -0.132476 0.341588 -0.930466 8.35257e-08 0.309017 -0.951057 -0.282942 0.488728 -0.825281 -0.134704 0.173243 -0.975624 -0.13062 6.4282e-06 -0.991432 -0.258612 -8.17991e-06 -0.965981 -7.02028e-09 0.156434 -0.987688 -0.397946 0.731046 -0.554266 -0.559718 0.568158 -0.603251 -0.421608 0.6066 -0.674005 -8.59648e-08 -7.57256e-09 -1 -0.43246 0.463723 -0.773266 -0.487161 0.798496 -0.353664 -0.650962 0.644596 -0.40093 -0.531514 0.693869 -0.485838 -0.570915 0.425185 -0.702334 -0.694733 0.37411 -0.614319 -0.788946 0.455072 -0.412885 -0.753204 0.584501 -0.301733 -0.874144 0.383347 -0.29819 -0.936622 0.303888 -0.174331 -0.8356 0.515135 -0.190809 -0.896024 0.438289 -0.071023 -0.948762 0.160254 -0.272341 -0.886128 0.239911 -0.39651 -0.987001 0.0749003 -0.142192 -0.965935 -0.000121092 -0.258786 -1 1.08695e-07 -1.27057e-07 -0.991448 -6.51584e-05 -0.130505 -0.993716 0.111928 0.000135148 -0.974766 0.218747 -0.0445062 -0.382513 -4.80522e-05 -0.92395 -0.278051 0.16334 -0.946577 -0.414813 0.140469 -0.898999 -0.49991 -6.74528e-05 -0.866078 -0.541456 0.105219 -0.834119 -0.608736 -5.01743e-05 -0.793373 -0.284824 0.331064 -0.899596 -0.15461 0.976928 -0.147336 -0.11239 0.993664 -0.000198553 -0.683227 0.51721 -0.515455 -0.800716 0.311816 -0.511492 -0.430171 0.306756 -0.849031 -0.315435 0.910195 -0.268414 -0.259093 0.959454 -0.110987 -0.22273 0.97488 -0.000444919 -0.65471 0.0585009 -0.753613 -0.564765 0.269293 -0.780078 -0.355846 0.932524 -0.06142 -0.433877 0.900972 -0.00018269 -0.528676 0.837335 -0.139183 -0.428006 0.878862 -0.210744 -0.707107 -1.86969e-08 -0.707107 -0.68513 0.219642 -0.694517 -0.598917 0.752396 -0.274222 -0.330267 0.943887 -0.000289952 -0.788158 0.159085 -0.594558 -0.694576 0.69617 -0.181413 -0.614845 0.786687 -0.0555802 -0.531959 0.84677 -0.00042062 -0.793344 -9.4869e-05 -0.608774 -0.86603 -0.000149087 -0.499992 -0.871187 0.0891865 -0.482783 -0.923891 -0.000154442 -0.382655 -0.771668 0.63127 -0.077631 -0.707107 0.707107 1.00113e-07 -0.623416 0.78189 -0.000353865 -0.846686 0.532093 -0.000258595 -0.781795 0.623535 -0.000215506 -0.943876 0.3303 -7.92654e-05 -0.900953 0.433917 -0.000129949 -0.974917 0.22257 -0.000180736 -0.696099 -0 -0.717946 -0.60839 -0 -0.793638 -0.608761 -0 -0.793353 -0.5 -0 -0.866025 -0.514838 -0 -0.857287 -0.41664 -0 -0.909072 -0.382683 -0 -0.92388 -0.315445 -0 -0.948944 -0.258819 -0 -0.965926 -0.130526 -0 -0.991445 -0.211579 -0 -0.977361 -0.106016 -0 -0.994364 -6.95355e-08 -0 -1 1.68883e-07 0 -1 -0.707107 -0 -0.707107 -0.776667 0 -0.629911 -0.793353 0 -0.608761 -0.866025 0 -0.5 -0.848507 0 -0.529184 -0.92388 0 -0.382683 -0.909547 0 -0.4156 -0.957122 0 -0.289684 -0.965926 0 -0.258819 -0.991445 0 -0.130526 -0.988622 0 -0.150423 -1 0 -5.96244e-09 -1 0 -5.96244e-09 -0.988622 0 -0.150423 -1 0 -5.96244e-09 -1 0 -5.96244e-09 -0.848339 0 -0.529454 -0.909132 0 -0.416507 -0.891007 0 -0.45399 -0.957036 0 -0.289971 -0.987688 0 -0.156435 -0.951057 0 -0.309017 -0.707107 0 -0.707107 -0.587785 -0 -0.809017 -0.608033 -0 -0.793912 -0.809017 0 -0.587785 -0.77634 0 -0.630314 -0.453991 -0 -0.891007 -0.309017 -0 -0.951057 -0.416507 -0 -0.909132 -0.514634 -0 -0.85741 -0.211452 -0 -0.977388 -0.315034 -0 -0.94908 -0.106016 -0 -0.994364 -0.156434 -0 -0.987688 1.68883e-07 0 -1 -6.95355e-08 -0 -1 -0.695775 -0 -0.71826 -0.846724 -0.532032 -0 -0.809017 -0.587785 -0 -0.781831 -0.62349 -0 -0.891007 -0.453991 -0 -0.900969 -0.433884 -0 -0.943883 -0.330279 -0 -0.951057 -0.309017 -0 -0.987688 -0.156435 -0 -0.974928 -0.222521 -0 -0.993712 -0.111964 -0 -1 -6.95355e-08 -0 -1 1.68883e-07 0 -0.707107 -0.707107 -0 -0.707107 -0.707107 0 -0.62349 -0.781831 0 -0.587785 -0.809017 0 -0.532032 -0.846724 0 -0.433884 -0.900969 0 -0.45399 -0.891007 0 -0.330279 -0.943883 0 -0.309017 -0.951057 0 -0.156435 -0.987688 0 -0.222521 -0.974928 0 -5.96244e-09 -1 0 -0.111965 -0.993712 0 -5.96244e-09 -1 0 -0.453991 2.77191e-08 -0.891007 -0.587785 1.03535e-07 -0.809017 -0.499554 -0.126224 -0.857037 -0.755168 -0.253707 -0.604445 -0.631542 -0.272464 -0.725891 -0.765612 -0.10252 -0.635081 -0.86562 -0.0857892 -0.493297 -0.891007 -6.50736e-08 -0.45399 -0.939327 -0.0664513 -0.336525 -0.809017 3.24304e-08 -0.587785 -0.707107 7.03977e-08 -0.707107 -0.642342 -0.116137 -0.757568 -0.951057 7.64596e-08 -0.309017 -0.984493 -0.0450943 -0.169527 -0.855849 -0.227241 -0.464634 -0.930525 -0.193871 -0.310705 -0.83328 -0.362193 -0.417685 -0.987688 9.0596e-08 -0.156434 -1 -3.06619e-08 -2.10158e-08 -0.341588 -0.132476 -0.930466 -0.309017 8.35257e-08 -0.951057 -0.488728 -0.282942 -0.825281 -0.173243 -0.134704 -0.975624 -6.4282e-06 -0.13062 -0.991432 8.17991e-06 -0.258612 -0.965981 -0.156434 -7.02028e-09 -0.987688 -0.731046 -0.397946 -0.554266 -0.568158 -0.559718 -0.603251 -0.6066 -0.421608 -0.674005 7.57256e-09 -8.59648e-08 -1 -0.463723 -0.43246 -0.773266 -0.798496 -0.487161 -0.353664 -0.644596 -0.650962 -0.40093 -0.693869 -0.531514 -0.485838 -0.425185 -0.570915 -0.702334 -0.37411 -0.694733 -0.614319 -0.455072 -0.788946 -0.412885 -0.584501 -0.753204 -0.301733 -0.383347 -0.874144 -0.29819 -0.303888 -0.936622 -0.174331 -0.515135 -0.8356 -0.190809 -0.438289 -0.896024 -0.071023 -0.160254 -0.948762 -0.272341 -0.239911 -0.886128 -0.39651 -0.0749003 -0.987001 -0.142192 0.000121092 -0.965935 -0.258786 -1.08695e-07 -1 -1.27057e-07 6.51584e-05 -0.991448 -0.130505 -0.111928 -0.993716 0.000135148 -0.218747 -0.974766 -0.0445062 4.80522e-05 -0.382513 -0.92395 -0.16334 -0.278051 -0.946577 -0.140469 -0.414813 -0.898999 6.74528e-05 -0.49991 -0.866078 -0.105219 -0.541456 -0.834119 5.01743e-05 -0.608736 -0.793373 -0.331064 -0.284824 -0.899596 -0.976928 -0.15461 -0.147336 -0.993664 -0.11239 -0.000198553 -0.51721 -0.683227 -0.515455 -0.311816 -0.800716 -0.511492 -0.306756 -0.430171 -0.849031 -0.910195 -0.315435 -0.268414 -0.959454 -0.259093 -0.110987 -0.97488 -0.22273 -0.000444919 -0.0585009 -0.65471 -0.753613 -0.269293 -0.564765 -0.780078 -0.932524 -0.355846 -0.06142 -0.900972 -0.433877 -0.00018269 -0.837335 -0.528676 -0.139183 -0.878862 -0.428006 -0.210744 1.86969e-08 -0.707107 -0.707107 -0.219642 -0.68513 -0.694517 -0.752396 -0.598917 -0.274222 -0.943887 -0.330267 -0.000289952 -0.159085 -0.788158 -0.594558 -0.69617 -0.694576 -0.181413 -0.786687 -0.614845 -0.0555802 -0.84677 -0.531959 -0.00042062 9.4869e-05 -0.793344 -0.608774 0.000149087 -0.86603 -0.499992 -0.0891865 -0.871187 -0.482783 0.000154442 -0.923891 -0.382655 -0.63127 -0.771668 -0.077631 -0.707107 -0.707107 1.00113e-07 -0.78189 -0.623416 -0.000353865 -0.532093 -0.846686 -0.000258595 -0.623535 -0.781795 -0.000215506 -0.3303 -0.943876 -7.92654e-05 -0.433917 -0.900953 -0.000129949 -0.22257 -0.974917 -0.000180736 0.211579 0 -0.977361 0.156435 0 -0.987688 0.309017 0 -0.951057 6.95355e-08 0 -1 0.106016 0 -0.994364 -1.68883e-07 0 -1 0.453991 0 -0.891007 0.514838 0 -0.857287 0.41664 0 -0.909072 0.315445 0 -0.948944 0.696099 0 -0.717946 0.707107 0 -0.707107 0.776667 0 -0.629911 0.587785 0 -0.809017 0.60839 0 -0.793638 0.909547 0 -0.4156 0.891007 0 -0.45399 0.951057 0 -0.309017 0.848507 0 -0.529184 0.809017 0 -0.587785 0.987688 0 -0.156435 0.957122 0 -0.289684 1 0 -5.96244e-09 0.988622 0 -0.150423 1 0 -5.96244e-09 -1.11647e-16 -0.62349 -0.781831 -1.0901e-16 -0.608761 -0.793353 -1.2662e-16 -0.707107 -0.707107 -8.95341e-17 -0.5 -0.866025 -9.52701e-17 -0.532032 -0.846724 -7.76948e-17 -0.433884 -0.900969 -6.85264e-17 -0.382683 -0.92388 -5.91425e-17 -0.330279 -0.943883 -4.63463e-17 -0.258819 -0.965926 -2.33731e-17 -0.130526 -0.991445 -3.98464e-17 -0.222521 -0.974928 -2.00493e-17 -0.111964 -0.993712 -1.24516e-23 -6.95355e-08 -1 3.02416e-23 1.68883e-07 -1 -1.2662e-16 -0.707107 -0.707107 -1.40001e-16 -0.781831 -0.62349 -1.42064e-16 -0.793353 -0.608761 -1.55078e-16 -0.866025 -0.5 -1.51621e-16 -0.846724 -0.532032 -1.65437e-16 -0.92388 -0.382683 -1.61335e-16 -0.900969 -0.433884 -1.6902e-16 -0.943883 -0.330279 -1.72967e-16 -0.965926 -0.258819 -1.77536e-16 -0.991445 -0.130526 -1.74579e-16 -0.974928 -0.222521 -1.79068e-16 -1 -5.96244e-09 -1.77942e-16 -0.993712 -0.111965 -1.79068e-16 -1 -5.96244e-09 0.891007 2.77191e-08 -0.453991 0.809017 1.03535e-07 -0.587785 0.857037 -0.126224 -0.499554 0.604445 -0.253707 -0.755168 0.725891 -0.272464 -0.631542 0.635081 -0.10252 -0.765612 0.493297 -0.0857892 -0.86562 0.45399 -6.50736e-08 -0.891007 0.336525 -0.0664513 -0.939327 0.587785 3.24304e-08 -0.809017 0.707107 7.03977e-08 -0.707107 0.757568 -0.116137 -0.642342 0.309017 7.64596e-08 -0.951057 0.169527 -0.0450943 -0.984493 0.464634 -0.227241 -0.855849 0.310705 -0.193871 -0.930525 0.417685 -0.362193 -0.83328 0.156434 9.0596e-08 -0.987688 2.10158e-08 -3.06619e-08 -1 0.930466 -0.132476 -0.341588 0.951057 8.35257e-08 -0.309017 0.825281 -0.282942 -0.488728 0.975624 -0.134704 -0.173243 0.991432 -0.13062 -6.4282e-06 0.965981 -0.258612 8.17991e-06 0.987688 -7.02028e-09 -0.156434 0.554266 -0.397946 -0.731046 0.603251 -0.559718 -0.568158 0.674005 -0.421608 -0.6066 1 -8.59648e-08 7.57256e-09 0.773266 -0.43246 -0.463723 0.353664 -0.487161 -0.798496 0.40093 -0.650962 -0.644596 0.485838 -0.531514 -0.693869 0.702334 -0.570915 -0.425185 0.614319 -0.694733 -0.37411 0.412885 -0.788946 -0.455072 0.301733 -0.753204 -0.584501 0.29819 -0.874144 -0.383347 0.174331 -0.936622 -0.303888 0.190809 -0.8356 -0.515135 0.071023 -0.896024 -0.438289 0.272341 -0.948762 -0.160254 0.39651 -0.886128 -0.239911 0.142192 -0.987001 -0.0749003 0.258786 -0.965935 0.000121092 1.27057e-07 -1 -1.08695e-07 0.130505 -0.991448 6.51584e-05 -0.000135148 -0.993716 -0.111928 0.0445062 -0.974766 -0.218747 0.92395 -0.382513 4.80522e-05 0.946577 -0.278051 -0.16334 0.898999 -0.414813 -0.140469 0.866078 -0.49991 6.74528e-05 0.834119 -0.541456 -0.105219 0.793373 -0.608736 5.01743e-05 0.899596 -0.284824 -0.331064 0.147336 -0.15461 -0.976928 0.000198553 -0.11239 -0.993664 0.515455 -0.683227 -0.51721 0.511492 -0.800716 -0.311816 0.849031 -0.430171 -0.306756 0.268414 -0.315435 -0.910195 0.110987 -0.259093 -0.959454 0.000444919 -0.22273 -0.97488 0.753613 -0.65471 -0.0585009 0.780078 -0.564765 -0.269293 0.06142 -0.355846 -0.932524 0.00018269 -0.433877 -0.900972 0.139183 -0.528676 -0.837335 0.210744 -0.428006 -0.878862 0.707107 -0.707107 1.86969e-08 0.694517 -0.68513 -0.219642 0.274222 -0.598917 -0.752396 0.000289952 -0.330267 -0.943887 0.594558 -0.788158 -0.159085 0.181413 -0.694576 -0.69617 0.0555802 -0.614845 -0.786687 0.00042062 -0.531959 -0.84677 0.608774 -0.793344 9.4869e-05 0.499992 -0.86603 0.000149087 0.482783 -0.871187 -0.0891865 0.382655 -0.923891 0.000154442 0.077631 -0.771668 -0.63127 -1.00113e-07 -0.707107 -0.707107 0.000353865 -0.623416 -0.78189 0.000258595 -0.846686 -0.532093 0.000215506 -0.781795 -0.623535 7.92654e-05 -0.943876 -0.3303 0.000129949 -0.900953 -0.433917 0.000180736 -0.974917 -0.22257 0.608761 -0.793353 0 0.587785 -0.809017 0 0.707107 -0.707107 0 0.45399 -0.891007 0 0.5 -0.866025 0 0.382683 -0.92388 0 0.309017 -0.951057 0 0.258819 -0.965926 0 0.156435 -0.987688 0 5.96244e-09 -1 0 0.130526 -0.991445 0 5.96244e-09 -1 0 0.707107 -0.707107 0 0.809017 -0.587785 0 0.793353 -0.608761 0 0.891007 -0.453991 0 0.866025 -0.5 0 0.92388 -0.382683 0 0.951057 -0.309017 0 0.987688 -0.156434 0 0.965926 -0.258819 0 1 1.68883e-07 0 0.991445 -0.130526 0 1 -6.95355e-08 0 0 0 -1 0 0 -1 0 0 -1 0 0 -1 0 -1 9.63735e-17 0 -1 9.63735e-17 0 -1 9.63735e-17 0 -1 9.63735e-17 0 0 1 0 0 1 0 0 1 0 0 1 0 1 0 0 1 0 0 1 0 0 1 0 -1 0 0 -1 0 0 -1 0 0 -1 0 0 -0 -0.169001 -0.985616 0 1.37181e-11 -1 0 5.41667e-23 -1 -0 -0.62822 -0.778036 -0 -0.487695 -0.873014 -0 -0.487695 -0.873014 -0 -0.33314 -0.942877 -0 -0.33314 -0.942877 -0 -0.169001 -0.985616 -0 -0.851529 -0.524307 -0 -0.851529 -0.524307 -0 -0.927889 -0.372856 -0 -0.62822 -0.778036 -0 -0.750672 -0.660675 -0 -0.750672 -0.660675 -0 -0.999099 -0.0424412 0 -0.9919 0.127018 -0 -0.999099 -0.0424412 -0 -0.977555 -0.210679 -0 -0.977555 -0.210679 -0 -0.927889 -0.372857 0 -0.803997 0.594633 0 -0.892926 0.450204 0 -0.892926 0.450204 0 -0.956167 0.292823 0 -0.9919 0.127018 0 -0.956167 0.292823 0 -0.559975 0.82851 0 -0.559975 0.82851 0 -0.411901 0.911229 0 -0.803997 0.594633 0 -0.691939 0.721956 0 -0.691939 0.721956 0 -0.0848059 0.996397 0 0.0848059 0.996397 0 -0.0848059 0.996397 0 -0.251978 0.967733 0 -0.251978 0.967733 0 -0.411901 0.911228 0 0.559975 0.82851 0 0.411901 0.911228 0 0.411901 0.911228 0 0.251978 0.967733 0 0.0848059 0.996397 0 0.251978 0.967733 0 0.803997 0.594633 0 0.803997 0.594633 0 0.892926 0.450204 0 0.559975 0.82851 0 0.691939 0.721956 0 0.691939 0.721956 0 0.9919 0.127018 0 0.999099 -0.0424415 0 0.9919 0.127018 0 0.956167 0.292823 0 0.956167 0.292823 0 0.892926 0.450204 0 0.999099 -0.042441 0 0.977555 -0.210679 0 0.977555 -0.210679 0 0.927889 -0.372857 0 0.927889 -0.372856 0 0.851529 -0.524307 0 0.851529 -0.524307 0 0.750672 -0.660675 0 0.750672 -0.660675 0 0.62822 -0.778036 0 0.62822 -0.778036 0 0.487695 -0.873014 0 0.487695 -0.873014 0 0.33314 -0.942877 0 0.33314 -0.942877 0 0.169001 -0.985616 0 0.169001 -0.985616 -1 0 0 -1 0 0 -1 0 0 -1 0 0 -1 0 0 -1 0 0 -1 0 0 -1 0 0 -1 0 0 -1 0 0 -1 0 0 -1 0 0 -1 0 0 -1 0 0 -1 0 0 -1 0 0 -1 0 0 -1 0 0 -1 0 0 -1 0 0 -1 0 0 -1 0 0 -1 0 0 -1 0 0 -1 0 0 -1 0 0 -1 0 0 -1 0 0 -1 0 0 -1 0 0 -1 0 0 -1 0 0 -1 0 0 -1 0 0 -1 0 0 -1 0 0 -1 0 0 -0 -0.169001 -0.985616 0 1.37181e-11 -1 0 5.41667e-23 -1 -0 -0.62822 -0.778036 -0 -0.487695 -0.873014 -0 -0.487695 -0.873014 -0 -0.33314 -0.942877 -0 -0.33314 -0.942877 -0 -0.169001 -0.985616 -0 -0.851529 -0.524307 -0 -0.851529 -0.524307 -0 -0.927889 -0.372856 -0 -0.62822 -0.778036 -0 -0.750672 -0.660675 -0 -0.750672 -0.660675 -0 -0.999099 -0.0424412 0 -0.9919 0.127018 -0 -0.999099 -0.0424412 -0 -0.977555 -0.210679 -0 -0.977555 -0.210679 -0 -0.927889 -0.372857 0 -0.803997 0.594633 0 -0.892926 0.450204 0 -0.892926 0.450204 0 -0.956167 0.292823 0 -0.9919 0.127018 0 -0.956167 0.292823 0 -0.559975 0.82851 0 -0.559975 0.82851 0 -0.411901 0.911229 0 -0.803997 0.594633 0 -0.691939 0.721956 0 -0.691939 0.721956 0 -0.0848059 0.996397 0 0.0848059 0.996397 0 -0.0848059 0.996397 0 -0.251978 0.967733 0 -0.251978 0.967733 0 -0.411901 0.911228 0 0.559975 0.82851 0 0.411901 0.911228 0 0.411901 0.911228 0 0.251978 0.967733 0 0.0848059 0.996397 0 0.251978 0.967733 0 0.803997 0.594633 0 0.803997 0.594633 0 0.892926 0.450204 0 0.559975 0.82851 0 0.691939 0.721956 0 0.691939 0.721956 0 0.9919 0.127018 0 0.999099 -0.0424415 0 0.9919 0.127018 0 0.956167 0.292823 0 0.956167 0.292823 0 0.892926 0.450204 0 0.999099 -0.042441 0 0.977555 -0.210679 0 0.977555 -0.210679 0 0.927889 -0.372857 0 0.927889 -0.372856 0 0.851529 -0.524307 0 0.851529 -0.524307 0 0.750672 -0.660675 0 0.750672 -0.660675 0 0.62822 -0.778036 0 0.62822 -0.778036 0 0.487695 -0.873014 0 0.487695 -0.873014 0 0.33314 -0.942877 0 0.33314 -0.942877 0 0.169001 -0.985616 0 0.169001 -0.985616 -1 0 0 -1 0 0 -1 0 0 -1 0 0 -1 0 0 -1 0 0 -1 0 0 -1 0 0 -1 0 0 -1 0 0 -1 0 0 -1 0 0 -1 0 0 -1 0 0 -1 0 0 -1 0 0 -1 0 0 -1 0 0 -1 0 0 -1 0 0 -1 0 0 -1 0 0 -1 0 0 -1 0 0 -1 0 0 -1 0 0 -1 0 0 -1 0 0 -1 0 0 -1 0 0 -1 0 0 -1 0 0 -1 0 0 -1 0 0 -1 0 0 -1 0 0 -1 0 0 -0 -0.169001 -0.985616 0 1.37181e-11 -1 0 5.41667e-23 -1 -0 -0.62822 -0.778036 -0 -0.487695 -0.873014 -0 -0.487695 -0.873014 -0 -0.33314 -0.942877 -0 -0.33314 -0.942877 -0 -0.169001 -0.985616 -0 -0.851529 -0.524307 -0 -0.851529 -0.524307 -0 -0.927889 -0.372856 -0 -0.62822 -0.778036 -0 -0.750672 -0.660675 -0 -0.750672 -0.660675 -0 -0.999099 -0.0424412 0 -0.9919 0.127018 -0 -0.999099 -0.0424412 -0 -0.977555 -0.210679 -0 -0.977555 -0.210679 -0 -0.927889 -0.372857 0 -0.803997 0.594633 0 -0.892926 0.450204 0 -0.892926 0.450204 0 -0.956167 0.292823 0 -0.9919 0.127018 0 -0.956167 0.292823 0 -0.559975 0.82851 0 -0.559975 0.82851 0 -0.411901 0.911229 0 -0.803997 0.594633 0 -0.691939 0.721956 0 -0.691939 0.721956 0 -0.0848059 0.996397 0 0.0848059 0.996397 0 -0.0848059 0.996397 0 -0.251978 0.967733 0 -0.251978 0.967733 0 -0.411901 0.911228 0 0.559975 0.82851 0 0.411901 0.911228 0 0.411901 0.911228 0 0.251978 0.967733 0 0.0848059 0.996397 0 0.251978 0.967733 0 0.803997 0.594633 0 0.803997 0.594633 0 0.892926 0.450204 0 0.559975 0.82851 0 0.691939 0.721956 0 0.691939 0.721956 0 0.9919 0.127018 0 0.999099 -0.0424415 0 0.9919 0.127018 0 0.956167 0.292823 0 0.956167 0.292823 0 0.892926 0.450204 0 0.999099 -0.042441 0 0.977555 -0.210679 0 0.977555 -0.210679 0 0.927889 -0.372857 0 0.927889 -0.372856 0 0.851529 -0.524307 0 0.851529 -0.524307 0 0.750672 -0.660675 0 0.750672 -0.660675 0 0.62822 -0.778036 0 0.62822 -0.778036 0 0.487695 -0.873014 0 0.487695 -0.873014 0 0.33314 -0.942877 0 0.33314 -0.942877 0 0.169001 -0.985616 0 0.169001 -0.985616 -1 0 0 -1 0 0 -1 0 0 -1 0 0 -1 0 0 -1 0 0 -1 0 0 -1 0 0 -1 0 0 -1 0 0 -1 0 0 -1 0 0 -1 0 0 -1 0 0 -1 0 0 -1 0 0 -1 0 0 -1 0 0 -1 0 0 -1 0 0 -1 0 0 -1 0 0 -1 0 0 -1 0 0 -1 0 0 -1 0 0 -1 0 0 -1 0 0 -1 0 0 -1 0 0 -1 0 0 -1 0 0 -1 0 0 -1 0 0 -1 0 0 -1 0 0 -1 0 0 -0 -0.169001 -0.985616 0 1.37181e-11 -1 0 5.41667e-23 -1 -0 -0.62822 -0.778036 -0 -0.487695 -0.873014 -0 -0.487695 -0.873014 -0 -0.33314 -0.942877 -0 -0.33314 -0.942877 -0 -0.169001 -0.985616 -0 -0.851529 -0.524307 -0 -0.851529 -0.524307 -0 -0.927889 -0.372856 -0 -0.62822 -0.778036 -0 -0.750672 -0.660675 -0 -0.750672 -0.660675 -0 -0.999099 -0.0424412 0 -0.9919 0.127018 -0 -0.999099 -0.0424412 -0 -0.977555 -0.210679 -0 -0.977555 -0.210679 -0 -0.927889 -0.372857 0 -0.803997 0.594633 0 -0.892926 0.450204 0 -0.892926 0.450204 0 -0.956167 0.292823 0 -0.9919 0.127018 0 -0.956167 0.292823 0 -0.559975 0.82851 0 -0.559975 0.82851 0 -0.411901 0.911229 0 -0.803997 0.594633 0 -0.691939 0.721956 0 -0.691939 0.721956 0 -0.0848059 0.996397 0 0.0848059 0.996397 0 -0.0848059 0.996397 0 -0.251978 0.967733 0 -0.251978 0.967733 0 -0.411901 0.911228 0 0.559975 0.82851 0 0.411901 0.911228 0 0.411901 0.911228 0 0.251978 0.967733 0 0.0848059 0.996397 0 0.251978 0.967733 0 0.803997 0.594633 0 0.803997 0.594633 0 0.892926 0.450204 0 0.559975 0.82851 0 0.691939 0.721956 0 0.691939 0.721956 0 0.9919 0.127018 0 0.999099 -0.0424415 0 0.9919 0.127018 0 0.956167 0.292823 0 0.956167 0.292823 0 0.892926 0.450204 0 0.999099 -0.042441 0 0.977555 -0.210679 0 0.977555 -0.210679 0 0.927889 -0.372857 0 0.927889 -0.372856 0 0.851529 -0.524307 0 0.851529 -0.524307 0 0.750672 -0.660675 0 0.750672 -0.660675 0 0.62822 -0.778036 0 0.62822 -0.778036 0 0.487695 -0.873014 0 0.487695 -0.873014 0 0.33314 -0.942877 0 0.33314 -0.942877 0 0.169001 -0.985616 0 0.169001 -0.985616 -1 0 0 -1 0 0 -1 0 0 -1 0 0 -1 0 0 -1 0 0 -1 0 0 -1 0 0 -1 0 0 -1 0 0 -1 0 0 -1 0 0 -1 0 0 -1 0 0 -1 0 0 -1 0 0 -1 0 0 -1 0 0 -1 0 0 -1 0 0 -1 0 0 -1 0 0 -1 0 0 -1 0 0 -1 0 0 -1 0 0 -1 0 0 -1 0 0 -1 0 0 -1 0 0 -1 0 0 -1 0 0 -1 0 0 -1 0 0 -1 0 0 -1 0 0 -1 0 0 7.39159e-17 -0.30892 -0.951088 6.80077e-17 -0.284227 -0.958757 7.92001e-17 -0.331004 -0.943629 1.43563e-16 -0.6 -0.8 1.53491e-16 -0.641493 -0.767129 1.42903e-16 -0.59724 -0.802063 5.67474e-17 -0.237167 -0.971469 6.17907e-17 -0.258244 -0.96608 4.95522e-17 -0.207095 -0.978321 4.54199e-17 -0.189825 -0.981818 3.72252e-17 -0.155577 -0.987824 3.40726e-17 -0.142401 -0.989809 2.27352e-17 -0.0950182 -0.995476 2.48345e-17 -0.103792 -0.994599 1.24147e-17 -0.0518853 -0.998653 1.13682e-17 -0.0475116 -0.998871 1.66379e-23 -6.95355e-08 -1 1.66379e-23 -6.95355e-08 -1 8.58956e-17 -0.358987 -0.933343 9.03278e-17 -0.377511 -0.926005 9.77335e-17 -0.408461 -0.912776 1.01349e-16 -0.42357 -0.905863 1.09371e-16 -0.457097 -0.889417 1.20812e-16 -0.504912 -0.863171 1.12268e-16 -0.469205 -0.883089 1.22927e-16 -0.513755 -0.857937 1.31994e-16 -0.551649 -0.834077 1.33413e-16 -0.557579 -0.830124 1.6932e-16 -0.707647 -0.706567 1.63719e-16 -0.684236 -0.729261 1.56841e-16 -0.65549 -0.755204 1.91784e-16 -0.801529 -0.597955 1.82915e-16 -0.764462 -0.644668 1.91637e-16 -0.800916 -0.598777 1.80939e-16 -0.756204 -0.654336 1.73546e-16 -0.72531 -0.688423 2.1006e-16 -0.877912 -0.478822 2.17691e-16 -0.909805 -0.415036 2.14756e-16 -0.897537 -0.440939 2.00084e-16 -0.836219 -0.548395 2.0136e-16 -0.841554 -0.540173 2.07764e-16 -0.868316 -0.496012 2.26412e-16 -0.946254 -0.323424 2.29599e-16 -0.959571 -0.281466 2.3097e-16 -0.965304 -0.261128 2.20992e-16 -0.923602 -0.383354 2.24215e-16 -0.937071 -0.349139 2.33815e-16 -0.977191 -0.212362 2.36841e-16 -0.989841 -0.142177 2.34568e-16 -0.980341 -0.197309 2.38664e-16 -0.997457 -0.0712698 2.37165e-16 -0.991192 -0.132435 2.38745e-16 -0.997795 -0.0663639 2.39272e-16 -1 -5.96244e-09 2.39272e-16 -1 -5.96244e-09 2.62096e-06 -0.99807 -0.0620951 -5.93434e-09 -1 -0 0.156434 -0.987688 0 0.578884 -0.798084 -0.167198 0.44687 -0.879973 -0.161108 0.587785 -0.809017 0 0.667709 -0.667709 -0.329135 0.798084 -0.578884 -0.167198 0.766687 -0.553463 -0.325378 0.45399 -0.891007 0 0.153889 -0.978475 -0.137493 3.72474e-06 -0.99233 -0.123614 7.43482e-07 -0.982866 -0.18432 0.135693 -0.908214 -0.395898 0.122339 -0.850947 -0.510806 -1.55475e-06 -0.910475 -0.413564 0.304054 -0.940591 -0.15113 0.309017 -0.951057 0 4.11203e-07 -0.933383 -0.358882 2.76853e-08 -0.856378 -0.51635 1.60724e-06 -0.884737 -0.466091 0.146634 -0.951447 -0.270642 2.42787e-06 -0.953196 -0.302353 0.707107 -0.707107 0 0.514843 -0.718447 -0.46773 0.553463 -0.766687 -0.325378 0.696907 -0.696907 -0.16924 0.809017 -0.587785 0 0.940591 -0.304054 -0.15113 0.978475 -0.153889 -0.137493 0.910196 -0.289913 -0.295793 0.891007 -0.453991 0 0.879973 -0.44687 -0.161108 0.951056 -0.309017 0 0.987688 -0.156434 0 0.848138 -0.426565 -0.314172 0.998073 -2.62636e-06 -0.0620578 1 5.93439e-09 0 0.72872 -0.213805 -0.650581 0.664335 -0.316586 -0.677076 0.800874 -0.242434 -0.547564 0.426565 -0.848138 -0.314172 0.395824 -0.798789 -0.453055 0.850947 -0.122339 -0.510806 0.781879 -0.107734 -0.614051 0.623139 -0.623139 -0.472649 0.718447 -0.514843 -0.46773 -3.13763e-06 -0.720957 -0.69298 0.0927776 -0.703067 -0.705045 0.0780182 -0.616255 -0.783672 0.657994 -0.467218 -0.590551 0.567799 -0.567799 -0.595994 0.736166 -0.358102 -0.574302 0.467218 -0.657994 -0.590551 0.358102 -0.736166 -0.574302 0.586626 -0.273727 -0.762196 0.505997 -0.505997 -0.698523 0.589708 -0.414483 -0.693144 0.414483 -0.589708 -0.693144 0.316586 -0.664335 -0.677076 0.601882 3.06906e-06 -0.798585 0.616255 -0.0780182 -0.783672 0.642993 1.11147e-06 -0.765872 0.063762 -0.522943 -0.849979 0.0500975 -0.424402 -0.904087 -2.72307e-06 -0.516042 -0.856563 0.338242 -0.149399 -0.929124 0.474244 -0.127085 -0.871173 0.382178 -0.0999717 -0.918665 0.517079 -0.35965 -0.776712 0.441108 -0.441108 -0.781567 0.35965 -0.517079 -0.776712 0.273727 -0.586626 -0.762196 0.424402 -0.0500975 -0.904087 0.522943 -0.063762 -0.849979 0.375388 -0.375388 -0.847447 0.44251 -0.304689 -0.843415 0.304689 -0.44251 -0.843415 0.231093 -0.505423 -0.831351 0.42702 -3.71035e-08 -0.904242 0.321796 -0.0370096 -0.946085 0.367486 -0.250704 -0.895601 0.310156 -0.310156 -0.89867 0.198155 -0.292789 -0.935419 0.246024 -0.246024 -0.93752 0.147091 -0.218747 -0.964632 0.250704 -0.367486 -0.895601 0.189544 -0.422309 -0.886413 0.11065 -0.253778 -0.960913 0.216179 -0.0243931 -0.976049 0.192793 -0.0487596 -0.980027 0.292789 -0.198155 -0.935419 0.149399 -0.338242 -0.929124 0.183154 -0.183154 -0.965872 0.218747 -0.147091 -0.964632 0.192923 1.823e-06 -0.981214 0.108588 -0.0121072 -0.994013 2.04293e-07 -0.96978 -0.243983 -2.60587e-06 -0.825601 -0.564254 0.107734 -0.781879 -0.614051 0.289913 -0.910196 -0.295793 0.862485 -0.268554 -0.428951 0.798789 -0.395824 -0.453055 0.982858 -7.48304e-07 -0.184362 0.951447 -0.146634 -0.270642 0.992339 -3.72218e-06 -0.123545 1.15372e-06 -0.792649 -0.609679 -2.01945e-07 -0.757713 -0.652588 0.268554 -0.862485 -0.428951 0.953231 -2.43076e-06 -0.302242 0.908214 -0.135693 -0.395898 0.969767 -1.9716e-07 -0.244033 1.4188e-06 -0.682601 -0.730791 0.242434 -0.800874 -0.547564 -1.31373e-06 -0.471814 -0.881698 0.91053 1.54877e-06 -0.413443 0.933402 -4.05869e-07 -0.358832 -3.0965e-06 -0.601648 -0.798761 -1.06821e-06 -0.642787 -0.766045 0.213805 -0.72872 -0.650581 0.792792 -1.18597e-06 -0.609493 0.703067 -0.0927776 -0.705045 0.856466 -6.41485e-09 -0.516203 0.884812 -1.61804e-06 -0.465948 1.69262e-06 -0.559395 -0.828901 0.184396 -0.648877 -0.738212 -3.45565e-06 -0.287763 -0.957702 0.0243931 -0.216179 -0.976049 -1.5328e-06 -0.240468 -0.970657 0.721145 3.13331e-06 -0.692784 0.648877 -0.184396 -0.738212 0.825721 2.60397e-06 -0.564078 8.35553e-08 -0.426769 -0.90436 0.0370096 -0.321796 -0.946085 -3.88246e-06 -0.381004 -0.924574 0.155293 -0.563519 -0.811375 0.505423 -0.231093 -0.831351 0.563519 -0.155293 -0.811375 0.757851 2.33552e-07 -0.652427 1.6016e-06 -0.334674 -0.942334 0.127085 -0.474244 -0.871173 0.0242169 -0.0966017 -0.995028 -1.70888e-05 -0.0157255 -0.999876 0.0121072 -0.108588 -0.994013 0.422308 -0.189543 -0.886413 0.682789 -1.44608e-06 -0.730616 -1.79168e-06 -0.192779 -0.981242 -5.54993e-06 -0.144814 -0.989459 0.0999717 -0.382178 -0.918665 0.288157 -0.0739244 -0.954726 0.5163 2.7595e-06 -0.856408 0.559587 -1.68361e-06 -0.828772 -2.98191e-07 -0.0966674 -0.995317 -1.69396e-05 -0.0483456 -0.998831 0.0739244 -0.288157 -0.954726 0.0972952 -0.145381 -0.98458 0.253778 -0.11065 -0.960913 0.169185 -0.0730698 -0.982872 0.381257 3.87355e-06 -0.924469 0.47204 1.24954e-06 -0.881577 0.0487596 -0.192793 -0.980027 0.0730698 -0.169185 -0.982872 0.121408 -0.121408 -0.98515 0.0484111 -0.0725486 -0.996189 0.288023 3.49004e-06 -0.957624 0.145381 -0.0972952 -0.98458 0.334888 -1.60482e-06 -0.942258 0.0363194 -0.0845875 -0.995754 0.0966016 -0.0242169 -0.995028 0.144879 5.53676e-06 -0.989449 0.0604887 -0.0604887 -0.996334 0.0845874 -0.0363193 -0.995754 0.0725486 -0.0484111 -0.996189 0.240645 1.48251e-06 -0.970613 0.0483163 1.69528e-05 -0.998832 0.0966408 2.91982e-07 -0.995319 0.641493 0 -0.767129 0.59724 0 -0.802063 0.620898 0 -0.783891 0.577633 0 -0.816296 0.551649 0 -0.834077 0.533185 0 -0.845998 0.504912 0 -0.863171 0.487701 0 -0.873011 0.457097 0 -0.889417 0.441338 0 -0.897341 0.408461 0 -0.912776 0.358987 0 -0.933343 0.39414 0 -0.91905 0.30892 0 -0.951088 0.346324 0 -0.938115 0.29785 0 -0.954613 0.662881 0 -0.748725 0.258244 0 -0.96608 0.248937 0 -0.96852 0.199609 0 -0.979876 0.207095 0 -0.978321 0.155577 0 -0.987824 0.149961 0 -0.988692 0.103792 0 -0.994599 0.100112 0 -0.994976 0.0500609 0 -0.998746 0.0518853 0 -0.998653 6.95355e-08 0 -1 6.95355e-08 0 -1 0.684236 0 -0.729261 0.703337 0 -0.710857 0.742171 0 -0.670211 0.72531 0 -0.688423 0.764462 0 -0.644668 0.779147 0 -0.626841 0.814074 0 -0.580761 0.801529 0 -0.597955 0.846725 0 -0.53203 0.836219 0 -0.548395 0.868316 0 -0.496012 0.876871 0 -0.480725 0.904287 0 -0.426924 0.897537 0 -0.440939 0.928812 0 -0.370552 0.923602 0 -0.383354 0.946254 0 -0.323424 0.949998 0 -0.312254 0.967747 0 -0.251924 0.965304 0 -0.261128 0.981715 0 -0.190356 0.980341 0 -0.197309 0.991192 0 -0.132435 0.991809 0 -0.127732 0.99795 0 -0.0639971 0.997795 0 -0.0663639 1 0 -5.96244e-09 1 0 -5.96244e-09 0.99807 2.62096e-06 -0.0620951 1 -5.93429e-09 0 0.987688 0.156434 0 0.798084 0.578884 -0.167198 0.879973 0.44687 -0.161108 0.809017 0.587785 0 0.667709 0.667709 -0.329135 0.578884 0.798084 -0.167198 0.553463 0.766687 -0.325378 0.891007 0.45399 0 0.978475 0.153889 -0.137493 0.99233 3.72474e-06 -0.123614 0.982866 7.43482e-07 -0.18432 0.908214 0.135693 -0.395898 0.850947 0.122339 -0.510806 0.910475 -1.55475e-06 -0.413564 0.940591 0.304054 -0.15113 0.951057 0.309017 0 0.933383 4.11203e-07 -0.358882 0.856378 2.76854e-08 -0.51635 0.884737 1.60724e-06 -0.466091 0.951447 0.146634 -0.270642 0.953196 2.42787e-06 -0.302353 0.707107 0.707107 0 0.718447 0.514843 -0.46773 0.766687 0.553463 -0.325378 0.696907 0.696907 -0.16924 0.587785 0.809017 0 0.304054 0.940591 -0.15113 0.153889 0.978475 -0.137493 0.289913 0.910196 -0.295793 0.453991 0.891007 0 0.44687 0.879973 -0.161108 0.309017 0.951056 0 0.156434 0.987688 0 0.426565 0.848138 -0.314172 2.62636e-06 0.998073 -0.0620578 -5.93434e-09 1 0 0.213805 0.72872 -0.650581 0.316586 0.664335 -0.677076 0.242434 0.800874 -0.547564 0.848138 0.426565 -0.314172 0.798789 0.395824 -0.453055 0.122339 0.850947 -0.510806 0.107734 0.781879 -0.614051 0.623139 0.623139 -0.472649 0.514843 0.718447 -0.46773 0.720957 -3.13763e-06 -0.69298 0.703067 0.0927776 -0.705045 0.616255 0.0780182 -0.783672 0.467218 0.657994 -0.590551 0.567799 0.567799 -0.595994 0.358102 0.736166 -0.574302 0.657994 0.467218 -0.590551 0.736166 0.358102 -0.574302 0.273727 0.586626 -0.762196 0.505997 0.505997 -0.698523 0.414483 0.589708 -0.693144 0.589708 0.414483 -0.693144 0.664335 0.316586 -0.677076 -3.06906e-06 0.601882 -0.798585 0.0780182 0.616255 -0.783672 -1.11147e-06 0.642993 -0.765872 0.522943 0.063762 -0.849979 0.424402 0.0500975 -0.904087 0.516042 -2.72307e-06 -0.856563 0.149399 0.338242 -0.929124 0.127085 0.474244 -0.871173 0.0999717 0.382178 -0.918665 0.35965 0.517079 -0.776712 0.441108 0.441108 -0.781567 0.517079 0.35965 -0.776712 0.586626 0.273727 -0.762196 0.0500975 0.424402 -0.904087 0.063762 0.522943 -0.849979 0.375388 0.375388 -0.847447 0.304689 0.44251 -0.843415 0.44251 0.304689 -0.843415 0.505423 0.231093 -0.831351 3.71036e-08 0.42702 -0.904242 0.0370096 0.321796 -0.946085 0.250704 0.367486 -0.895601 0.310156 0.310156 -0.89867 0.292789 0.198155 -0.935419 0.246024 0.246024 -0.93752 0.218747 0.147091 -0.964632 0.367486 0.250704 -0.895601 0.422309 0.189544 -0.886413 0.253778 0.11065 -0.960913 0.0243931 0.216179 -0.976049 0.0487596 0.192793 -0.980027 0.198155 0.292789 -0.935419 0.338242 0.149399 -0.929124 0.183154 0.183154 -0.965872 0.147091 0.218747 -0.964632 -1.823e-06 0.192923 -0.981214 0.0121072 0.108588 -0.994013 0.96978 2.04292e-07 -0.243983 0.825601 -2.60587e-06 -0.564254 0.781879 0.107734 -0.614051 0.910196 0.289913 -0.295793 0.268554 0.862485 -0.428951 0.395824 0.798789 -0.453055 7.48304e-07 0.982858 -0.184362 0.146634 0.951447 -0.270642 3.72218e-06 0.992339 -0.123545 0.792649 1.15372e-06 -0.609679 0.757713 -2.01945e-07 -0.652588 0.862485 0.268554 -0.428951 2.43076e-06 0.953231 -0.302242 0.135693 0.908214 -0.395898 1.9716e-07 0.969767 -0.244033 0.682601 1.4188e-06 -0.730791 0.800874 0.242434 -0.547564 0.471814 -1.31373e-06 -0.881698 -1.54877e-06 0.91053 -0.413443 4.05869e-07 0.933402 -0.358832 0.601648 -3.0965e-06 -0.798761 0.642787 -1.06821e-06 -0.766045 0.72872 0.213805 -0.650581 1.18597e-06 0.792792 -0.609493 0.0927776 0.703067 -0.705045 6.41457e-09 0.856466 -0.516203 1.61804e-06 0.884812 -0.465948 0.559395 1.69262e-06 -0.828901 0.648877 0.184396 -0.738212 0.287763 -3.45565e-06 -0.957702 0.216179 0.0243931 -0.976049 0.240468 -1.5328e-06 -0.970657 -3.13331e-06 0.721145 -0.692784 0.184396 0.648877 -0.738212 -2.60397e-06 0.825721 -0.564078 0.426769 8.35553e-08 -0.90436 0.321796 0.0370096 -0.946085 0.381004 -3.88246e-06 -0.924574 0.563519 0.155293 -0.811375 0.231093 0.505423 -0.831351 0.155293 0.563519 -0.811375 -2.33552e-07 0.757851 -0.652427 0.334674 1.6016e-06 -0.942334 0.474244 0.127085 -0.871173 0.0966017 0.0242169 -0.995028 0.0157255 -1.70888e-05 -0.999876 0.108588 0.0121072 -0.994013 0.189543 0.422308 -0.886413 1.44608e-06 0.682789 -0.730616 0.192779 -1.79168e-06 -0.981242 0.144814 -5.54993e-06 -0.989459 0.382178 0.0999717 -0.918665 0.0739244 0.288157 -0.954726 -2.7595e-06 0.5163 -0.856408 1.68361e-06 0.559587 -0.828772 0.0966674 -2.98191e-07 -0.995317 0.0483456 -1.69396e-05 -0.998831 0.288157 0.0739244 -0.954726 0.145381 0.0972952 -0.98458 0.11065 0.253778 -0.960913 0.0730698 0.169185 -0.982872 -3.87355e-06 0.381257 -0.924469 -1.24954e-06 0.47204 -0.881577 0.192793 0.0487596 -0.980027 0.169185 0.0730698 -0.982872 0.121408 0.121408 -0.98515 0.0725486 0.0484111 -0.996189 -3.49004e-06 0.288023 -0.957624 0.0972952 0.145381 -0.98458 1.60482e-06 0.334888 -0.942258 0.0845875 0.0363194 -0.995754 0.0242169 0.0966016 -0.995028 -5.53676e-06 0.144879 -0.989449 0.0604887 0.0604887 -0.996334 0.0363193 0.0845874 -0.995754 0.0484111 0.0725486 -0.996189 -1.48251e-06 0.240645 -0.970613 -1.69528e-05 0.0483163 -0.998832 -2.91982e-07 0.0966408 -0.995319 0 0.909805 -0.415036 0 0.904287 -0.426924 0 0.928812 -0.370552 0 0.533185 -0.845998 0 0.557579 -0.830124 0 0.513701 -0.857969 0 0.949998 -0.312254 0 0.937071 -0.349139 0 0.967747 -0.251924 0 0.959571 -0.281466 0 0.977191 -0.212362 0 0.981715 -0.190356 0 0.991809 -0.127732 0 0.989841 -0.142177 0 0.99795 -0.0639971 0 0.997457 -0.0712698 0 1 -5.96244e-09 0 1 -5.96244e-09 0 0.877912 -0.478822 0 0.846725 -0.53203 0 0.876871 -0.480725 0 0.841554 -0.540173 0 0.814074 -0.580761 0 0.800916 -0.598777 0 0.779147 -0.626841 0 0.742171 -0.670211 0 0.756204 -0.654336 0 0.707647 -0.706567 0 0.703337 -0.710857 0 0.65549 -0.755204 0 0.662881 -0.748725 0 0.6 -0.8 0 0.620898 -0.783891 0 0.469018 -0.883188 0 0.441338 -0.897341 0 0.487701 -0.873011 0 0.577633 -0.816296 0 0.331064 -0.943608 0 0.29785 -0.954613 0 0.346324 -0.938115 0 0.423562 -0.905867 0 0.377497 -0.926011 0 0.39414 -0.91905 0 0.199609 -0.979876 0 0.189821 -0.981819 0 0.149961 -0.988692 0 0.248937 -0.96852 0 0.284288 -0.958739 0 0.237161 -0.97147 0 0.142497 -0.989795 0 0.0950469 -0.995473 0 0.100112 -0.994976 0 0.0475116 -0.998871 0 0.0500609 -0.998746 0 6.95355e-08 -1 -0 -1.68883e-07 -1 0 -0.909805 -0.415036 0 -0.904287 -0.426924 0 -0.928812 -0.370552 0 -0.533185 -0.845998 0 -0.557579 -0.830124 0 -0.513701 -0.857969 0 -0.949998 -0.312254 0 -0.937071 -0.349139 0 -0.967747 -0.251924 0 -0.959571 -0.281466 0 -0.977191 -0.212362 0 -0.981715 -0.190356 0 -0.991809 -0.127732 0 -0.989841 -0.142177 0 -0.99795 -0.0639971 0 -0.997457 -0.0712698 0 -1 -5.96244e-09 0 -1 -5.96244e-09 0 -0.877912 -0.478822 0 -0.846725 -0.53203 0 -0.876871 -0.480725 0 -0.841554 -0.540173 0 -0.814074 -0.580761 0 -0.800916 -0.598777 0 -0.779147 -0.626841 0 -0.742171 -0.670211 0 -0.756204 -0.654336 0 -0.707647 -0.706567 0 -0.703337 -0.710857 0 -0.65549 -0.755204 0 -0.662881 -0.748725 0 -0.6 -0.8 0 -0.620898 -0.783891 0 -0.469018 -0.883188 0 -0.441338 -0.897341 0 -0.487701 -0.873011 0 -0.577633 -0.816296 0 -0.331064 -0.943608 0 -0.29785 -0.954613 0 -0.346324 -0.938115 0 -0.423562 -0.905867 0 -0.377497 -0.926011 0 -0.39414 -0.91905 0 -0.199609 -0.979876 0 -0.189821 -0.981819 0 -0.149961 -0.988692 0 -0.248937 -0.96852 0 -0.284288 -0.958739 0 -0.237161 -0.97147 0 -0.142497 -0.989795 0 -0.0950469 -0.995473 0 -0.100112 -0.994976 0 -0.0475116 -0.998871 0 -0.0500609 -0.998746 0 -6.95355e-08 -1 0 1.68883e-07 -1 -0.99807 -2.62096e-06 -0.0620951 -1 5.93429e-09 0 -0.987688 -0.156434 -0 -0.798084 -0.578884 -0.167198 -0.879973 -0.44687 -0.161108 -0.809017 -0.587785 -0 -0.667709 -0.667709 -0.329135 -0.578884 -0.798084 -0.167198 -0.553463 -0.766687 -0.325378 -0.891007 -0.45399 -0 -0.978475 -0.153889 -0.137493 -0.99233 -3.72474e-06 -0.123614 -0.982866 -7.43482e-07 -0.18432 -0.908214 -0.135693 -0.395898 -0.850947 -0.122339 -0.510806 -0.910475 1.55475e-06 -0.413564 -0.940591 -0.304054 -0.15113 -0.951057 -0.309017 -0 -0.933383 -4.11203e-07 -0.358882 -0.856378 -2.76854e-08 -0.51635 -0.884737 -1.60724e-06 -0.466091 -0.951447 -0.146634 -0.270642 -0.953196 -2.42787e-06 -0.302353 -0.707107 -0.707107 -0 -0.718447 -0.514843 -0.46773 -0.766687 -0.553463 -0.325378 -0.696907 -0.696907 -0.16924 -0.587785 -0.809017 -0 -0.304054 -0.940591 -0.15113 -0.153889 -0.978475 -0.137493 -0.289913 -0.910196 -0.295793 -0.453991 -0.891007 -0 -0.44687 -0.879973 -0.161108 -0.309017 -0.951056 -0 -0.156434 -0.987688 -0 -0.426565 -0.848138 -0.314172 -2.62636e-06 -0.998073 -0.0620578 5.93432e-09 -1 0 -0.213805 -0.72872 -0.650581 -0.316586 -0.664335 -0.677076 -0.242434 -0.800874 -0.547564 -0.848138 -0.426565 -0.314172 -0.798789 -0.395824 -0.453055 -0.122339 -0.850947 -0.510806 -0.107734 -0.781879 -0.614051 -0.623139 -0.623139 -0.472649 -0.514843 -0.718447 -0.46773 -0.720957 3.13763e-06 -0.69298 -0.703067 -0.0927776 -0.705045 -0.616255 -0.0780182 -0.783672 -0.467218 -0.657994 -0.590551 -0.567799 -0.567799 -0.595994 -0.358102 -0.736166 -0.574302 -0.657994 -0.467218 -0.590551 -0.736166 -0.358102 -0.574302 -0.273727 -0.586626 -0.762196 -0.505997 -0.505997 -0.698523 -0.414483 -0.589708 -0.693144 -0.589708 -0.414483 -0.693144 -0.664335 -0.316586 -0.677076 3.06906e-06 -0.601882 -0.798585 -0.0780182 -0.616255 -0.783672 1.11147e-06 -0.642993 -0.765872 -0.522943 -0.063762 -0.849979 -0.424402 -0.0500975 -0.904087 -0.516042 2.72307e-06 -0.856563 -0.149399 -0.338242 -0.929124 -0.127085 -0.474244 -0.871173 -0.0999717 -0.382178 -0.918665 -0.35965 -0.517079 -0.776712 -0.441108 -0.441108 -0.781567 -0.517079 -0.35965 -0.776712 -0.586626 -0.273727 -0.762196 -0.0500975 -0.424402 -0.904087 -0.063762 -0.522943 -0.849979 -0.375388 -0.375388 -0.847447 -0.304689 -0.44251 -0.843415 -0.44251 -0.304689 -0.843415 -0.505423 -0.231093 -0.831351 -3.71036e-08 -0.42702 -0.904242 -0.0370096 -0.321796 -0.946085 -0.250704 -0.367486 -0.895601 -0.310156 -0.310156 -0.89867 -0.292789 -0.198155 -0.935419 -0.246024 -0.246024 -0.93752 -0.218747 -0.147091 -0.964632 -0.367486 -0.250704 -0.895601 -0.422309 -0.189544 -0.886413 -0.253778 -0.11065 -0.960913 -0.0243931 -0.216179 -0.976049 -0.0487596 -0.192793 -0.980027 -0.198155 -0.292789 -0.935419 -0.338242 -0.149399 -0.929124 -0.183154 -0.183154 -0.965872 -0.147091 -0.218747 -0.964632 1.823e-06 -0.192923 -0.981214 -0.0121072 -0.108588 -0.994013 -0.96978 -2.04293e-07 -0.243983 -0.825601 2.60587e-06 -0.564254 -0.781879 -0.107734 -0.614051 -0.910196 -0.289913 -0.295793 -0.268554 -0.862485 -0.428951 -0.395824 -0.798789 -0.453055 -7.48304e-07 -0.982858 -0.184362 -0.146634 -0.951447 -0.270642 -3.72218e-06 -0.992339 -0.123545 -0.792649 -1.15372e-06 -0.609679 -0.757713 2.01945e-07 -0.652588 -0.862485 -0.268554 -0.428951 -2.43076e-06 -0.953231 -0.302242 -0.135693 -0.908214 -0.395898 -1.9716e-07 -0.969767 -0.244033 -0.682601 -1.4188e-06 -0.730791 -0.800874 -0.242434 -0.547564 -0.471814 1.31373e-06 -0.881698 1.54877e-06 -0.91053 -0.413443 -4.05869e-07 -0.933402 -0.358832 -0.601648 3.0965e-06 -0.798761 -0.642787 1.06821e-06 -0.766045 -0.72872 -0.213805 -0.650581 -1.18597e-06 -0.792792 -0.609493 -0.0927776 -0.703067 -0.705045 -6.41456e-09 -0.856466 -0.516203 -1.61804e-06 -0.884812 -0.465948 -0.559395 -1.69262e-06 -0.828901 -0.648877 -0.184396 -0.738212 -0.287763 3.45565e-06 -0.957702 -0.216179 -0.0243931 -0.976049 -0.240468 1.5328e-06 -0.970657 3.13331e-06 -0.721145 -0.692784 -0.184396 -0.648877 -0.738212 2.60397e-06 -0.825721 -0.564078 -0.426769 -8.35553e-08 -0.90436 -0.321796 -0.0370096 -0.946085 -0.381004 3.88246e-06 -0.924574 -0.563519 -0.155293 -0.811375 -0.231093 -0.505423 -0.831351 -0.155293 -0.563519 -0.811375 2.33552e-07 -0.757851 -0.652427 -0.334674 -1.6016e-06 -0.942334 -0.474244 -0.127085 -0.871173 -0.0966017 -0.0242169 -0.995028 -0.0157255 1.70888e-05 -0.999876 -0.108588 -0.0121072 -0.994013 -0.189543 -0.422308 -0.886413 -1.44608e-06 -0.682789 -0.730616 -0.192779 1.79168e-06 -0.981242 -0.144814 5.54993e-06 -0.989459 -0.382178 -0.0999717 -0.918665 -0.0739244 -0.288157 -0.954726 2.7595e-06 -0.5163 -0.856408 -1.68361e-06 -0.559587 -0.828772 -0.0966674 2.98191e-07 -0.995317 -0.0483456 1.69396e-05 -0.998831 -0.288157 -0.0739244 -0.954726 -0.145381 -0.0972952 -0.98458 -0.11065 -0.253778 -0.960913 -0.0730698 -0.169185 -0.982872 3.87355e-06 -0.381257 -0.924469 1.24954e-06 -0.47204 -0.881577 -0.192793 -0.0487596 -0.980027 -0.169185 -0.0730698 -0.982872 -0.121408 -0.121408 -0.98515 -0.0725486 -0.0484111 -0.996189 3.49004e-06 -0.288023 -0.957624 -0.0972952 -0.145381 -0.98458 -1.60482e-06 -0.334888 -0.942258 -0.0845875 -0.0363194 -0.995754 -0.0242169 -0.0966016 -0.995028 5.53676e-06 -0.144879 -0.989449 -0.0604887 -0.0604887 -0.996334 -0.0363193 -0.0845874 -0.995754 -0.0484111 -0.0725486 -0.996189 1.48251e-06 -0.240645 -0.970613 1.69528e-05 -0.0483163 -0.998832 2.91982e-07 -0.0966408 -0.995319 -0.997795 0 -0.0663639 -0.991192 0 -0.132435 -0.991809 0 -0.127732 -0.967747 0 -0.251924 -0.981715 0 -0.190356 -0.980341 0 -0.197309 -0.965304 0 -0.261128 -0.99795 0 -0.0639971 -0.949998 0 -0.312254 -1 0 -5.96244e-09 -0.946254 0 -0.323424 -0.928812 0 -0.370552 -0.923602 0 -0.383354 -1 0 -5.96244e-09 -0.904287 0 -0.426924 -0.897537 0 -0.440939 -0.876871 0 -0.480725 -0.846725 0 -0.53203 -0.868316 0 -0.496012 -0.836219 0 -0.548395 -0.814074 0 -0.580761 -0.801529 0 -0.597955 -0.779147 0 -0.626841 -0.742171 0 -0.670211 -0.764462 0 -0.644668 -0.72531 0 -0.688423 -0.703337 -0 -0.710857 -0.684236 -0 -0.729261 -0.662881 -0 -0.748725 -0.641493 -0 -0.767129 -0.59724 -0 -0.802063 -0.620898 -0 -0.783891 -0.577633 -0 -0.816296 -0.551649 -0 -0.834077 -0.504912 -0 -0.863171 -0.533185 -0 -0.845998 -0.457097 -0 -0.889417 -0.487701 -0 -0.873011 -0.441338 -0 -0.897341 -0.408461 -0 -0.912776 -0.358987 -0 -0.933343 -0.39414 -0 -0.91905 -0.30892 -0 -0.951088 -0.346324 -0 -0.938115 -0.29785 -0 -0.954613 -0.258244 -0 -0.96608 -0.207095 -0 -0.978321 -0.248937 -0 -0.96852 -0.155577 -0 -0.987824 -0.199609 -0 -0.979876 -0.149961 -0 -0.988692 -0.103792 -0 -0.994599 -0.0518853 -0 -0.998653 -0.100112 -0 -0.994976 -6.95355e-08 -0 -1 -0.0500609 -0 -0.998746 -6.95355e-08 -0 -1 -2.62096e-06 0.99807 -0.0620951 5.93434e-09 1 0 -0.156434 0.987688 0 -0.578884 0.798084 -0.167198 -0.44687 0.879973 -0.161108 -0.587785 0.809017 0 -0.667709 0.667709 -0.329135 -0.798084 0.578884 -0.167198 -0.766687 0.553463 -0.325378 -0.45399 0.891007 0 -0.153889 0.978475 -0.137493 -3.72474e-06 0.99233 -0.123614 -7.43482e-07 0.982866 -0.18432 -0.135693 0.908214 -0.395898 -0.122339 0.850947 -0.510806 1.55475e-06 0.910475 -0.413564 -0.304054 0.940591 -0.15113 -0.309017 0.951057 0 -4.11203e-07 0.933383 -0.358882 -2.76854e-08 0.856378 -0.51635 -1.60724e-06 0.884737 -0.466091 -0.146634 0.951447 -0.270642 -2.42787e-06 0.953196 -0.302353 -0.707107 0.707107 0 -0.514843 0.718447 -0.46773 -0.553463 0.766687 -0.325378 -0.696907 0.696907 -0.16924 -0.809017 0.587785 0 -0.940591 0.304054 -0.15113 -0.978475 0.153889 -0.137493 -0.910196 0.289913 -0.295793 -0.891007 0.453991 0 -0.879973 0.44687 -0.161108 -0.951056 0.309017 0 -0.987688 0.156434 0 -0.848138 0.426565 -0.314172 -0.998073 2.62636e-06 -0.0620578 -1 -5.93448e-09 -0 -0.72872 0.213805 -0.650581 -0.664335 0.316586 -0.677076 -0.800874 0.242434 -0.547564 -0.426565 0.848138 -0.314172 -0.395824 0.798789 -0.453055 -0.850947 0.122339 -0.510806 -0.781879 0.107734 -0.614051 -0.623139 0.623139 -0.472649 -0.718447 0.514843 -0.46773 3.13763e-06 0.720957 -0.69298 -0.0927776 0.703067 -0.705045 -0.0780182 0.616255 -0.783672 -0.657994 0.467218 -0.590551 -0.567799 0.567799 -0.595994 -0.736166 0.358102 -0.574302 -0.467218 0.657994 -0.590551 -0.358102 0.736166 -0.574302 -0.586626 0.273727 -0.762196 -0.505997 0.505997 -0.698523 -0.589708 0.414483 -0.693144 -0.414483 0.589708 -0.693144 -0.316586 0.664335 -0.677076 -0.601882 -3.06906e-06 -0.798585 -0.616255 0.0780182 -0.783672 -0.642993 -1.11147e-06 -0.765872 -0.063762 0.522943 -0.849979 -0.0500975 0.424402 -0.904087 2.72307e-06 0.516042 -0.856563 -0.338242 0.149399 -0.929124 -0.474244 0.127085 -0.871173 -0.382178 0.0999717 -0.918665 -0.517079 0.35965 -0.776712 -0.441108 0.441108 -0.781567 -0.35965 0.517079 -0.776712 -0.273727 0.586626 -0.762196 -0.424402 0.0500975 -0.904087 -0.522943 0.063762 -0.849979 -0.375388 0.375388 -0.847447 -0.44251 0.304689 -0.843415 -0.304689 0.44251 -0.843415 -0.231093 0.505423 -0.831351 -0.42702 3.71035e-08 -0.904242 -0.321796 0.0370096 -0.946085 -0.367486 0.250704 -0.895601 -0.310156 0.310156 -0.89867 -0.198155 0.292789 -0.935419 -0.246024 0.246024 -0.93752 -0.147091 0.218747 -0.964632 -0.250704 0.367486 -0.895601 -0.189544 0.422309 -0.886413 -0.11065 0.253778 -0.960913 -0.216179 0.0243931 -0.976049 -0.192793 0.0487596 -0.980027 -0.292789 0.198155 -0.935419 -0.149399 0.338242 -0.929124 -0.183154 0.183154 -0.965872 -0.218747 0.147091 -0.964632 -0.192923 -1.823e-06 -0.981214 -0.108588 0.0121072 -0.994013 -2.04293e-07 0.96978 -0.243983 2.60587e-06 0.825601 -0.564254 -0.107734 0.781879 -0.614051 -0.289913 0.910196 -0.295793 -0.862485 0.268554 -0.428951 -0.798789 0.395824 -0.453055 -0.982858 7.48304e-07 -0.184362 -0.951447 0.146634 -0.270642 -0.992339 3.72218e-06 -0.123545 -1.15372e-06 0.792649 -0.609679 2.01945e-07 0.757713 -0.652588 -0.268554 0.862485 -0.428951 -0.953231 2.43076e-06 -0.302242 -0.908214 0.135693 -0.395898 -0.969767 1.9716e-07 -0.244033 -1.4188e-06 0.682601 -0.730791 -0.242434 0.800874 -0.547564 1.31373e-06 0.471814 -0.881698 -0.91053 -1.54877e-06 -0.413443 -0.933402 4.05869e-07 -0.358832 3.0965e-06 0.601648 -0.798761 1.06821e-06 0.642787 -0.766045 -0.213805 0.72872 -0.650581 -0.792792 1.18597e-06 -0.609493 -0.703067 0.0927776 -0.705045 -0.856466 6.41484e-09 -0.516203 -0.884812 1.61804e-06 -0.465948 -1.69262e-06 0.559395 -0.828901 -0.184396 0.648877 -0.738212 3.45565e-06 0.287763 -0.957702 -0.0243931 0.216179 -0.976049 1.5328e-06 0.240468 -0.970657 -0.721145 -3.13331e-06 -0.692784 -0.648877 0.184396 -0.738212 -0.825721 -2.60397e-06 -0.564078 -8.35553e-08 0.426769 -0.90436 -0.0370096 0.321796 -0.946085 3.88246e-06 0.381004 -0.924574 -0.155293 0.563519 -0.811375 -0.505423 0.231093 -0.831351 -0.563519 0.155293 -0.811375 -0.757851 -2.33552e-07 -0.652427 -1.6016e-06 0.334674 -0.942334 -0.127085 0.474244 -0.871173 -0.0242169 0.0966017 -0.995028 1.70888e-05 0.0157255 -0.999876 -0.0121072 0.108588 -0.994013 -0.422308 0.189543 -0.886413 -0.682789 1.44608e-06 -0.730616 1.79168e-06 0.192779 -0.981242 5.54993e-06 0.144814 -0.989459 -0.0999717 0.382178 -0.918665 -0.288157 0.0739244 -0.954726 -0.5163 -2.7595e-06 -0.856408 -0.559587 1.68361e-06 -0.828772 2.98191e-07 0.0966674 -0.995317 1.69396e-05 0.0483456 -0.998831 -0.0739244 0.288157 -0.954726 -0.0972952 0.145381 -0.98458 -0.253778 0.11065 -0.960913 -0.169185 0.0730698 -0.982872 -0.381257 -3.87355e-06 -0.924469 -0.47204 -1.24954e-06 -0.881577 -0.0487596 0.192793 -0.980027 -0.0730698 0.169185 -0.982872 -0.121408 0.121408 -0.98515 -0.0484111 0.0725486 -0.996189 -0.288023 -3.49004e-06 -0.957624 -0.145381 0.0972952 -0.98458 -0.334888 1.60482e-06 -0.942258 -0.0363194 0.0845875 -0.995754 -0.0966016 0.0242169 -0.995028 -0.144879 -5.53676e-06 -0.989449 -0.0604887 0.0604887 -0.996334 -0.0845874 0.0363193 -0.995754 -0.0725486 0.0484111 -0.996189 -0.240645 -1.48251e-06 -0.970613 -0.0483163 -1.69528e-05 -0.998832 -0.0966408 -2.91982e-07 -0.995319 -2.37165e-16 0.991192 -0.132435 -2.36841e-16 0.989841 -0.142177 -2.38664e-16 0.997457 -0.0712698 -2.33815e-16 0.977191 -0.212362 -2.34568e-16 0.980341 -0.197309 -2.3097e-16 0.965304 -0.261128 -2.29599e-16 0.959571 -0.281466 -2.38745e-16 0.997795 -0.0663639 -2.26412e-16 0.946254 -0.323424 -2.39272e-16 1 -5.96244e-09 -2.24215e-16 0.937071 -0.349139 -2.20992e-16 0.923602 -0.383354 -2.17691e-16 0.909805 -0.415036 -2.39272e-16 1 -5.96244e-09 -2.14756e-16 0.897537 -0.440939 -2.07764e-16 0.868316 -0.496012 -2.1006e-16 0.877912 -0.478822 -2.0136e-16 0.841554 -0.540173 -2.00084e-16 0.836219 -0.548395 -1.91784e-16 0.801529 -0.597955 -1.91637e-16 0.800916 -0.598777 -1.80939e-16 0.756204 -0.654336 -1.82915e-16 0.764462 -0.644668 -1.73546e-16 0.72531 -0.688423 -1.6932e-16 0.707647 -0.706567 -1.63719e-16 0.684236 -0.729261 -1.56841e-16 0.65549 -0.755204 -1.43563e-16 0.6 -0.8 -1.53491e-16 0.641493 -0.767129 -1.33413e-16 0.557579 -0.830124 -1.42903e-16 0.59724 -0.802063 -1.31994e-16 0.551649 -0.834077 -1.22927e-16 0.513755 -0.857937 -1.20812e-16 0.504912 -0.863171 -1.12268e-16 0.469205 -0.883089 -1.01349e-16 0.42357 -0.905863 -1.09371e-16 0.457097 -0.889417 -9.77335e-17 0.408461 -0.912776 -9.03278e-17 0.377511 -0.926005 -8.58956e-17 0.358987 -0.933343 -7.92001e-17 0.331004 -0.943629 -6.80078e-17 0.284228 -0.958757 -7.39159e-17 0.30892 -0.951088 -6.17907e-17 0.258244 -0.96608 -5.67474e-17 0.237167 -0.971469 -4.95522e-17 0.207095 -0.978321 -4.54199e-17 0.189825 -0.981818 -3.40726e-17 0.142401 -0.989809 -3.72252e-17 0.155577 -0.987824 -2.48345e-17 0.103792 -0.994599 -2.27352e-17 0.0950179 -0.995476 -1.24147e-17 0.0518853 -0.998653 -1.13682e-17 0.0475116 -0.998871 -1.66379e-23 6.95355e-08 -1 -1.66379e-23 6.95355e-08 -1</float_array>
          <technique_common>
            <accessor count="2568" source="#ID8" stride="3">
              <param name="X" type="float"/>
              <param name="Y" type="float"/>
              <param name="Z" type="float"/>
            </accessor>
          </technique_common>
        </source>
        <vertices id="ID9">
          <input semantic="POSITION" source="#ID5"/>
          <input semantic="NORMAL" source="#ID7"/>
        </vertices>
        <triangles count="3128" material="ID10">
          <input offset="0" semantic="VERTEX" source="#ID9"/>
          <p>0 2 1 3 5 4 5 7 6 8 10 9 2 12 11 13 11 12 2 0 14 2 14 12 2 16 15 1 2 15 2 18 17 16 2 17 19 18 20 2 20 18 21 22 20 20 22 19 23 24 20 20 24 21 25 27 26 20 28 23 26 29 25 25 30 27 31 11 32 33 35 34 36 11 31 37 38 5 9 5 3 39 40 9 41 42 11 25 44 43 41 11 45 46 5 6 47 49 48 50 11 51 9 53 52 11 54 51 52 55 9 8 9 56 56 9 55 57 11 13 58 9 59 25 61 60 62 63 5 64 65 47 60 61 66 67 68 25 69 71 70 72 74 73 75 71 76 77 79 78 80 82 81 83 85 84 86 85 83 84 88 87 85 88 84 89 90 87 88 89 87 90 91 65 90 89 91 92 28 93 20 47 94 95 96 47 47 96 64 97 98 47 47 98 95 99 100 47 47 100 97 101 102 47 47 102 99 103 104 47 47 104 101 105 106 47 47 106 103 48 107 47 47 107 105 25 43 108 40 53 9 109 25 108 5 46 62 25 110 30 26 92 93 26 27 92 111 93 20 28 20 93 112 113 20 20 113 111 91 94 65 114 115 20 20 115 112 116 117 20 20 117 114 118 119 20 20 119 116 120 121 20 20 121 118 122 123 20 20 123 120 124 125 20 20 125 122 47 65 94 20 94 124 126 78 86 86 83 126 77 82 79 126 77 78 81 73 80 82 80 79 75 74 72 72 73 81 69 76 71 76 74 75 35 69 70 33 34 66 35 70 34 127 61 25 33 66 61 127 25 68 25 128 110 67 25 29 45 11 50 42 32 11 39 9 3 11 36 25 129 4 5 36 130 25 129 5 131 132 25 130 133 25 132 5 63 131 133 44 25 134 5 60 5 135 7 5 134 136 136 137 5 137 138 5 38 139 5 38 37 140 138 37 5 47 142 141 49 141 140 140 37 49 49 47 141 47 144 143 142 47 143 47 146 145 144 47 145 147 148 47 146 47 148 149 150 147 147 150 148 151 152 147 147 152 149 153 154 147 147 154 151 9 58 155 147 155 153 59 9 10 57 54 11 9 147 2 25 109 128 25 60 5 139 135 5 2 11 9 155 147 9 156 158 157 159 160 157 156 157 160 161 160 162 160 159 162 163 160 164 160 161 164 165 160 166 160 163 166 167 160 168 160 165 168 169 160 170 160 167 170 171 160 172 160 169 172 173 175 174 173 176 175 177 179 178 177 180 179 177 181 180 182 178 179 183 179 184 183 182 179 185 179 186 185 184 179 187 179 188 187 186 179 189 179 190 189 188 179 191 190 179 192 191 179 193 192 179 194 196 195 196 194 197 198 200 199 200 198 201 202 204 203 205 206 202 204 202 206 207 206 208 206 205 208 209 206 210 206 207 210 211 206 212 206 209 212 213 206 214 206 211 214 215 206 216 206 213 216 217 206 218 206 215 218 219 221 220 221 219 222 223 225 224 226 223 224 227 224 228 227 226 224 229 224 230 229 228 224 231 224 232 231 230 224 233 224 234 233 232 224 234 224 235 224 237 236 235 224 236 237 224 238 223 239 225 240 242 241 242 240 243 244 246 245 246 244 247 248 250 249 248 249 251 252 254 253 255 257 256 256 259 258 255 256 258 260 261 256 256 261 259 262 256 263 262 260 256 256 265 264 263 256 264 266 268 267 269 265 256 269 270 265 271 273 272 267 275 274 266 267 274 276 277 267 267 277 275 278 267 279 278 276 267 267 281 280 279 267 280 267 269 281 267 272 269 273 282 272 283 272 284 272 282 284 285 252 286 287 272 283 288 289 272 288 272 287 290 291 272 290 272 289 292 272 291 292 269 272 253 286 252 293 294 292 252 296 295 285 296 252 252 295 297 298 252 299 252 297 299 300 292 252 252 298 300 293 300 301 302 304 303 305 306 302 307 302 306 302 308 304 303 305 302 302 310 309 308 302 309 302 311 310 302 293 301 301 311 302 292 300 293 312 314 313 315 317 316 318 314 319 314 321 320 319 314 320 312 322 314 314 322 321 323 314 324 313 314 323 325 324 314 314 293 325 314 315 293 326 315 327 328 329 315 330 315 329 326 328 315 330 331 315 332 315 316 331 317 315 333 294 315 333 315 332 269 294 270 292 294 269 315 294 293 294 334 270 334 336 335 334 337 336 334 339 338 335 339 334 334 341 340 338 341 334 334 343 342 340 343 334 334 342 270 344 346 345 347 349 348 348 349 345 350 351 348 348 351 352 345 350 348 353 350 346 353 346 354 344 355 346 345 346 350 356 358 357 359 361 360 362 364 363 365 367 366 368 370 369 371 373 372 370 375 374 375 370 368 376 374 377 375 377 374 373 371 369 371 368 369 363 364 372 363 372 373 362 367 365 362 365 364 366 358 356 367 358 366 360 357 359 356 357 360 378 380 379 381 383 382 384 386 385 387 389 388 390 392 391 393 395 394 392 397 396 397 392 390 398 396 399 397 399 396 395 393 391 393 390 391 385 386 394 385 394 395 384 389 387 384 387 386 388 380 378 389 380 388 382 379 381 378 379 382 400 402 401 403 405 404 406 408 407 409 411 410 412 414 413 415 417 416 417 415 418 419 420 416 415 416 420 421 420 419 418 409 410 410 417 418 413 414 411 413 411 409 412 405 403 412 403 414 404 408 406 405 408 404 400 407 402 406 407 400 422 424 423 425 427 426 428 430 429 431 433 432 434 436 435 437 439 438 439 437 440 441 442 438 437 438 442 443 442 441 440 431 432 432 439 440 435 436 433 435 433 431 434 427 425 434 425 436 426 430 428 427 430 426 422 429 424 428 429 422 444 446 445 447 449 448 450 452 451 453 455 454 456 457 453 458 460 459 461 458 454 459 463 462 460 463 459 464 465 462 459 462 465 464 467 466 466 465 464 454 455 461 461 460 458 453 457 468 468 455 453 456 449 447 456 447 457 448 452 450 449 452 448 444 451 446 450 451 444 469 471 470 472 470 473 471 473 470 474 475 472 472 473 474 476 474 477 474 476 475 478 479 477 476 477 479 480 479 478 481 471 469 482 483 481 482 481 469 484 483 485 483 484 481 486 487 485 484 485 487 488 489 487 487 486 488 489 491 490 491 489 488 492 490 493 491 493 490 492 493 494 495 497 496 498 500 499 501 503 502 504 500 501 505 500 504 500 505 506 503 507 502 506 505 496 507 503 508 509 511 510 508 513 512 495 514 497 497 506 496 495 515 514 506 497 516 514 515 517 518 519 517 517 515 520 517 520 518 506 499 500 521 523 522 523 498 499 524 518 520 499 516 525 526 528 527 525 529 523 530 522 529 531 533 532 534 536 535 537 533 538 537 540 539 537 534 533 541 543 542 534 539 544 545 546 519 547 545 548 548 550 549 514 546 551 532 533 535 497 551 516 501 500 498 499 506 516 503 501 509 510 552 508 504 501 502 498 509 501 507 508 512 508 503 510 513 508 553 514 517 546 519 546 517 530 555 554 514 551 497 556 551 547 557 511 526 516 556 525 509 498 521 499 525 523 557 558 552 521 498 523 511 509 521 552 553 508 503 509 510 557 552 510 559 553 552 551 546 547 545 547 546 560 549 550 551 556 516 561 556 549 528 511 521 561 529 525 562 564 563 523 529 522 565 562 558 528 521 522 528 526 511 562 559 558 510 511 557 558 557 565 559 552 558 556 547 549 548 549 547 566 567 560 556 561 525 560 567 561 528 522 554 529 567 530 532 568 527 554 522 530 564 565 568 527 528 554 526 568 565 562 563 569 557 526 565 562 565 564 559 562 569 549 560 561 550 566 560 567 570 530 561 567 529 567 566 570 527 554 531 555 530 570 571 568 532 555 531 554 572 564 571 572 573 564 526 527 568 564 568 571 563 564 573 566 574 570 575 576 574 576 575 577 570 574 576 555 538 531 538 555 576 578 571 535 579 571 578 527 531 532 571 532 535 572 579 580 579 572 571 573 572 580 537 577 540 570 576 555 537 538 576 581 535 536 531 538 533 535 533 534 578 581 582 581 578 535 579 578 582 537 576 577 539 540 542 583 534 544 534 537 539 536 583 584 583 536 534 581 536 584 542 543 539 544 543 585 543 544 539 583 544 585 586 588 587 589 590 588 588 586 589 590 592 591 592 590 589 593 591 594 592 594 591 595 596 593 593 594 595 596 598 597 598 596 595 598 599 597 588 600 587 601 600 602 600 601 587 603 604 602 601 602 604 603 606 605 605 604 603 607 606 608 606 607 605 607 608 609 610 612 611 613 614 610 610 611 613 614 616 615 616 614 613 617 618 616 615 616 618 617 620 619 619 618 617 620 621 619 622 611 612 623 624 622 623 622 612 625 624 626 624 625 622 627 628 626 625 626 628 629 630 628 628 627 629 630 632 631 632 630 629 633 631 634 632 634 631 633 634 635 636 638 637 639 641 640 642 644 643 645 641 642 646 641 645 641 646 647 644 648 643 647 646 637 648 644 649 650 652 651 649 654 653 636 655 638 638 647 637 636 656 655 647 638 657 655 656 658 659 660 658 658 656 661 658 661 659 647 640 641 662 664 663 664 639 640 665 659 661 640 657 666 667 669 668 666 670 664 671 663 670 672 674 673 675 677 676 678 674 679 678 681 680 678 675 674 682 684 683 675 680 685 686 687 660 688 686 689 689 691 690 655 687 692 673 674 676 638 692 657 642 641 639 640 647 657 644 642 650 651 693 649 645 642 643 639 650 642 648 649 653 649 644 651 654 649 694 655 658 687 660 687 658 671 696 695 655 692 638 697 692 688 698 652 667 657 697 666 650 639 662 640 666 664 698 699 693 662 639 664 652 650 662 693 694 649 644 650 651 698 693 651 700 694 693 692 687 688 686 688 687 701 690 691 692 697 657 702 697 690 669 652 662 702 670 666 703 705 704 664 670 663 706 703 699 669 662 663 669 667 652 703 700 699 651 652 698 699 698 706 700 693 699 697 688 690 689 690 688 707 708 701 697 702 666 701 708 702 669 663 695 670 708 671 673 709 668 695 663 671 705 706 709 668 669 695 667 709 706 703 704 710 698 667 706 703 706 705 700 703 710 690 701 702 691 707 701 708 711 671 702 708 670 708 707 711 668 695 672 696 671 711 712 709 673 696 672 695 713 705 712 713 714 705 667 668 709 705 709 712 704 705 714 707 715 711 716 717 715 717 716 718 711 715 717 696 679 672 679 696 717 719 712 676 720 712 719 668 672 673 712 673 676 713 720 721 720 713 712 714 713 721 678 718 681 711 717 696 678 679 717 722 676 677 672 679 674 676 674 675 719 722 723 722 719 676 720 719 723 678 717 718 680 681 683 724 675 685 675 678 680 677 724 725 724 677 675 722 677 725 683 684 680 685 684 726 684 685 680 724 685 726 727 729 728 730 731 729 728 729 731 730 733 732 732 731 730 734 733 735 733 734 732 736 737 735 734 735 737 736 739 738 738 737 736 739 740 738 741 729 727 742 743 741 741 727 742 743 745 744 745 743 742 746 744 747 745 747 744 748 749 746 746 747 748 749 751 750 751 749 748 751 752 750 750 752 753 754 756 755 757 759 758 760 762 761 763 765 764 766 767 763 768 770 769 771 768 764 769 773 772 770 773 769 774 775 772 769 772 775 774 777 776 776 775 774 764 765 771 771 770 768 763 767 778 778 765 763 766 759 757 766 757 767 758 762 760 759 762 758 754 761 756 760 761 754 779 781 780 782 783 779 779 780 782 783 785 784 785 783 782 786 787 785 784 785 787 786 789 788 788 787 786 789 790 788 791 780 781 792 793 791 792 791 781 794 793 795 793 794 791 796 797 795 794 795 797 798 799 797 797 796 798 799 801 800 801 799 798 802 800 803 801 803 800 802 803 804 805 807 806 808 810 809 811 813 812 814 810 811 815 810 814 810 815 816 813 817 812 816 815 806 817 813 818 819 821 820 818 823 822 805 824 807 807 816 806 805 825 824 816 807 826 824 825 827 828 829 827 827 825 830 827 830 828 816 809 810 831 833 832 833 808 809 834 828 830 809 826 835 836 838 837 835 839 833 840 832 839 841 843 842 844 846 845 847 843 848 847 850 849 847 844 843 851 853 852 844 849 854 855 856 829 857 855 858 858 860 859 824 856 861 842 843 845 807 861 826 811 810 808 809 816 826 813 811 819 820 862 818 814 811 812 808 819 811 817 818 822 818 813 820 823 818 863 824 827 856 829 856 827 840 865 864 824 861 807 866 861 857 867 821 836 826 866 835 819 808 831 809 835 833 867 868 862 831 808 833 821 819 831 862 863 818 813 819 820 867 862 820 869 863 862 861 856 857 855 857 856 870 859 860 861 866 826 871 866 859 838 821 831 871 839 835 872 874 873 833 839 832 875 872 868 838 831 832 838 836 821 872 869 868 820 821 867 868 867 875 869 862 868 866 857 859 858 859 857 876 877 870 866 871 835 870 877 871 838 832 864 839 877 840 842 878 837 864 832 840 874 875 878 837 838 864 836 878 875 872 873 879 867 836 875 872 875 874 869 872 879 859 870 871 860 876 870 877 880 840 871 877 839 877 876 880 837 864 841 865 840 880 881 878 842 865 841 864 882 874 881 882 883 874 836 837 878 874 878 881 873 874 883 876 884 880 885 886 884 886 885 887 880 884 886 865 848 841 848 865 886 888 881 845 889 881 888 837 841 842 881 842 845 882 889 890 889 882 881 883 882 890 847 887 850 880 886 865 847 848 886 891 845 846 841 848 843 845 843 844 888 891 892 891 888 845 889 888 892 847 886 887 849 850 852 893 844 854 844 847 849 846 893 894 893 846 844 891 846 894 852 853 849 854 853 895 853 854 849 893 854 895 896 898 897 899 901 900 902 904 903 904 898 905 906 908 907 903 910 909 911 913 912 914 915 908 913 917 916 917 913 911 918 916 919 917 919 916 915 914 912 918 919 920 914 911 912 910 906 907 907 908 915 909 902 903 907 909 910 898 896 905 902 898 904 900 897 899 896 897 900 921 923 922 924 925 922 921 922 925 924 927 926 926 925 924 928 927 929 927 928 926 930 931 929 928 929 931 930 933 932 932 931 930 933 934 932 935 923 921 936 937 923 923 935 936 937 939 938 939 937 936 940 938 941 939 941 938 942 943 940 940 941 942 943 945 944 945 943 942 946 944 947 945 947 944 946 947 948 949 951 950 952 954 953 955 957 956 958 954 955 959 954 958 954 959 960 957 961 956 960 959 950 961 957 962 963 965 964 962 967 966 949 968 951 951 960 950 949 969 968 960 951 970 968 969 971 972 973 971 971 969 974 971 974 972 960 953 954 975 977 976 977 952 953 978 972 974 953 970 979 980 982 981 979 983 977 984 976 983 985 987 986 988 990 989 991 987 992 991 994 993 991 988 987 995 997 996 988 993 998 999 1000 973 1001 999 1002 1002 1004 1003 968 1000 1005 986 987 989 951 1005 970 955 954 952 953 960 970 957 955 963 964 1006 962 958 955 956 952 963 955 961 962 966 962 957 964 967 962 1007 968 971 1000 973 1000 971 984 1009 1008 968 1005 951 1010 1005 1001 1011 965 980 970 1010 979 963 952 975 953 979 977 1011 1012 1006 975 952 977 965 963 975 1006 1007 962 957 963 964 1011 1006 964 1013 1007 1006 1005 1000 1001 999 1001 1000 1014 1003 1004 1005 1010 970 1015 1010 1003 982 965 975 1015 983 979 1016 1018 1017 977 983 976 1019 1016 1012 982 975 976 982 980 965 1016 1013 1012 964 965 1011 1012 1011 1019 1013 1006 1012 1010 1001 1003 1002 1003 1001 1020 1021 1014 1010 1015 979 1014 1021 1015 982 976 1008 983 1021 984 986 1022 981 1008 976 984 1018 1019 1022 981 982 1008 980 1022 1019 1016 1017 1023 1011 980 1019 1016 1019 1018 1013 1016 1023 1003 1014 1015 1004 1020 1014 1021 1024 984 1015 1021 983 1021 1020 1024 981 1008 985 1009 984 1024 1025 1022 986 1009 985 1008 1026 1018 1025 1026 1027 1018 980 981 1022 1018 1022 1025 1017 1018 1027 1020 1028 1024 1029 1030 1028 1030 1029 1031 1024 1028 1030 1009 992 985 992 1009 1030 1032 1025 989 1033 1025 1032 981 985 986 1025 986 989 1026 1033 1034 1033 1026 1025 1027 1026 1034 991 1031 994 1024 1030 1009 991 992 1030 1035 989 990 985 992 987 989 987 988 1032 1035 1036 1035 1032 989 1033 1032 1036 991 1030 1031 993 994 996 1037 988 998 988 991 993 990 1037 1038 1037 990 988 1035 990 1038 996 997 993 998 997 1039 997 998 993 1037 998 1039 1040 1042 1041 1043 1044 1041 1040 1041 1044 1043 1046 1045 1045 1044 1043 1047 1046 1048 1046 1047 1045 1049 1050 1048 1047 1048 1050 1051 1050 1049 1052 1042 1040 1042 1054 1053 1054 1042 1052 1055 1053 1056 1054 1056 1053 1057 1058 1055 1055 1056 1057 1058 1060 1059 1060 1058 1057 1061 1059 1062 1060 1062 1059 1061 1062 1063 1064 1066 1065 1064 1065 1067 1068 1070 1069 1068 1071 1070 1072 1074 1073 1072 1075 1074 1076 1078 1077 1078 1076 1079 1080 1082 1081 1080 1081 1083 1084 1086 1085 1087 1089 1088 1090 1092 1091 1093 1095 1094 1096 1098 1097 1099 1101 1100 1102 1104 1103 1105 1107 1106 1108 1110 1109 1111 1113 1112 1114 1116 1115 1117 1119 1118 1120 1122 1121 1123 1125 1124 1126 1128 1127 1129 1131 1130 1132 1134 1133 1135 1137 1136 1138 1140 1139 1141 1143 1142 1142 1136 1141 1144 1145 1143 1142 1143 1145 1146 1144 1147 1144 1146 1145 1147 1149 1148 1148 1146 1147 1150 1151 1149 1148 1149 1151 1152 1150 1153 1150 1152 1151 1153 1155 1154 1154 1152 1153 1156 1157 1155 1154 1155 1157 1086 1156 1085 1156 1086 1157 1137 1135 1139 1136 1137 1141 1131 1140 1138 1138 1139 1135 1134 1129 1130 1129 1140 1131 1132 1133 1123 1134 1130 1133 1124 1125 1126 1132 1123 1124 1128 1118 1127 1125 1128 1126 1117 1121 1119 1118 1119 1127 1113 1122 1120 1120 1121 1117 1116 1111 1112 1111 1122 1113 1114 1115 1105 1116 1112 1115 1106 1107 1108 1114 1105 1106 1110 1100 1109 1107 1110 1108 1099 1103 1101 1100 1101 1109 1095 1104 1102 1102 1103 1099 1098 1093 1094 1093 1104 1095 1096 1097 1087 1098 1094 1097 1088 1089 1091 1096 1087 1088 1090 1084 1092 1089 1090 1091 1085 1092 1084 1158 1160 1159 1161 1163 1162 1164 1166 1165 1167 1169 1168 1170 1172 1171 1173 1175 1174 1174 1176 1173 1171 1172 1176 1174 1171 1176 1170 1166 1164 1172 1170 1164 1165 1167 1168 1165 1166 1167 1159 1169 1158 1159 1168 1169 1158 1177 1160 1177 1161 1178 1178 1160 1177 1163 1179 1162 1161 1162 1178 1180 1179 1181 1163 1181 1179 1182 1183 1180 1180 1181 1182 1183 1185 1184 1185 1183 1182 1185 1186 1184 1187 1189 1188 1186 1191 1190 1192 1188 1193 1193 1194 1192 1187 1191 1189 1188 1189 1193 1186 1190 1184 1187 1190 1191 1195 1197 1196 1198 1200 1199 1201 1203 1202 1204 1206 1205 1207 1209 1208 1210 1212 1211 1213 1215 1214 1216 1218 1217 1219 1221 1220 1222 1224 1223 1225 1227 1226 1228 1230 1229 1231 1233 1232 1234 1236 1235 1237 1239 1238 1240 1242 1241 1243 1245 1244 1246 1248 1247 1249 1251 1250 1252 1254 1253 1253 1247 1252 1255 1256 1254 1253 1254 1256 1257 1255 1258 1255 1257 1256 1258 1260 1259 1259 1257 1258 1261 1262 1260 1259 1260 1262 1263 1261 1264 1261 1263 1262 1264 1266 1265 1265 1263 1264 1267 1268 1266 1265 1266 1268 1197 1267 1196 1267 1197 1268 1248 1246 1250 1247 1248 1252 1242 1251 1249 1249 1250 1246 1245 1240 1241 1240 1251 1242 1243 1244 1234 1245 1241 1244 1235 1236 1237 1243 1234 1235 1239 1229 1238 1236 1239 1237 1228 1232 1230 1229 1230 1238 1224 1233 1231 1231 1232 1228 1227 1222 1223 1222 1233 1224 1225 1226 1216 1227 1223 1226 1217 1218 1219 1225 1216 1217 1221 1211 1220 1218 1221 1219 1210 1214 1212 1211 1212 1220 1206 1215 1213 1213 1214 1210 1209 1204 1205 1204 1215 1206 1207 1208 1198 1209 1205 1208 1199 1200 1202 1207 1198 1199 1201 1195 1203 1200 1201 1202 1196 1203 1195 1269 1271 1270 1272 1274 1273 1275 1277 1276 1278 1280 1279 1281 1283 1282 1284 1286 1285 1285 1287 1284 1282 1283 1287 1285 1282 1287 1281 1277 1275 1283 1281 1275 1276 1278 1279 1276 1277 1278 1270 1280 1269 1270 1279 1280 1269 1288 1271 1288 1272 1289 1289 1271 1288 1274 1290 1273 1272 1273 1289 1291 1290 1292 1274 1292 1290 1293 1294 1291 1291 1292 1293 1294 1296 1295 1296 1294 1293 1296 1297 1295 1298 1300 1299 1297 1302 1301 1303 1299 1304 1304 1305 1303 1298 1302 1300 1299 1300 1304 1297 1301 1295 1298 1301 1302 1306 1308 1307 1309 1311 1310 1312 1314 1313 1315 1317 1316 1318 1320 1319 1321 1323 1322 1324 1326 1325 1327 1329 1328 1330 1332 1331 1333 1335 1334 1336 1338 1337 1339 1341 1340 1342 1344 1343 1345 1347 1346 1348 1350 1349 1351 1353 1352 1354 1356 1355 1357 1359 1358 1360 1362 1361 1363 1365 1364 1364 1358 1363 1366 1367 1365 1364 1365 1367 1368 1366 1369 1366 1368 1367 1369 1371 1370 1370 1368 1369 1372 1373 1371 1370 1371 1373 1374 1372 1375 1372 1374 1373 1375 1377 1376 1376 1374 1375 1378 1379 1377 1376 1377 1379 1308 1378 1307 1378 1308 1379 1359 1357 1361 1358 1359 1363 1353 1362 1360 1360 1361 1357 1356 1351 1352 1351 1362 1353 1354 1355 1345 1356 1352 1355 1346 1347 1348 1354 1345 1346 1350 1340 1349 1347 1350 1348 1339 1343 1341 1340 1341 1349 1335 1344 1342 1342 1343 1339 1338 1333 1334 1333 1344 1335 1336 1337 1327 1338 1334 1337 1328 1329 1330 1336 1327 1328 1332 1322 1331 1329 1332 1330 1321 1325 1323 1322 1323 1331 1317 1326 1324 1324 1325 1321 1320 1315 1316 1315 1326 1317 1318 1319 1309 1320 1316 1319 1310 1311 1313 1318 1309 1310 1312 1306 1314 1311 1312 1313 1307 1314 1306 1380 1382 1381 1383 1385 1384 1386 1388 1387 1389 1391 1390 1392 1394 1393 1395 1397 1396 1396 1398 1395 1393 1394 1398 1396 1393 1398 1392 1388 1386 1394 1392 1386 1387 1389 1390 1387 1388 1389 1381 1391 1380 1381 1390 1391 1380 1399 1382 1399 1383 1400 1400 1382 1399 1385 1401 1384 1383 1384 1400 1402 1401 1403 1385 1403 1401 1404 1405 1402 1402 1403 1404 1405 1407 1406 1407 1405 1404 1407 1408 1406 1409 1411 1410 1408 1413 1412 1414 1410 1415 1415 1416 1414 1409 1413 1411 1410 1411 1415 1408 1412 1406 1409 1412 1413 1417 1419 1418 1420 1422 1421 1423 1425 1424 1426 1428 1427 1429 1431 1430 1432 1434 1433 1435 1437 1436 1438 1440 1439 1441 1443 1442 1444 1446 1445 1447 1449 1448 1450 1452 1451 1453 1455 1454 1456 1458 1457 1459 1461 1460 1462 1464 1463 1465 1467 1466 1468 1470 1469 1471 1473 1472 1474 1476 1475 1475 1469 1474 1477 1478 1476 1475 1476 1478 1479 1477 1480 1477 1479 1478 1480 1482 1481 1481 1479 1480 1483 1484 1482 1481 1482 1484 1485 1483 1486 1483 1485 1484 1486 1488 1487 1487 1485 1486 1489 1490 1488 1487 1488 1490 1419 1489 1418 1489 1419 1490 1470 1468 1472 1469 1470 1474 1464 1473 1471 1471 1472 1468 1467 1462 1463 1462 1473 1464 1465 1466 1456 1467 1463 1466 1457 1458 1459 1465 1456 1457 1461 1451 1460 1458 1461 1459 1450 1454 1452 1451 1452 1460 1446 1455 1453 1453 1454 1450 1449 1444 1445 1444 1455 1446 1447 1448 1438 1449 1445 1448 1439 1440 1441 1447 1438 1439 1443 1433 1442 1440 1443 1441 1432 1436 1434 1433 1434 1442 1428 1437 1435 1435 1436 1432 1431 1426 1427 1426 1437 1428 1429 1430 1420 1431 1427 1430 1421 1422 1424 1429 1420 1421 1423 1417 1425 1422 1423 1424 1418 1425 1417 1491 1493 1492 1494 1496 1495 1497 1499 1498 1500 1502 1501 1503 1505 1504 1506 1508 1507 1507 1509 1506 1504 1505 1509 1507 1504 1509 1503 1499 1497 1505 1503 1497 1498 1500 1501 1498 1499 1500 1492 1502 1491 1492 1501 1502 1491 1510 1493 1510 1494 1511 1511 1493 1510 1496 1512 1495 1494 1495 1511 1513 1512 1514 1496 1514 1512 1515 1516 1513 1513 1514 1515 1516 1518 1517 1518 1516 1515 1518 1519 1517 1520 1522 1521 1519 1524 1523 1525 1521 1526 1526 1527 1525 1520 1524 1522 1521 1522 1526 1519 1523 1517 1520 1523 1524 1528 1530 1529 1531 1533 1532 1534 1535 1529 1528 1529 1535 1534 1537 1536 1536 1535 1534 1538 1537 1539 1537 1538 1536 1540 1541 1539 1538 1539 1541 1540 1543 1542 1542 1541 1540 1543 1544 1542 1543 1545 1544 1530 1528 1546 1546 1548 1547 1547 1530 1546 1549 1548 1550 1548 1549 1547 1551 1552 1550 1549 1550 1552 1551 1554 1553 1553 1552 1551 1555 1554 1533 1554 1555 1553 1556 1558 1557 1555 1533 1531 1559 1561 1560 1562 1556 1563 1564 1566 1565 1567 1569 1568 1570 1572 1571 1573 1574 1565 1575 1577 1576 1577 1575 1572 1578 1576 1579 1577 1579 1576 1580 1581 1578 1578 1579 1580 1582 1581 1580 1571 1574 1570 1572 1575 1571 1566 1573 1565 1573 1570 1574 1568 1569 1564 1569 1566 1564 1561 1559 1567 1561 1567 1568 1560 1562 1563 1561 1562 1560 1558 1532 1557 1563 1556 1557 1531 1532 1558 1583 1585 1584 1586 1588 1587 1589 1591 1590 1588 1592 1587 1593 1583 1594 1595 1593 1594 1596 1598 1597 1599 1587 1592 1593 1585 1583 1585 1593 1600 1598 1596 1601 1597 1603 1602 1600 1593 1599 1604 1605 1596 1599 1592 1600 1588 1586 1606 1607 1589 1608 1609 1590 1610 1586 1609 1606 1611 1613 1612 1606 1609 1610 1590 1615 1614 1586 1608 1609 1611 1617 1616 1615 1616 1614 1611 1618 1613 1615 1611 1616 1619 1620 1617 1617 1612 1619 1621 1623 1622 1624 1608 1586 1609 1608 1589 1608 1625 1607 1626 1621 1627 1628 1629 1591 1607 1628 1589 1630 1632 1631 1629 1634 1633 1623 1635 1622 1636 1634 1628 1636 1607 1637 1622 1638 1621 1639 1640 1633 1634 1641 1639 1636 1642 1641 1643 1645 1644 1646 1648 1647 1649 1651 1650 1652 1640 1653 1653 1639 1654 1641 1655 1654 1656 1657 1651 1658 1659 1652 1653 1660 1658 1661 1660 1654 1656 1663 1662 1659 1665 1664 1666 1668 1667 1669 1660 1670 1658 1669 1665 1671 1668 1666 1663 1673 1672 1674 1664 1667 1666 1667 1665 1666 1669 1675 1676 1677 1674 1678 1672 1679 1680 1604 1595 1604 1680 1605 1604 1593 1595 1681 1682 1602 1683 1599 1604 1597 1602 1682 1587 1683 1624 1684 1635 1623 1587 1624 1586 1615 1618 1611 1684 1613 1685 1610 1590 1614 1589 1590 1609 1686 1612 1687 1615 1591 1618 1612 1686 1688 1619 1612 1688 1617 1611 1612 1593 1604 1599 1601 1596 1605 1689 1690 1631 1599 1683 1587 1691 1683 1596 1631 1682 1689 1625 1624 1691 1636 1628 1607 1625 1608 1624 1618 1685 1613 1613 1684 1687 1590 1591 1615 1628 1591 1589 1692 1687 1693 1618 1629 1685 1687 1692 1694 1686 1687 1694 1612 1613 1687 1604 1596 1683 1603 1597 1598 1630 1695 1632 1683 1691 1624 1696 1691 1597 1647 1648 1697 1637 1625 1696 1641 1634 1636 1625 1637 1607 1685 1635 1684 1684 1623 1693 1591 1629 1618 1634 1629 1628 1698 1693 1626 1685 1633 1635 1693 1698 1699 1692 1693 1699 1687 1684 1693 1597 1691 1596 1689 1682 1681 1700 1632 1701 1691 1696 1625 1696 1682 1702 1700 1646 1632 1642 1637 1702 1654 1639 1641 1637 1642 1636 1627 1704 1703 1623 1621 1626 1629 1633 1685 1633 1634 1639 1705 1626 1627 1635 1640 1622 1626 1705 1706 1698 1626 1706 1693 1623 1626 1682 1696 1597 1630 1631 1690 1646 1707 1648 1696 1702 1637 1708 1702 1631 1709 1711 1710 1642 1708 1655 1653 1654 1660 1641 1642 1655 1704 1644 1712 1621 1713 1627 1633 1640 1635 1653 1640 1639 1627 1713 1704 1652 1638 1622 1627 1714 1705 1638 1713 1621 1703 1714 1627 1631 1702 1682 1701 1632 1695 1715 1717 1716 1702 1708 1642 1708 1632 1718 1716 1647 1715 1661 1655 1718 1669 1658 1660 1655 1661 1654 1638 1719 1713 1720 1704 1713 1640 1652 1622 1658 1652 1653 1704 1720 1644 1659 1719 1638 1704 1721 1703 1719 1720 1713 1712 1721 1704 1632 1708 1631 1707 1646 1700 1722 1709 1716 1708 1718 1655 1718 1646 1723 1724 1726 1725 1661 1723 1670 1665 1669 1666 1660 1661 1670 1719 1727 1720 1720 1650 1644 1652 1659 1638 1659 1658 1665 1643 1644 1657 1664 1727 1719 1644 1728 1712 1650 1720 1727 1645 1728 1644 1646 1718 1632 1715 1647 1697 1729 1730 1726 1718 1723 1661 1731 1723 1647 1710 1716 1709 1675 1670 1731 1656 1651 1732 1670 1675 1669 1727 1649 1650 1650 1651 1657 1659 1664 1719 1664 1665 1667 1733 1657 1656 1674 1649 1727 1657 1733 1734 1643 1657 1734 1644 1650 1657 1647 1723 1646 1722 1716 1717 1735 1736 1726 1723 1731 1670 1731 1716 1737 1668 1676 1667 1675 1737 1671 1738 1676 1668 1671 1666 1675 1649 1739 1651 1673 1732 1740 1664 1674 1727 1674 1667 1676 1662 1663 1741 1677 1739 1649 1656 1742 1733 1732 1651 1739 1662 1742 1656 1716 1731 1647 1729 1710 1711 1729 1726 1710 1731 1737 1675 1737 1710 1743 1668 1744 1738 1671 1737 1743 1745 1738 1746 1744 1668 1671 1739 1740 1732 1732 1673 1663 1674 1677 1649 1745 1677 1676 1747 1663 1672 1748 1740 1739 1663 1747 1749 1741 1663 1749 1656 1732 1663 1710 1737 1716 1735 1726 1730 1746 1738 1750 1671 1743 1744 1743 1726 1724 1738 1745 1676 1743 1724 1744 1745 1748 1677 1744 1724 1750 1751 1672 1673 1678 1679 1752 1677 1748 1739 1753 1748 1745 1672 1751 1679 1740 1755 1754 1672 1756 1747 1751 1673 1754 1678 1756 1672 1710 1726 1743 1736 1725 1726 1744 1750 1738 1725 1750 1724 1746 1753 1745 1725 1746 1750 1753 1755 1748 1725 1753 1746 1725 1755 1753 1740 1754 1673 1748 1755 1740 1755 1725 1754 1725 1757 1679 1725 1751 1754 1679 1757 1758 1679 1751 1725 1758 1752 1679 1759 1761 1760 1762 1764 1763 1760 1761 1762 1764 1766 1765 1765 1763 1764 1767 1766 1768 1766 1767 1765 1763 1760 1762 1767 1768 1769 1769 1771 1770 1771 1769 1768 1772 1770 1773 1771 1773 1770 1773 1774 1772 1761 1759 1775 1776 1774 1777 1774 1776 1772 1778 1779 1777 1776 1777 1779 1778 1781 1780 1780 1779 1778 1782 1781 1783 1781 1782 1780 1784 1785 1783 1782 1783 1785 1784 1787 1786 1786 1785 1784 1759 1788 1775 1788 1789 1775 1790 1789 1791 1788 1791 1789 1792 1793 1790 1790 1791 1792 1793 1795 1794 1795 1793 1792 1796 1794 1797 1795 1797 1794 1798 1799 1796 1796 1797 1798 1799 1801 1800 1801 1799 1798 1802 1800 1803 1801 1803 1800 1804 1805 1802 1802 1803 1804 1805 1807 1806 1807 1805 1804 1808 1806 1809 1807 1809 1806 1810 1811 1808 1808 1809 1810 1811 1813 1812 1813 1811 1810 1813 1814 1812 1812 1814 1815 1816 1818 1817 1819 1821 1820 1822 1824 1823 1821 1825 1820 1826 1816 1827 1828 1826 1827 1829 1831 1830 1832 1820 1825 1826 1818 1816 1818 1826 1833 1831 1829 1834 1830 1836 1835 1833 1826 1832 1837 1838 1829 1832 1825 1833 1821 1819 1839 1840 1822 1841 1842 1823 1843 1819 1842 1839 1844 1846 1845 1839 1842 1843 1823 1848 1847 1819 1841 1842 1844 1850 1849 1848 1849 1847 1844 1851 1846 1848 1844 1849 1852 1853 1850 1850 1845 1852 1854 1856 1855 1857 1841 1819 1842 1841 1822 1841 1858 1840 1859 1854 1860 1861 1862 1824 1840 1861 1822 1863 1865 1864 1862 1867 1866 1856 1868 1855 1869 1867 1861 1869 1840 1870 1855 1871 1854 1872 1873 1866 1867 1874 1872 1869 1875 1874 1876 1878 1877 1879 1881 1880 1882 1884 1883 1885 1873 1886 1886 1872 1887 1874 1888 1887 1889 1890 1884 1891 1892 1885 1886 1893 1891 1894 1893 1887 1889 1896 1895 1892 1898 1897 1899 1901 1900 1902 1893 1903 1891 1902 1898 1904 1901 1899 1896 1906 1905 1907 1897 1900 1899 1900 1898 1899 1902 1908 1909 1910 1907 1911 1905 1912 1913 1837 1828 1837 1913 1838 1837 1826 1828 1914 1915 1835 1916 1832 1837 1830 1835 1915 1820 1916 1857 1917 1868 1856 1820 1857 1819 1848 1851 1844 1917 1846 1918 1843 1823 1847 1822 1823 1842 1919 1845 1920 1848 1824 1851 1845 1919 1921 1852 1845 1921 1850 1844 1845 1826 1837 1832 1834 1829 1838 1922 1923 1864 1832 1916 1820 1924 1916 1829 1864 1915 1922 1858 1857 1924 1869 1861 1840 1858 1841 1857 1851 1918 1846 1846 1917 1920 1823 1824 1848 1861 1824 1822 1925 1920 1926 1851 1862 1918 1920 1925 1927 1919 1920 1927 1845 1846 1920 1837 1829 1916 1836 1830 1831 1863 1928 1865 1916 1924 1857 1929 1924 1830 1880 1881 1930 1870 1858 1929 1874 1867 1869 1858 1870 1840 1918 1868 1917 1917 1856 1926 1824 1862 1851 1867 1862 1861 1931 1926 1859 1918 1866 1868 1926 1931 1932 1925 1926 1932 1920 1917 1926 1830 1924 1829 1922 1915 1914 1933 1865 1934 1924 1929 1858 1929 1915 1935 1933 1879 1865 1875 1870 1935 1887 1872 1874 1870 1875 1869 1860 1937 1936 1856 1854 1859 1862 1866 1918 1866 1867 1872 1938 1859 1860 1868 1873 1855 1859 1938 1939 1931 1859 1939 1926 1856 1859 1915 1929 1830 1863 1864 1923 1879 1940 1881 1929 1935 1870 1941 1935 1864 1942 1944 1943 1875 1941 1888 1886 1887 1893 1874 1875 1888 1937 1877 1945 1854 1946 1860 1866 1873 1868 1886 1873 1872 1860 1946 1937 1885 1871 1855 1860 1947 1938 1871 1946 1854 1936 1947 1860 1864 1935 1915 1934 1865 1928 1948 1950 1949 1935 1941 1875 1941 1865 1951 1949 1880 1948 1894 1888 1951 1902 1891 1893 1888 1894 1887 1871 1952 1946 1953 1937 1946 1873 1885 1855 1891 1885 1886 1937 1953 1877 1892 1952 1871 1937 1954 1936 1952 1953 1946 1945 1954 1937 1865 1941 1864 1940 1879 1933 1955 1942 1949 1941 1951 1888 1951 1879 1956 1957 1959 1958 1894 1956 1903 1898 1902 1899 1893 1894 1903 1952 1960 1953 1953 1883 1877 1885 1892 1871 1892 1891 1898 1876 1877 1890 1897 1960 1952 1877 1961 1945 1883 1953 1960 1878 1961 1877 1879 1951 1865 1948 1880 1930 1962 1963 1959 1951 1956 1894 1964 1956 1880 1943 1949 1942 1908 1903 1964 1889 1884 1965 1903 1908 1902 1960 1882 1883 1883 1884 1890 1892 1897 1952 1897 1898 1900 1966 1890 1889 1907 1882 1960 1890 1966 1967 1876 1890 1967 1877 1883 1890 1880 1956 1879 1955 1949 1950 1968 1969 1959 1956 1964 1903 1964 1949 1970 1901 1909 1900 1908 1970 1904 1971 1909 1901 1904 1899 1908 1882 1972 1884 1906 1965 1973 1897 1907 1960 1907 1900 1909 1895 1896 1974 1910 1972 1882 1889 1975 1966 1965 1884 1972 1895 1975 1889 1949 1964 1880 1962 1943 1944 1962 1959 1943 1964 1970 1908 1970 1943 1976 1901 1977 1971 1904 1970 1976 1978 1971 1979 1977 1901 1904 1972 1973 1965 1965 1906 1896 1907 1910 1882 1978 1910 1909 1980 1896 1905 1981 1973 1972 1896 1980 1982 1974 1896 1982 1889 1965 1896 1943 1970 1949 1968 1959 1963 1979 1971 1983 1904 1976 1977 1976 1959 1957 1971 1978 1909 1976 1957 1977 1978 1981 1910 1977 1957 1983 1984 1905 1906 1911 1912 1985 1910 1981 1972 1986 1981 1978 1905 1984 1912 1973 1988 1987 1905 1989 1980 1984 1906 1987 1911 1989 1905 1943 1959 1976 1969 1958 1959 1977 1983 1971 1958 1983 1957 1979 1986 1978 1958 1979 1983 1986 1988 1981 1958 1986 1979 1958 1988 1986 1973 1987 1906 1981 1988 1973 1988 1958 1987 1958 1990 1912 1958 1984 1987 1912 1990 1991 1912 1984 1958 1991 1985 1912 1992 1994 1993 1995 1997 1996 1994 1999 1998 1999 1994 1992 2000 1998 2001 1999 2001 1998 2002 2003 2000 2000 2001 2002 2003 2005 2004 2005 2003 2002 2006 2004 2007 2005 2007 2004 2008 2009 2006 2006 2007 2008 1992 1993 2010 2011 2010 2012 2010 1993 2012 2011 2014 2013 2013 2010 2011 2015 2014 2016 2014 2015 2013 2017 2018 2016 2015 2016 2018 2017 2020 2019 2019 2018 2017 2019 2022 2021 2022 2019 2020 2023 2021 2024 2022 2024 2021 2025 2027 2026 2023 2024 2028 2029 2031 2030 2032 2034 2033 2035 2037 2036 2038 2040 2039 2041 2043 2042 2043 2041 2037 2044 2042 2045 2043 2045 2042 2046 2047 2044 2044 2045 2046 2037 2041 2036 2035 2036 2040 2030 2038 2039 2038 2035 2040 2033 2031 2029 2029 2030 2039 2032 2026 2034 2033 2034 2031 2025 1997 2027 2032 2025 2026 1995 1996 2028 2027 1997 1995 2023 2028 1996 2048 2050 2049 2051 2053 2052 2050 2055 2054 2055 2050 2048 2056 2054 2057 2055 2057 2054 2058 2059 2056 2056 2057 2058 2059 2061 2060 2061 2059 2058 2062 2060 2063 2061 2063 2060 2064 2065 2062 2062 2063 2064 2048 2049 2066 2067 2066 2068 2066 2049 2068 2067 2070 2069 2069 2066 2067 2071 2070 2072 2070 2071 2069 2073 2074 2072 2071 2072 2074 2073 2076 2075 2075 2074 2073 2075 2078 2077 2078 2075 2076 2079 2077 2080 2078 2080 2077 2081 2083 2082 2079 2080 2084 2085 2087 2086 2088 2090 2089 2091 2093 2092 2094 2096 2095 2097 2099 2098 2099 2097 2093 2100 2098 2101 2099 2101 2098 2102 2103 2100 2100 2101 2102 2093 2097 2092 2091 2092 2096 2086 2094 2095 2094 2091 2096 2089 2087 2085 2085 2086 2095 2088 2082 2090 2089 2090 2087 2081 2053 2083 2088 2081 2082 2051 2052 2084 2083 2053 2051 2079 2084 2052 2104 2106 2105 2107 2109 2108 2110 2112 2111 2109 2113 2108 2114 2104 2115 2116 2114 2115 2117 2119 2118 2120 2108 2113 2114 2106 2104 2106 2114 2121 2119 2117 2122 2118 2124 2123 2121 2114 2120 2125 2126 2117 2120 2113 2121 2109 2107 2127 2128 2110 2129 2130 2111 2131 2107 2130 2127 2132 2134 2133 2127 2130 2131 2111 2136 2135 2107 2129 2130 2132 2138 2137 2136 2137 2135 2132 2139 2134 2136 2132 2137 2140 2141 2138 2138 2133 2140 2142 2144 2143 2145 2129 2107 2130 2129 2110 2129 2146 2128 2147 2142 2148 2149 2150 2112 2128 2149 2110 2151 2153 2152 2150 2155 2154 2144 2156 2143 2157 2155 2149 2157 2128 2158 2143 2159 2142 2160 2161 2154 2155 2162 2160 2157 2163 2162 2164 2166 2165 2167 2169 2168 2170 2172 2171 2173 2161 2174 2174 2160 2175 2162 2176 2175 2177 2178 2172 2179 2180 2173 2174 2181 2179 2182 2181 2175 2177 2184 2183 2180 2186 2185 2187 2189 2188 2190 2181 2191 2179 2190 2186 2192 2189 2187 2184 2194 2193 2195 2185 2188 2187 2188 2186 2187 2190 2196 2197 2198 2195 2199 2193 2200 2201 2125 2116 2125 2201 2126 2125 2114 2116 2202 2203 2123 2204 2120 2125 2118 2123 2203 2108 2204 2145 2205 2156 2144 2108 2145 2107 2136 2139 2132 2205 2134 2206 2131 2111 2135 2110 2111 2130 2207 2133 2208 2136 2112 2139 2133 2207 2209 2140 2133 2209 2138 2132 2133 2114 2125 2120 2122 2117 2126 2210 2211 2152 2120 2204 2108 2212 2204 2117 2152 2203 2210 2146 2145 2212 2157 2149 2128 2146 2129 2145 2139 2206 2134 2134 2205 2208 2111 2112 2136 2149 2112 2110 2213 2208 2214 2139 2150 2206 2208 2213 2215 2207 2208 2215 2133 2134 2208 2125 2117 2204 2124 2118 2119 2151 2216 2153 2204 2212 2145 2217 2212 2118 2168 2169 2218 2158 2146 2217 2162 2155 2157 2146 2158 2128 2206 2156 2205 2205 2144 2214 2112 2150 2139 2155 2150 2149 2219 2214 2147 2206 2154 2156 2214 2219 2220 2213 2214 2220 2208 2205 2214 2118 2212 2117 2210 2203 2202 2221 2153 2222 2212 2217 2146 2217 2203 2223 2221 2167 2153 2163 2158 2223 2175 2160 2162 2158 2163 2157 2148 2225 2224 2144 2142 2147 2150 2154 2206 2154 2155 2160 2226 2147 2148 2156 2161 2143 2147 2226 2227 2219 2147 2227 2214 2144 2147 2203 2217 2118 2151 2152 2211 2167 2228 2169 2217 2223 2158 2229 2223 2152 2230 2232 2231 2163 2229 2176 2174 2175 2181 2162 2163 2176 2225 2165 2233 2142 2234 2148 2154 2161 2156 2174 2161 2160 2148 2234 2225 2173 2159 2143 2148 2235 2226 2159 2234 2142 2224 2235 2148 2152 2223 2203 2222 2153 2216 2236 2238 2237 2223 2229 2163 2229 2153 2239 2237 2168 2236 2182 2176 2239 2190 2179 2181 2176 2182 2175 2159 2240 2234 2241 2225 2234 2161 2173 2143 2179 2173 2174 2225 2241 2165 2180 2240 2159 2225 2242 2224 2240 2241 2234 2233 2242 2225 2153 2229 2152 2228 2167 2221 2243 2230 2237 2229 2239 2176 2239 2167 2244 2245 2247 2246 2182 2244 2191 2186 2190 2187 2181 2182 2191 2240 2248 2241 2241 2171 2165 2173 2180 2159 2180 2179 2186 2164 2165 2178 2185 2248 2240 2165 2249 2233 2171 2241 2248 2166 2249 2165 2167 2239 2153 2236 2168 2218 2250 2251 2247 2239 2244 2182 2252 2244 2168 2231 2237 2230 2196 2191 2252 2177 2172 2253 2191 2196 2190 2248 2170 2171 2171 2172 2178 2180 2185 2240 2185 2186 2188 2254 2178 2177 2195 2170 2248 2178 2254 2255 2164 2178 2255 2165 2171 2178 2168 2244 2167 2243 2237 2238 2256 2257 2247 2244 2252 2191 2252 2237 2258 2189 2197 2188 2196 2258 2192 2259 2197 2189 2192 2187 2196 2170 2260 2172 2194 2253 2261 2185 2195 2248 2195 2188 2197 2183 2184 2262 2198 2260 2170 2177 2263 2254 2253 2172 2260 2183 2263 2177 2237 2252 2168 2250 2231 2232 2250 2247 2231 2252 2258 2196 2258 2231 2264 2189 2265 2259 2192 2258 2264 2266 2259 2267 2265 2189 2192 2260 2261 2253 2253 2194 2184 2195 2198 2170 2266 2198 2197 2268 2184 2193 2269 2261 2260 2184 2268 2270 2262 2184 2270 2177 2253 2184 2231 2258 2237 2256 2247 2251 2267 2259 2271 2192 2264 2265 2264 2247 2245 2259 2266 2197 2264 2245 2265 2266 2269 2198 2265 2245 2271 2272 2193 2194 2199 2200 2273 2198 2269 2260 2274 2269 2266 2193 2272 2200 2261 2276 2275 2193 2277 2268 2272 2194 2275 2199 2277 2193 2231 2247 2264 2257 2246 2247 2265 2271 2259 2246 2271 2245 2267 2274 2266 2246 2267 2271 2274 2276 2269 2246 2274 2267 2246 2276 2274 2261 2275 2194 2269 2276 2261 2276 2246 2275 2246 2278 2200 2246 2272 2275 2200 2278 2279 2200 2272 2246 2279 2273 2200 2280 2282 2281 2283 2285 2284 2285 2283 2286 2282 2284 2281 2284 2285 2281 2282 2280 2287 2283 2288 2286 2287 2280 2289 2288 2290 2286 2291 2292 2290 2288 2291 2290 2287 2289 2293 2294 2292 2291 2295 2294 2296 2295 2292 2294 2297 2298 2296 2295 2296 2298 2297 2300 2299 2299 2298 2297 2301 2300 2302 2300 2301 2299 2303 2304 2302 2301 2302 2304 2303 2306 2305 2305 2304 2303 2307 2306 2308 2306 2307 2305 2308 2309 2307 2310 2309 2311 2308 2311 2309 2312 2313 2310 2310 2311 2312 2313 2315 2314 2315 2313 2312 2316 2314 2317 2315 2317 2314 2318 2319 2316 2316 2317 2318 2319 2321 2320 2321 2319 2318 2322 2320 2323 2321 2323 2320 2324 2325 2322 2322 2323 2324 2325 2327 2326 2327 2325 2324 2328 2326 2329 2327 2329 2326 2330 2331 2328 2328 2329 2330 2331 2333 2332 2333 2331 2330 2334 2332 2335 2333 2335 2332 2334 2335 2336 2337 2339 2338 2340 2342 2341 2343 2345 2344 2342 2346 2341 2347 2337 2348 2349 2347 2348 2350 2352 2351 2353 2341 2346 2347 2339 2337 2339 2347 2354 2352 2350 2355 2351 2357 2356 2354 2347 2353 2358 2359 2350 2353 2346 2354 2342 2340 2360 2361 2343 2362 2363 2344 2364 2340 2363 2360 2365 2367 2366 2360 2363 2364 2344 2369 2368 2340 2362 2363 2365 2371 2370 2369 2370 2368 2365 2372 2367 2369 2365 2370 2373 2374 2371 2371 2366 2373 2375 2377 2376 2378 2362 2340 2363 2362 2343 2362 2379 2361 2380 2375 2381 2382 2383 2345 2361 2382 2343 2384 2386 2385 2383 2388 2387 2377 2389 2376 2390 2388 2382 2390 2361 2391 2376 2392 2375 2393 2394 2387 2388 2395 2393 2390 2396 2395 2397 2399 2398 2400 2402 2401 2403 2405 2404 2406 2394 2407 2407 2393 2408 2395 2409 2408 2410 2411 2405 2412 2413 2406 2407 2414 2412 2415 2414 2408 2410 2417 2416 2413 2419 2418 2420 2422 2421 2423 2414 2424 2412 2423 2419 2425 2422 2420 2417 2427 2426 2428 2418 2421 2420 2421 2419 2420 2423 2429 2430 2431 2428 2432 2426 2433 2434 2358 2349 2358 2434 2359 2358 2347 2349 2435 2436 2356 2437 2353 2358 2351 2356 2436 2341 2437 2378 2438 2389 2377 2341 2378 2340 2369 2372 2365 2438 2367 2439 2364 2344 2368 2343 2344 2363 2440 2366 2441 2369 2345 2372 2366 2440 2442 2373 2366 2442 2371 2365 2366 2347 2358 2353 2355 2350 2359 2443 2444 2385 2353 2437 2341 2445 2437 2350 2385 2436 2443 2379 2378 2445 2390 2382 2361 2379 2362 2378 2372 2439 2367 2367 2438 2441 2344 2345 2369 2382 2345 2343 2446 2441 2447 2372 2383 2439 2441 2446 2448 2440 2441 2448 2366 2367 2441 2358 2350 2437 2357 2351 2352 2384 2449 2386 2437 2445 2378 2450 2445 2351 2401 2402 2451 2391 2379 2450 2395 2388 2390 2379 2391 2361 2439 2389 2438 2438 2377 2447 2345 2383 2372 2388 2383 2382 2452 2447 2380 2439 2387 2389 2447 2452 2453 2446 2447 2453 2441 2438 2447 2351 2445 2350 2443 2436 2435 2454 2386 2455 2445 2450 2379 2450 2436 2456 2454 2400 2386 2396 2391 2456 2408 2393 2395 2391 2396 2390 2381 2458 2457 2377 2375 2380 2383 2387 2439 2387 2388 2393 2459 2380 2381 2389 2394 2376 2380 2459 2460 2452 2380 2460 2447 2377 2380 2436 2450 2351 2384 2385 2444 2400 2461 2402 2450 2456 2391 2462 2456 2385 2463 2465 2464 2396 2462 2409 2407 2408 2414 2395 2396 2409 2458 2398 2466 2375 2467 2381 2387 2394 2389 2407 2394 2393 2381 2467 2458 2406 2392 2376 2381 2468 2459 2392 2467 2375 2457 2468 2381 2385 2456 2436 2455 2386 2449 2469 2471 2470 2456 2462 2396 2462 2386 2472 2470 2401 2469 2415 2409 2472 2423 2412 2414 2409 2415 2408 2392 2473 2467 2474 2458 2467 2394 2406 2376 2412 2406 2407 2458 2474 2398 2413 2473 2392 2458 2475 2457 2473 2474 2467 2466 2475 2458 2386 2462 2385 2461 2400 2454 2476 2463 2470 2462 2472 2409 2472 2400 2477 2478 2480 2479 2415 2477 2424 2419 2423 2420 2414 2415 2424 2473 2481 2474 2474 2404 2398 2406 2413 2392 2413 2412 2419 2397 2398 2411 2418 2481 2473 2398 2482 2466 2404 2474 2481 2399 2482 2398 2400 2472 2386 2469 2401 2451 2483 2484 2480 2472 2477 2415 2485 2477 2401 2464 2470 2463 2429 2424 2485 2410 2405 2486 2424 2429 2423 2481 2403 2404 2404 2405 2411 2413 2418 2473 2418 2419 2421 2487 2411 2410 2428 2403 2481 2411 2487 2488 2397 2411 2488 2398 2404 2411 2401 2477 2400 2476 2470 2471 2489 2490 2480 2477 2485 2424 2485 2470 2491 2422 2430 2421 2429 2491 2425 2492 2430 2422 2425 2420 2429 2403 2493 2405 2427 2486 2494 2418 2428 2481 2428 2421 2430 2416 2417 2495 2431 2493 2403 2410 2496 2487 2486 2405 2493 2416 2496 2410 2470 2485 2401 2483 2464 2465 2483 2480 2464 2485 2491 2429 2491 2464 2497 2422 2498 2492 2425 2491 2497 2499 2492 2500 2498 2422 2425 2493 2494 2486 2486 2427 2417 2428 2431 2403 2499 2431 2430 2501 2417 2426 2502 2494 2493 2417 2501 2503 2495 2417 2503 2410 2486 2417 2464 2491 2470 2489 2480 2484 2500 2492 2504 2425 2497 2498 2497 2480 2478 2492 2499 2430 2497 2478 2498 2499 2502 2431 2498 2478 2504 2505 2426 2427 2432 2433 2506 2431 2502 2493 2507 2502 2499 2426 2505 2433 2494 2509 2508 2426 2510 2501 2505 2427 2508 2432 2510 2426 2464 2480 2497 2490 2479 2480 2498 2504 2492 2479 2504 2478 2500 2507 2499 2479 2500 2504 2507 2509 2502 2479 2507 2500 2479 2509 2507 2494 2508 2427 2502 2509 2494 2509 2479 2508 2479 2511 2433 2479 2505 2508 2433 2511 2512 2433 2505 2479 2512 2506 2433 2513 2515 2514 2516 2518 2517 2518 2516 2519 2513 2514 2517 2514 2516 2517 2515 2513 2520 2518 2519 2521 2522 2515 2520 2519 2523 2521 2523 2525 2524 2521 2523 2524 2522 2520 2526 2525 2527 2524 2528 2527 2529 2529 2527 2525 2530 2531 2528 2528 2529 2530 2531 2533 2532 2533 2531 2530 2534 2535 2533 2532 2533 2535 2534 2537 2536 2536 2535 2534 2538 2537 2539 2537 2538 2536 2540 2541 2539 2538 2539 2541 2542 2543 2540 2541 2540 2543 2542 2545 2544 2544 2543 2542 2546 2545 2547 2545 2546 2544 2548 2549 2547 2546 2547 2549 2548 2551 2550 2550 2549 2548 2552 2551 2553 2551 2552 2550 2554 2555 2553 2552 2553 2555 2554 2557 2556 2556 2555 2554 2558 2557 2559 2557 2558 2556 2560 2561 2559 2558 2559 2561 2560 2563 2562 2562 2561 2560 2564 2563 2565 2563 2564 2562 2564 2565 2566 2566 2565 2567</p>
        </triangles>
      </mesh>
    </geometry>
    <geometry id="ID12">
      <mesh>
        <source id="ID13">
          <float_array count="7164" id="ID14">0.0625 0.032 0.015 -0.0625 0.074 0.015 -0.0625 0.032 0.015 0.0625 0.074 0.015 0.0625 -0.032 0.015 -0.0625 -0.032 0.015 -0.13 0.032 0.015 -0.13 -0.032 0.015 -0.0625 -0.074 0.015 0.0625 -0.074 0.015 0.13 -0.032 0.015 0.13 0.032 0.015 0.0762634 -0.088427 -1.07974e-19 0.0745 -0.089 0 0.0766213 -0.0881213 -1.2989e-19 0.0778271 0.0486381 8.33946e-20 -0.0778271 0.0486381 -1.60773e-18 -0.0776468 0.0490729 -1.63201e-18 0.078073 0.0482366 1.07974e-19 -0.0749693 -0.088963 0 -0.075427 -0.0888532 0 -0.0745 -0.089 0 0.0791381 -0.047327 8.33946e-20 0.0787366 0.0475729 1.48614e-19 0.0791381 0.047327 1.63671e-19 0.0787366 -0.0475729 1.07974e-19 0.142927 0.0468532 -1.75781e-18 0.143362 0.046673 -1.80004e-18 0.142 0.047 0 0.143763 0.0464271 -1.83414e-18 0.144121 0.0461213 -1.85925e-18 0.144427 0.0457634 -1.87478e-18 0.142469 0.046963 -1.70848e-18 0.144853 0.0449271 -1.87575e-18 0.144963 0.0444693 -1.86117e-18 -0.0758619 -0.088673 0 0.145 -0.044 0 0.0805 -0.047 0 0.0805 0.047 0 0.142 -0.047 0 0.142927 -0.0468532 -1.87575e-18 0.142469 -0.046963 -1.86117e-18 0.143362 -0.046673 -1.88031e-18 0.143763 -0.0464271 -1.87478e-18 0.0758619 -0.088673 -8.33946e-20 0.075427 -0.0888532 -5.67655e-20 0.144121 -0.0461213 -1.85925e-18 0.144427 -0.0457634 -1.83414e-18 0.0769271 -0.0877634 -1.48614e-19 0.144673 -0.0453619 -1.80004e-18 0.144853 -0.0449271 -1.75781e-18 0.144963 -0.0444693 -1.70848e-18 0.145 0.044 0 0.144673 0.0453619 -1.88031e-18 0.0800307 -0.047037 2.87358e-20 0.0800307 0.047037 1.81431e-19 0.079573 0.0471468 1.74706e-19 0.079573 -0.0471468 5.67655e-20 -0.0758619 0.088673 -2.01593e-18 -0.0745 0.089 0 -0.0762634 0.088427 -2.05037e-18 -0.0766213 0.0881213 -2.07048e-18 -0.075427 0.0888532 -1.96807e-18 -0.0769271 0.0877634 -2.07582e-18 -0.0749693 0.088963 -1.90791e-18 -0.0771729 0.0873619 -2.06621e-18 -0.077463 0.0864693 -2.00353e-18 -0.0773532 0.086927 -2.04193e-18 -0.0775 0.086 0 0.0745 0.089 0 0.075427 0.0888532 -1.93252e-18 0.0758619 0.088673 -1.96371e-18 -0.0775 0.05 0 0.0749693 0.088963 -1.88991e-18 0.0762634 0.088427 -1.98275e-18 0.0766213 0.0881213 -1.98914e-18 0.0771729 0.0873619 -1.96371e-18 0.0769271 0.0877634 -1.98275e-18 0.0773532 0.086927 -1.93252e-18 0.077463 0.0864693 -1.88991e-18 0.0775 0.086 0 0.0775 0.05 0 0.077537 0.0495307 2.87358e-20 0.0776468 0.0490729 5.67655e-20 -0.077537 0.0495307 -1.67041e-18 -0.0805 -0.047 0 -0.145 0.044 0 -0.0805 0.047 0 -0.078073 0.0482366 -1.59812e-18 0.0783787 0.0478787 1.2989e-19 -0.0783787 0.0478787 -1.60346e-18 -0.0787366 0.0475729 -1.62357e-18 -0.0800307 0.047037 -1.76603e-18 -0.079573 0.0471468 -1.70587e-18 -0.079573 -0.0471468 -1.63201e-18 -0.0791381 0.047327 -1.65801e-18 -0.0791381 -0.047327 -1.60773e-18 -0.0800307 -0.047037 -1.67041e-18 -0.144853 -0.0449271 5.67655e-20 -0.144963 -0.0444693 2.87358e-20 -0.142 -0.047 0 -0.144673 -0.0453619 8.33946e-20 -0.144121 -0.0461213 1.2989e-19 -0.144427 -0.0457634 1.07974e-19 -0.145 -0.044 0 -0.143362 -0.046673 1.63671e-19 -0.142927 -0.0468532 1.74706e-19 -0.142927 0.0468532 5.67655e-20 -0.142 0.047 0 -0.143362 0.046673 8.33946e-20 -0.142469 0.046963 2.87358e-20 -0.144121 0.0461213 1.2989e-19 -0.143763 0.0464271 1.07974e-19 -0.144427 0.0457634 1.48614e-19 -0.144673 0.0453619 1.63671e-19 -0.144853 0.0449271 1.74706e-19 -0.144963 0.0444693 1.81431e-19 -0.143763 -0.0464271 1.48614e-19 -0.142469 -0.046963 1.81431e-19 -0.0787366 -0.0475729 -1.59812e-18 0.0783787 -0.0478787 1.2989e-19 -0.0783787 -0.0478787 -1.60346e-18 0.0776468 -0.0490729 1.74706e-19 -0.0778271 -0.0486381 -1.65801e-18 0.0778271 -0.0486381 1.63671e-19 0.078073 -0.0482366 1.48614e-19 -0.078073 -0.0482366 -1.62357e-18 0.077537 -0.0495307 1.81431e-19 -0.0776468 -0.0490729 -1.70587e-18 0.0775 -0.05 0 -0.077537 -0.0495307 -1.76603e-18 -0.0775 -0.05 0 -0.0762634 -0.088427 0 -0.0773532 -0.086927 0 -0.077463 -0.0864693 0 -0.0766213 -0.0881213 0 -0.0769271 -0.0877634 0 -0.0771729 -0.0873619 0 -0.0775 -0.086 0 0.0749693 -0.088963 -2.87358e-20 0.0773532 -0.086927 -1.74706e-19 0.0771729 -0.0873619 -1.63671e-19 0.0775 -0.086 0 0.077463 -0.0864693 -1.81431e-19 -0.0652959 0.0762368 0.0147368 -0.0657482 0.0358978 0.0146444 -0.0646695 0.0346034 0.0148425 -0.0625 0.074 0.015 -0.0639027 0.0751222 0.0149344 -0.063586 0.0333031 0.0149607 -0.0689277 0.0397132 0.0135536 -0.0693545 0.0794836 0.0133421 -0.0699579 0.0409495 0.0130156 -0.0680313 0.078425 0.0139424 -0.0678801 0.0384561 0.0140021 -0.0666753 0.0773403 0.0144066 -0.0718556 0.0814844 0.0117231 -0.0730095 0.0824076 0.0107008 -0.0728916 0.0444699 0.0108186 -0.0709658 0.042159 0.0123838 -0.0706326 0.0805061 0.0126029 -0.0758758 0.0847006 0.00678518 -0.0754195 0.0475034 0.00762614 -0.075042 0.0840336 0.00822766 -0.0746421 0.0465705 0.00881116 -0.0737945 0.0455534 0.00987368 -0.074078 0.0832624 0.00953525 -0.0770326 0.0856261 0.00352689 -0.0766713 0.0490055 0.00486462 -0.0765607 0.0852485 0.00521864 -0.0761081 0.0483297 0.0063148 -0.077354 0.0858832 0.00178423 -0.0770729 0.0494875 0.00329972 -0.0773634 0.0498361 0.00167831 -0.0775 0.086 0 -0.0775 0.05 0 -0.0719452 0.0433343 0.0116527 -0.0668193 0.0371831 0.0143649 -0.0625 0.032 0.015 -0.0651024 0.0341687 0.0148422 -0.132239 0.0347982 0.014737 -0.131122 0.0334029 0.0149343 -0.13 0.032 0.015 -0.0625 0.032 0.015 -0.063803 0.0330858 0.0149607 -0.133342 0.0361779 0.014407 -0.0689553 0.0373795 0.0140019 -0.134427 0.0375335 0.0139426 -0.0663967 0.0352473 0.014644 -0.0714477 0.0394564 0.0130146 -0.0726573 0.0404645 0.0123829 -0.136508 0.0401352 0.0126029 -0.0702118 0.0384265 0.0135529 -0.135484 0.0388552 0.0133418 -0.0749678 0.0423898 0.0108175 -0.138412 0.0425144 0.0107 -0.137488 0.0413598 0.0117229 -0.0738342 0.0414452 0.0116528 -0.0779991 0.044916 0.00762605 -0.140034 0.0445427 0.00822669 -0.0770655 0.0441379 0.00881034 -0.139266 0.043582 0.00953362 -0.0760493 0.0432911 0.00987213 -0.0795169 0.0461808 0.00488055 -0.141239 0.0460493 0.00520297 -0.0788253 0.0456044 0.00631504 -0.140706 0.0453819 0.00678305 -0.0800008 0.046584 0.00330799 -0.141615 0.0465193 0.00351925 -0.141883 0.046854 0.00178423 -0.0803361 0.0468634 0.00167831 -0.0805 0.047 0 -0.142 0.047 0 -0.0676823 0.0363186 0.0143647 0.0658403 0.0781753 0.0144066 -0.0647386 0.0767982 0.014737 0.0647368 0.076796 0.0147368 -0.0625 0.074 0.015 0.0625 0.074 0.015 0.0636222 0.0754027 0.0149344 0.0679836 0.0808545 0.0133421 0.0690061 0.0821326 0.0126029 -0.0679841 0.0808552 0.0133418 -0.0669268 0.0795335 0.0139426 -0.0658424 0.0781779 0.014407 0.066925 0.0795313 0.0139424 0.0709076 0.0845095 0.0107008 -0.0709115 0.0845144 0.0107 -0.0699878 0.0833598 0.0117229 -0.0690082 0.0821352 0.0126029 0.0699844 0.0833556 0.0117231 -0.0732055 0.0873819 0.00678305 -0.0725342 0.0865427 0.00822669 0.0732006 0.0873758 0.00678518 -0.0717656 0.085582 0.00953362 0.0717624 0.085578 0.00953525 0.0725336 0.086542 0.00822766 0.0741261 0.0885326 0.00352689 -0.0737394 0.0880493 0.00520297 0.0737485 0.0880607 0.00521864 0.0743832 0.088854 0.00178423 -0.0741154 0.0885192 0.00351925 -0.0743832 0.088854 0.00178423 0.0745 0.089 0 -0.0745 0.089 0 -0.0636223 0.0754029 0.0149343 -0.134175 0.0353403 0.0144066 -0.132798 -0.0342386 0.014737 -0.132796 0.0342368 0.0147368 -0.13 -0.032 0.015 -0.13 0.032 0.015 -0.131403 0.0331222 0.0149344 -0.136855 0.0374836 0.0133421 -0.138133 0.0385061 0.0126029 -0.136855 -0.0374841 0.0133418 -0.135531 0.036425 0.0139424 -0.135534 -0.0364268 0.0139426 -0.141578 0.0412624 0.00953525 -0.140514 -0.0404115 0.0107 -0.140509 0.0404076 0.0107008 -0.139356 0.0394844 0.0117231 -0.13936 -0.0394878 0.0117229 -0.143382 -0.0427055 0.00678305 -0.143376 0.0427006 0.00678518 -0.144061 0.0432485 0.00521864 -0.141582 -0.0412656 0.00953362 -0.142542 0.0420336 0.00822766 -0.142543 -0.0420341 0.00822669 -0.144533 0.0436261 0.00352689 -0.144049 -0.0432394 0.00520297 -0.144854 0.0438832 0.00178423 -0.144519 -0.0436154 0.00351925 -0.144854 -0.0438832 0.00178423 -0.145 0.044 0 -0.145 -0.044 0 -0.138135 -0.0385082 0.0126029 -0.134178 -0.0353424 0.014407 -0.131403 -0.0331223 0.0149343 0.0773634 0.0498361 0.00167831 0.0775 0.086 0 0.077354 0.0858832 0.00178423 0.0758819 0.0847055 0.00678305 0.0761044 0.0483253 0.00631504 0.0765493 0.0852394 0.00520297 0.0770193 0.0856154 0.00351925 0.0766808 0.0490169 0.00488055 0.077084 0.0495008 0.00330799 0.0730144 0.0824115 0.0107 0.0718598 0.0814878 0.0117229 0.0728898 0.0444678 0.0108175 0.0750427 0.0840342 0.00822669 0.074082 0.0832656 0.00953362 0.0746379 0.0465655 0.00881034 0.0678795 0.0384553 0.0140019 0.0689265 0.0397118 0.0135529 0.0680335 0.0784268 0.0139426 0.0699564 0.0409477 0.0130146 0.0709645 0.0421573 0.0123829 0.0706352 0.0805082 0.0126029 0.0666779 0.0773424 0.014407 0.0657473 0.0358967 0.014644 0.0668186 0.0371823 0.0143647 0.0652982 0.0762386 0.014737 0.0646686 0.0346024 0.0148422 0.0635858 0.033303 0.0149607 0.0639029 0.0751223 0.0149343 0.0625 0.074 0.015 0.0625 0.032 0.015 0.0693552 0.0794841 0.0133418 0.0719452 0.0433342 0.0116528 0.0737911 0.0455493 0.00987213 0.0754159 0.0474991 0.00762605 0.0775 0.05 0 -0.132237 -0.0347959 0.0147368 -0.0663979 -0.0352482 0.0146444 -0.0651034 -0.0341695 0.0148425 -0.13 -0.032 0.015 -0.131122 -0.0334027 0.0149344 -0.0638031 -0.033086 0.0149607 -0.0702132 -0.0384277 0.0135536 -0.135484 -0.0388545 0.0133421 -0.0714495 -0.0394579 0.0130156 -0.134425 -0.0375313 0.0139424 -0.0689561 -0.0373801 0.0140021 -0.13334 -0.0361753 0.0144066 -0.137484 -0.0413556 0.0117231 -0.138408 -0.0425095 0.0107008 -0.0749699 -0.0423916 0.0108186 -0.072659 -0.0404658 0.0123838 -0.136506 -0.0401326 0.0126029 -0.140701 -0.0453758 0.00678518 -0.0780034 -0.0449195 0.00762614 -0.140034 -0.044542 0.00822766 -0.0770705 -0.0441421 0.00881116 -0.0760534 -0.0432945 0.00987368 -0.139262 -0.043578 0.00953525 -0.141626 -0.0465326 0.00352689 -0.0795055 -0.0461713 0.00486462 -0.141249 -0.0460607 0.00521864 -0.0788297 -0.0456081 0.0063148 -0.141883 -0.046854 0.00178423 -0.0799875 -0.0465729 0.00329972 -0.0803361 -0.0468634 0.00167831 -0.142 -0.047 0 -0.0805 -0.047 0 -0.0738343 -0.0414452 0.0116527 -0.0676831 -0.0363193 0.0143649 -0.0625 -0.032 0.015 0.132237 0.0347959 0.0147368 0.0663979 0.0352482 0.0146444 0.0651034 0.0341695 0.0148425 0.13 0.032 0.015 0.131122 0.0334027 0.0149344 0.0638031 0.033086 0.0149607 0.0702132 0.0384277 0.0135536 0.135484 0.0388545 0.0133421 0.0714495 0.0394579 0.0130156 0.134425 0.0375313 0.0139424 0.0689561 0.0373801 0.0140021 0.13334 0.0361753 0.0144066 0.137484 0.0413556 0.0117231 0.138408 0.0425095 0.0107008 0.0749699 0.0423916 0.0108186 0.072659 0.0404658 0.0123838 0.136506 0.0401326 0.0126029 0.140701 0.0453758 0.00678518 0.0780034 0.0449195 0.00762614 0.140034 0.044542 0.00822766 0.0770705 0.0441421 0.00881116 0.0760534 0.0432945 0.00987368 0.139262 0.043578 0.00953525 0.141626 0.0465326 0.00352689 0.0795055 0.0461713 0.00486462 0.141249 0.0460607 0.00521864 0.0788297 0.0456081 0.0063148 0.141883 0.046854 0.00178423 0.0799875 0.0465729 0.00329972 0.0803361 0.0468634 0.00167831 0.142 0.047 0 0.0805 0.047 0 0.0738343 0.0414452 0.0116527 0.0676831 0.0363193 0.0143649 0.0625 0.032 0.015 -0.0646686 -0.0346024 0.0148422 -0.0652982 -0.0762386 0.014737 -0.0639029 -0.0751223 0.0149343 -0.0625 -0.074 0.015 -0.0625 -0.032 0.015 -0.0635858 -0.033303 0.0149607 -0.0666779 -0.0773424 0.014407 -0.0678795 -0.0384553 0.0140019 -0.0680335 -0.0784268 0.0139426 -0.0657473 -0.0358967 0.014644 -0.0699564 -0.0409477 0.0130146 -0.0709645 -0.0421573 0.0123829 -0.0706352 -0.0805082 0.0126029 -0.0689265 -0.0397118 0.0135529 -0.0693552 -0.0794841 0.0133418 -0.0728898 -0.0444678 0.0108175 -0.0730144 -0.0824115 0.0107 -0.0718598 -0.0814878 0.0117229 -0.0719452 -0.0433342 0.0116528 -0.0754159 -0.0474991 0.00762605 -0.0750427 -0.0840342 0.00822669 -0.0746379 -0.0465655 0.00881034 -0.074082 -0.0832656 0.00953362 -0.0737911 -0.0455493 0.00987213 -0.0766808 -0.0490169 0.00488055 -0.0765493 -0.0852394 0.00520297 -0.0761044 -0.0483253 0.00631504 -0.0758819 -0.0847055 0.00678305 -0.077084 -0.0495008 0.00330799 -0.0770193 -0.0856154 0.00351925 -0.077354 -0.0858832 0.00178423 -0.0773634 -0.0498361 0.00167831 -0.0775 -0.05 0 -0.0775 -0.086 0 -0.0668186 -0.0371823 0.0143647 0.134175 -0.0353403 0.0144066 0.132798 0.0342386 0.014737 0.132796 -0.0342368 0.0147368 0.13 0.032 0.015 0.13 -0.032 0.015 0.131403 -0.0331222 0.0149344 0.136855 -0.0374836 0.0133421 0.138133 -0.0385061 0.0126029 0.136855 0.0374841 0.0133418 0.135531 -0.036425 0.0139424 0.135534 0.0364268 0.0139426 0.141578 -0.0412624 0.00953525 0.140514 0.0404115 0.0107 0.140509 -0.0404076 0.0107008 0.139356 -0.0394844 0.0117231 0.13936 0.0394878 0.0117229 0.143382 0.0427055 0.00678305 0.143376 -0.0427006 0.00678518 0.144061 -0.0432485 0.00521864 0.141582 0.0412656 0.00953362 0.142542 -0.0420336 0.00822766 0.142543 0.0420341 0.00822669 0.144533 -0.0436261 0.00352689 0.144049 0.0432394 0.00520297 0.144854 -0.0438832 0.00178423 0.144519 0.0436154 0.00351925 0.144854 0.0438832 0.00178423 0.145 -0.044 0 0.145 0.044 0 0.138135 0.0385082 0.0126029 0.134178 0.0353424 0.014407 0.131403 0.0331223 0.0149343 0.0743832 -0.088854 0.00178423 -0.0745 -0.089 0 0.0745 -0.089 0 -0.0732006 -0.0873758 0.00678518 -0.0737485 -0.0880607 0.00521864 0.0732055 -0.0873819 0.00678305 0.0737394 -0.0880493 0.00520297 -0.0741261 -0.0885326 0.00352689 0.0741154 -0.0885192 0.00351925 -0.0717624 -0.085578 0.00953525 0.0709115 -0.0845144 0.0107 -0.0709076 -0.0845095 0.0107008 0.0725342 -0.0865427 0.00822669 0.0717656 -0.085582 0.00953362 -0.0725336 -0.086542 0.00822766 0.0679841 -0.0808552 0.0133418 -0.0679836 -0.0808545 0.0133421 -0.0690061 -0.0821326 0.0126029 0.0690082 -0.0821352 0.0126029 -0.0699844 -0.0833556 0.0117231 0.0699878 -0.0833598 0.0117229 0.0658424 -0.0781779 0.014407 -0.0658403 -0.0781753 0.0144066 -0.066925 -0.0795313 0.0139424 0.0669268 -0.0795335 0.0139426 0.0647386 -0.0767982 0.014737 -0.0647368 -0.076796 0.0147368 -0.0636222 -0.0754027 0.0149344 0.0636223 -0.0754029 0.0149343 0.0625 -0.074 0.015 -0.0625 -0.074 0.015 -0.0743832 -0.088854 0.00178423 0.0651024 -0.0341687 0.0148422 0.132239 -0.0347982 0.014737 0.131122 -0.0334029 0.0149343 0.13 -0.032 0.015 0.0625 -0.032 0.015 0.063803 -0.0330858 0.0149607 0.133342 -0.0361779 0.014407 0.0689553 -0.0373795 0.0140019 0.134427 -0.0375335 0.0139426 0.0663967 -0.0352473 0.014644 0.0714477 -0.0394564 0.0130146 0.0726573 -0.0404645 0.0123829 0.136508 -0.0401352 0.0126029 0.0702118 -0.0384265 0.0135529 0.135484 -0.0388552 0.0133418 0.0749678 -0.0423898 0.0108175 0.138412 -0.0425144 0.0107 0.137488 -0.0413598 0.0117229 0.0738342 -0.0414452 0.0116528 0.0779991 -0.044916 0.00762605 0.140034 -0.0445427 0.00822669 0.0770655 -0.0441379 0.00881034 0.139266 -0.043582 0.00953362 0.0760493 -0.0432911 0.00987213 0.0795169 -0.0461808 0.00488055 0.141239 -0.0460493 0.00520297 0.0788253 -0.0456044 0.00631504 0.140706 -0.0453819 0.00678305 0.0800008 -0.046584 0.00330799 0.141615 -0.0465193 0.00351925 0.141883 -0.046854 0.00178423 0.0803361 -0.0468634 0.00167831 0.0805 -0.047 0 0.142 -0.047 0 0.0676823 -0.0363186 0.0143647 0.0652959 -0.0762368 0.0147368 0.0657482 -0.0358978 0.0146444 0.0646695 -0.0346034 0.0148425 0.0625 -0.074 0.015 0.0639027 -0.0751222 0.0149344 0.063586 -0.0333031 0.0149607 0.0689277 -0.0397132 0.0135536 0.0693545 -0.0794836 0.0133421 0.0699579 -0.0409495 0.0130156 0.0680313 -0.078425 0.0139424 0.0678801 -0.0384561 0.0140021 0.0666753 -0.0773403 0.0144066 0.0718556 -0.0814844 0.0117231 0.0730095 -0.0824076 0.0107008 0.0728916 -0.0444699 0.0108186 0.0709658 -0.042159 0.0123838 0.0706326 -0.0805061 0.0126029 0.0758758 -0.0847006 0.00678518 0.0754195 -0.0475034 0.00762614 0.075042 -0.0840336 0.00822766 0.0746421 -0.0465705 0.00881116 0.0737945 -0.0455534 0.00987368 0.074078 -0.0832624 0.00953525 0.0770326 -0.0856261 0.00352689 0.0766713 -0.0490055 0.00486462 0.0765607 -0.0852485 0.00521864 0.0761081 -0.0483297 0.0063148 0.077354 -0.0858832 0.00178423 0.0770729 -0.0494875 0.00329972 0.0773634 -0.0498361 0.00167831 0.0775 -0.086 0 0.0775 -0.05 0 0.0719452 -0.0433343 0.0116527 0.0668193 -0.0371831 0.0143649 0.0625 -0.032 0.015 0.0773479 -0.0863741 0.00185891 0.077463 -0.0864693 -1.81431e-19 0.077354 -0.0858832 0.00178423 0.0773532 -0.086927 -1.74706e-19 0.0772343 -0.0868247 0.00189982 0.0771729 -0.0873619 -1.63671e-19 0.0770524 -0.0872531 0.00192975 0.0769271 -0.0877634 -1.48614e-19 0.0768068 -0.0876492 0.00194802 0.0766213 -0.0881213 -1.2989e-19 0.0762634 -0.088427 -1.07974e-19 0.0765032 -0.0880032 0.00195414 0.0761492 -0.0883068 0.00194802 0.0757531 -0.0885524 0.00192975 0.0758619 -0.088673 -8.33946e-20 0.0764514 -0.0873117 0.00384795 0.075427 -0.0888532 -5.67655e-20 0.0753247 -0.0887343 0.00189982 0.0745 -0.089 0 0.0749693 -0.088963 -2.87358e-20 0.0748741 -0.0888479 0.00185891 0.0770326 -0.0856261 0.00352689 0.0750994 -0.0860271 0.00734834 0.0758755 -0.0867647 0.00565843 0.0753339 -0.0856997 0.00729959 0.0761544 -0.0876544 0.00385921 0.0775 -0.086 0 0.0752647 -0.0873755 0.00565843 0.0758117 -0.0879514 0.00384795 0.0755896 -0.0870896 0.00567318 0.0748288 -0.0863288 0.00736466 0.0745271 -0.0865994 0.00734834 0.0738938 -0.0853938 0.00891233 0.0736193 -0.0856449 0.00889621 0.0741449 -0.0851193 0.00889621 0.0728054 -0.0843054 0.0103022 0.0725611 -0.0845334 0.0102876 0.0730334 -0.0840611 0.0102876 0.0715836 -0.0830836 0.0115245 0.0713715 -0.083285 0.0115124 0.071785 -0.0828715 0.0115124 0.0705837 -0.0813854 0.012535 0.0704192 -0.0815689 0.0125626 0.0702472 -0.0817472 0.0125718 0.0700689 -0.0819192 0.0125626 0.068955 -0.0801711 0.0134317 0.0686711 -0.080455 0.0134317 0.0688147 -0.0803147 0.013438 0.0671965 -0.0789115 0.0141141 0.0673047 -0.0788047 0.0141178 0.0765607 -0.0852485 0.00521864 0.0770056 -0.0860912 0.00368372 0.0693499 -0.079727 0.0133377 0.0693545 -0.0794836 0.0133421 0.0680313 -0.078425 0.0139424 0.0764448 -0.0856273 0.00544294 0.0768819 -0.086521 0.00375919 0.0766957 -0.086931 0.00381432 0.075431 -0.0881957 0.00381432 0.0745912 -0.0885056 0.00368372 0.075021 -0.0883819 0.00375919 0.0743832 -0.088854 0.00178423 0.0758758 -0.0847006 0.00678518 0.0756783 -0.0849925 0.0071091 0.0763077 -0.0860259 0.0055421 0.0761165 -0.0864076 0.0056144 0.0749076 -0.0876165 0.0056144 0.0741273 -0.0879448 0.00544294 0.0745259 -0.0878077 0.0055421 0.0741154 -0.0885192 0.00351925 0.0737394 -0.0880493 0.00520297 0.075042 -0.0840336 0.00822766 0.0747214 -0.084199 0.00865892 0.0755281 -0.0853528 0.00721938 0.0708856 -0.0810081 0.0124257 0.0706326 -0.0805061 0.0126029 0.0741997 -0.0868339 0.00729959 0.0734925 -0.0871783 0.0071091 0.0738528 -0.0870281 0.00721938 0.0732055 -0.0873819 0.00678305 0.074078 -0.0832624 0.00953525 0.0735913 -0.0832605 0.0100726 0.074562 -0.0845172 0.00876851 0.0743688 -0.0848256 0.00884799 0.0730172 -0.086062 0.00876851 0.072699 -0.0862214 0.00865892 0.0733256 -0.0858688 0.00884799 0.0725342 -0.0865427 0.00822669 0.0730095 -0.0824076 0.0107008 0.0723062 -0.0821915 0.0113331 0.0734288 -0.0835353 0.0101721 0.073242 -0.0838033 0.0102441 0.0720353 -0.0849288 0.0101721 0.0717605 -0.0850913 0.0100726 0.0723033 -0.084742 0.0102441 0.0717656 -0.085582 0.00953362 0.0718556 -0.0814844 0.0117231 0.072148 -0.0824234 0.0114163 0.0719737 -0.0826508 0.0114762 0.0711507 -0.0834737 0.0114762 0.0709234 -0.083648 0.0114163 0.0709115 -0.0845144 0.0107 0.0706915 -0.0838062 0.0113331 0.0625 -0.074 0.015 0.0642362 -0.0755191 0.0148976 0.0642722 -0.0754828 0.0148945 0.0707395 -0.081198 0.0124893 0.0674115 -0.0786965 0.0141141 0.0675166 -0.0785872 0.0141029 0.0698854 -0.0820837 0.012535 0.069698 -0.0822395 0.0124893 0.0699878 -0.0833598 0.0117229 0.0695081 -0.0823856 0.0124257 0.0677206 -0.0783663 0.0140585 0.0692232 -0.0798766 0.0133815 0.0690914 -0.0800249 0.0134128 0.0685249 -0.0805914 0.0134128 0.0683766 -0.0807232 0.0133815 0.0690082 -0.0821352 0.0126029 0.068227 -0.0808499 0.0133377 0.0666753 -0.0773403 0.0144066 0.0660203 -0.076945 0.0145794 0.0676197 -0.078477 0.0140844 0.0658079 -0.0771637 0.014605 0.066977 -0.0791197 0.0140844 0.0668663 -0.0792206 0.0140585 0.0679841 -0.0808552 0.0133418 0.0670872 -0.0790166 0.0141029 0.0652959 -0.0762368 0.0147368 0.0659502 -0.0770181 0.0145914 0.0658793 -0.077091 0.0145999 0.065591 -0.0773793 0.0145999 0.0655181 -0.0774502 0.0145914 0.065736 -0.077236 0.0146068 0.065445 -0.0775203 0.0145794 0.0656637 -0.0773079 0.014605 0.0669268 -0.0795335 0.0139426 0.0658424 -0.0781779 0.014407 0.0639027 -0.0751222 0.0149344 0.0641641 -0.0755917 0.0149011 0.0642002 -0.0755554 0.0148998 0.0640191 -0.0757362 0.0148976 0.0641279 -0.0756279 0.0149015 0.0647386 -0.0767982 0.014737 0.0639828 -0.0757722 0.0148945 0.0640917 -0.0756641 0.0149011 0.0640554 -0.0757002 0.0148998 0.0636223 -0.0754029 0.0149343 0.0805 -0.047 0 0.0799241 -0.0469477 0.00163207 0.0800307 -0.047037 2.87358e-20 0.0696261 -0.0391261 0.0133776 0.0694952 -0.0392596 0.0133831 0.0712153 -0.0407153 0.0124995 0.0693675 -0.0393953 0.0133996 0.0710543 -0.0408813 0.0125076 0.0713813 -0.0405543 0.0125076 0.0697596 -0.0389952 0.0133831 0.0737881 -0.0437316 0.0102918 0.0724918 -0.0423786 0.0114707 0.0723129 -0.0425834 0.0115033 0.0726809 -0.0421809 0.0114598 0.0742316 -0.0432881 0.0102918 0.0728786 -0.0419918 0.0114707 0.0747116 -0.0451966 0.00903948 0.0758968 -0.04594 0.00760024 0.0749273 -0.0449232 0.00899352 0.0754232 -0.0444273 0.00899352 0.0751656 -0.0446656 0.00897815 0.07644 -0.0453968 0.00760024 0.0779178 -0.0468 0.00462865 0.0775887 -0.0470887 0.00461449 0.0783747 -0.0472318 0.00309449 0.07803 -0.04753 0.00308386 0.0773 -0.0474178 0.00462865 0.0776468 -0.0490729 1.74706e-19 0.0778271 -0.0486381 1.63671e-19 0.0775608 -0.0489726 0.00159394 0.0777318 -0.0478747 0.00309449 0.078292 -0.047792 0.0015433 0.0783787 -0.0478787 1.2989e-19 0.0787366 -0.0475729 1.07974e-19 0.0779881 -0.0481465 0.00154901 0.078073 -0.0482366 1.48614e-19 0.0791381 -0.047327 8.33946e-20 0.079573 -0.0471468 5.67655e-20 0.0790433 -0.0472424 0.00156604 0.0794726 -0.0470608 0.00159394 0.0786465 -0.0474881 0.00154901 0.0777424 -0.0485433 0.00156604 0.0774477 -0.0494241 0.00163207 0.077537 -0.0495307 1.81431e-19 0.0773634 -0.0498361 0.00167831 0.0770729 -0.0494875 0.00329972 0.0772729 -0.0461887 0.00613729 0.0761553 -0.0456553 0.00758386 0.0770581 -0.0477806 0.00467092 0.0775 -0.05 0 0.0769641 -0.0464641 0.00612123 0.0766887 -0.0467729 0.00613729 0.0740032 -0.0435032 0.0102784 0.0679355 -0.0374355 0.0140777 0.068036 -0.0373361 0.014081 0.0678361 -0.0375361 0.014081 0.0766713 -0.0490055 0.00486462 0.0771797 -0.0491049 0.00324927 0.0728916 -0.0444699 0.0108186 0.0719919 -0.0430073 0.0116322 0.0719452 -0.0433343 0.0116527 0.0767337 -0.0485751 0.00483544 0.0773017 -0.0486714 0.00317816 0.0774872 -0.0482582 0.00312619 0.0787582 -0.0469872 0.00312619 0.0791714 -0.0468017 0.00317816 0.0803361 -0.0468634 0.00167831 0.0796049 -0.0466797 0.00324927 0.0761081 -0.0483297 0.0063148 0.0761117 -0.0478385 0.00637253 0.0768679 -0.048169 0.00474032 0.0732463 -0.0444719 0.0104902 0.0737945 -0.0455534 0.00987368 0.0743592 -0.0457754 0.00922013 0.0782806 -0.0465581 0.00467092 0.0790751 -0.0462337 0.00483544 0.078669 -0.0463679 0.00474032 0.0800008 -0.046584 0.00330799 0.0754195 -0.0475034 0.00762614 0.0753178 -0.046902 0.00784088 0.0762584 -0.0474667 0.00626415 0.076452 -0.0471093 0.00618527 0.0776093 -0.045952 0.00618527 0.0783385 -0.0456117 0.00637253 0.0779667 -0.0457584 0.00626415 0.0795169 -0.0461808 0.00488055 0.0788253 -0.0456044 0.00631504 0.0746421 -0.0465705 0.00881116 0.0754745 -0.0465684 0.00772982 0.0756686 -0.046246 0.00764919 0.0770684 -0.0449745 0.00772982 0.077402 -0.0448178 0.00784088 0.076746 -0.0451686 0.00764919 0.0779991 -0.044916 0.00762605 0.0678801 -0.0384561 0.0140021 0.0689277 -0.0397132 0.0135536 0.0691236 -0.039671 0.0134655 0.0745213 -0.0454819 0.00911535 0.0709658 -0.042159 0.0123838 0.0706117 -0.0414001 0.0126289 0.0756966 -0.0442116 0.00903948 0.0759819 -0.0440213 0.00911535 0.0770655 -0.0441379 0.00881034 0.0762754 -0.0438592 0.00922013 0.0734076 -0.0442186 0.0103983 0.0735889 -0.043971 0.010332 0.074471 -0.0430889 0.010332 0.0747186 -0.0429076 0.0103983 0.0760493 -0.0432911 0.00987213 0.0749719 -0.0427462 0.0104902 0.0659027 -0.0359375 0.0146107 0.0646695 -0.0346034 0.0148425 0.0657482 -0.0358978 0.0146444 0.0721458 -0.0427936 0.0115572 0.0675469 -0.0378422 0.0141293 0.0730834 -0.0418129 0.0115033 0.0732936 -0.0416458 0.0115572 0.0735073 -0.0414919 0.0116322 0.0749678 -0.0423898 0.0108175 0.0699579 -0.0409495 0.0130156 0.0707517 -0.0412248 0.0125725 0.0708995 -0.0410515 0.012532 0.0715515 -0.0403995 0.012532 0.0717248 -0.0402517 0.0125725 0.0719001 -0.0401117 0.0126289 0.0738342 -0.0414452 0.0116528 0.0726573 -0.0404645 0.0123829 0.0642128 -0.0339816 0.0149023 0.0642462 -0.0339479 0.0148997 0.0625 -0.032 0.015 0.0692435 -0.0395326 0.0134271 0.0677381 -0.0376375 0.0140907 0.0698953 -0.0388675 0.0133996 0.0700326 -0.0387435 0.0134271 0.0681375 -0.0372381 0.0140907 0.0682396 -0.0371416 0.0141068 0.0714477 -0.0394564 0.0130146 0.070171 -0.0386235 0.0134655 0.0668193 -0.0371831 0.0143649 0.0676416 -0.0377396 0.0141068 0.0661005 -0.0357346 0.0145885 0.0683422 -0.0370469 0.0141293 0.0702118 -0.0384265 0.0135529 0.0689553 -0.0373795 0.0140019 0.0659681 -0.0358697 0.0146003 0.0660341 -0.035802 0.0145929 0.066302 -0.0355341 0.0145929 0.0663697 -0.0354681 0.0146003 0.0644142 -0.0337797 0.0148978 0.0644479 -0.0337462 0.0148997 0.0661674 -0.0356674 0.014587 0.0676823 -0.0363186 0.0143647 0.0664375 -0.0354027 0.0146107 0.0662346 -0.0356005 0.0145885 0.063586 -0.0333031 0.0149607 0.0643133 -0.0338805 0.0148967 0.0642797 -0.0339142 0.0148978 0.0643469 -0.0338469 0.0148963 0.0644816 -0.0337128 0.0149023 0.0643805 -0.0338133 0.0148967 0.0663967 -0.0352473 0.014644 0.0651024 -0.0341687 0.0148422 0.063803 -0.0330858 0.0149607 0.144848 -0.0443741 0.00185891 0.144963 -0.0444693 -1.70848e-18 0.144854 -0.0438832 0.00178423 0.144853 -0.0449271 -1.75781e-18 0.144734 -0.0448247 0.00189982 0.144673 -0.0453619 -1.80004e-18 0.144552 -0.0452531 0.00192975 0.144427 -0.0457634 -1.83414e-18 0.144307 -0.0456492 0.00194802 0.144121 -0.0461213 -1.85925e-18 0.143763 -0.0464271 -1.87478e-18 0.144003 -0.0460032 0.00195414 0.143649 -0.0463068 0.00194802 0.143253 -0.0465524 0.00192975 0.143362 -0.046673 -1.88031e-18 0.143951 -0.0453117 0.00384795 0.142927 -0.0468532 -1.87575e-18 0.142825 -0.0467343 0.00189982 0.142 -0.047 0 0.142469 -0.046963 -1.86117e-18 0.142374 -0.0468479 0.00185891 0.144533 -0.0436261 0.00352689 0.142599 -0.0440271 0.00734834 0.143376 -0.0447647 0.00565843 0.142834 -0.0436997 0.00729959 0.143654 -0.0456544 0.00385921 0.145 -0.044 0 0.142765 -0.0453755 0.00565843 0.143312 -0.0459514 0.00384795 0.14309 -0.0450896 0.00567318 0.142329 -0.0443288 0.00736466 0.142027 -0.0445994 0.00734834 0.141394 -0.0433938 0.00891233 0.141119 -0.0436449 0.00889621 0.141645 -0.0431193 0.00889621 0.140305 -0.0423054 0.0103022 0.140061 -0.0425334 0.0102876 0.140533 -0.0420611 0.0102876 0.139084 -0.0410836 0.0115245 0.138872 -0.041285 0.0115124 0.139285 -0.0408715 0.0115124 0.138084 -0.0393854 0.012535 0.137919 -0.0395689 0.0125626 0.137747 -0.0397472 0.0125718 0.137569 -0.0399192 0.0125626 0.136455 -0.0381711 0.0134317 0.136171 -0.038455 0.0134317 0.136315 -0.0383148 0.013438 0.134697 -0.0369115 0.0141141 0.134805 -0.0368047 0.0141178 0.144061 -0.0432485 0.00521864 0.144506 -0.0440912 0.00368372 0.13685 -0.037727 0.0133377 0.136855 -0.0374836 0.0133421 0.135531 -0.036425 0.0139424 0.143945 -0.0436273 0.00544294 0.144382 -0.044521 0.00375919 0.144196 -0.044931 0.00381432 0.142931 -0.0461957 0.00381432 0.142091 -0.0465056 0.00368372 0.142521 -0.0463819 0.00375919 0.141883 -0.046854 0.00178423 0.143376 -0.0427006 0.00678518 0.143178 -0.0429925 0.0071091 0.143808 -0.0440259 0.0055421 0.143617 -0.0444076 0.0056144 0.142408 -0.0456165 0.0056144 0.141627 -0.0459448 0.00544294 0.142026 -0.0458077 0.0055421 0.141615 -0.0465193 0.00351925 0.141239 -0.0460493 0.00520297 0.142542 -0.0420336 0.00822766 0.142221 -0.042199 0.00865892 0.143028 -0.0433528 0.00721938 0.138386 -0.0390081 0.0124257 0.138133 -0.0385061 0.0126029 0.1417 -0.0448339 0.00729959 0.140992 -0.0451783 0.0071091 0.141353 -0.0450281 0.00721938 0.140706 -0.0453819 0.00678305 0.141578 -0.0412624 0.00953525 0.141091 -0.0412604 0.0100726 0.142062 -0.0425172 0.00876851 0.141869 -0.0428255 0.00884799 0.140517 -0.044062 0.00876851 0.140199 -0.0442214 0.00865892 0.140826 -0.0438688 0.00884799 0.140034 -0.0445427 0.00822669 0.140509 -0.0404076 0.0107008 0.139806 -0.0401915 0.0113331 0.140929 -0.0415353 0.0101721 0.140742 -0.0418033 0.0102441 0.139535 -0.0429288 0.0101721 0.13926 -0.0430913 0.0100726 0.139803 -0.042742 0.0102441 0.139266 -0.043582 0.00953362 0.139356 -0.0394844 0.0117231 0.139648 -0.0404234 0.0114163 0.139474 -0.0406507 0.0114762 0.138651 -0.0414737 0.0114762 0.138423 -0.041648 0.0114163 0.138412 -0.0425144 0.0107 0.138192 -0.0418062 0.0113331 0.13 -0.032 0.015 0.131736 -0.0335191 0.0148976 0.131772 -0.0334828 0.0148945 0.13824 -0.039198 0.0124893 0.134911 -0.0366965 0.0141141 0.135017 -0.0365872 0.0141029 0.137385 -0.0400837 0.012535 0.137198 -0.0402395 0.0124893 0.137488 -0.0413598 0.0117229 0.137008 -0.0403856 0.0124257 0.135221 -0.0363663 0.0140585 0.136723 -0.0378766 0.0133815 0.136591 -0.0380249 0.0134128 0.136025 -0.0385914 0.0134128 0.135877 -0.0387232 0.0133815 0.136508 -0.0401352 0.0126029 0.135727 -0.0388499 0.0133377 0.134175 -0.0353403 0.0144066 0.13352 -0.034945 0.0145794 0.13512 -0.036477 0.0140844 0.133308 -0.0351637 0.014605 0.134477 -0.0371197 0.0140844 0.134366 -0.0372206 0.0140585 0.135484 -0.0388552 0.0133418 0.134587 -0.0370166 0.0141029 0.132796 -0.0342368 0.0147368 0.13345 -0.0350181 0.0145914 0.133379 -0.035091 0.0145999 0.133091 -0.0353793 0.0145999 0.133018 -0.0354502 0.0145914 0.133236 -0.035236 0.0146068 0.132945 -0.0355203 0.0145794 0.133164 -0.0353079 0.014605 0.134427 -0.0375335 0.0139426 0.133342 -0.0361779 0.014407 0.131403 -0.0331222 0.0149344 0.131664 -0.0335917 0.0149011 0.1317 -0.0335554 0.0148998 0.131519 -0.0337362 0.0148976 0.131628 -0.0336279 0.0149015 0.132239 -0.0347982 0.014737 0.131483 -0.0337722 0.0148945 0.131592 -0.0336641 0.0149011 0.131555 -0.0337002 0.0148998 0.131122 -0.0334029 0.0149343 0.142374 0.0468479 0.00185891 0.142469 0.046963 -1.70848e-18 0.141883 0.046854 0.00178423 0.142927 0.0468532 -1.75781e-18 0.142825 0.0467343 0.00189982 0.143362 0.046673 -1.80004e-18 0.143253 0.0465524 0.00192975 0.143763 0.0464271 -1.83414e-18 0.143649 0.0463068 0.00194802 0.144121 0.0461213 -1.85925e-18 0.144427 0.0457634 -1.87478e-18 0.144003 0.0460032 0.00195414 0.144307 0.0456492 0.00194802 0.144552 0.0452531 0.00192975 0.144673 0.0453619 -1.88031e-18 0.143312 0.0459514 0.00384795 0.144853 0.0449271 -1.87575e-18 0.144734 0.0448247 0.00189982 0.145 0.044 0 0.144963 0.0444693 -1.86117e-18 0.144848 0.0443741 0.00185891 0.141626 0.0465326 0.00352689 0.142027 0.0445994 0.00734834 0.142765 0.0453755 0.00565843 0.1417 0.0448339 0.00729959 0.143654 0.0456544 0.00385921 0.142 0.047 0 0.143376 0.0447647 0.00565843 0.143951 0.0453117 0.00384795 0.14309 0.0450896 0.00567318 0.142329 0.0443288 0.00736466 0.142599 0.0440271 0.00734834 0.141394 0.0433938 0.00891233 0.141645 0.0431193 0.00889621 0.141119 0.0436449 0.00889621 0.140305 0.0423054 0.0103022 0.140533 0.0420611 0.0102876 0.140061 0.0425334 0.0102876 0.139084 0.0410836 0.0115245 0.139285 0.0408715 0.0115124 0.138872 0.041285 0.0115124 0.137385 0.0400837 0.012535 0.137569 0.0399192 0.0125626 0.137747 0.0397472 0.0125718 0.137919 0.0395689 0.0125626 0.136171 0.038455 0.0134317 0.136455 0.0381711 0.0134317 0.136315 0.0383148 0.013438 0.134911 0.0366965 0.0141141 0.134805 0.0368047 0.0141178 0.141249 0.0460607 0.00521864 0.142091 0.0465056 0.00368372 0.135727 0.0388499 0.0133377 0.135484 0.0388545 0.0133421 0.134425 0.0375313 0.0139424 0.141627 0.0459448 0.00544294 0.142521 0.0463819 0.00375919 0.142931 0.0461957 0.00381432 0.144196 0.044931 0.00381432 0.144506 0.0440912 0.00368372 0.144382 0.044521 0.00375919 0.144854 0.0438832 0.00178423 0.140701 0.0453758 0.00678518 0.140992 0.0451783 0.0071091 0.142026 0.0458077 0.0055421 0.142408 0.0456165 0.0056144 0.143617 0.0444076 0.0056144 0.143945 0.0436273 0.00544294 0.143808 0.0440259 0.0055421 0.144519 0.0436154 0.00351925 0.144049 0.0432394 0.00520297 0.140034 0.044542 0.00822766 0.140199 0.0442214 0.00865892 0.141353 0.0450281 0.00721938 0.137008 0.0403856 0.0124257 0.136506 0.0401326 0.0126029 0.142834 0.0436997 0.00729959 0.143178 0.0429925 0.0071091 0.143028 0.0433528 0.00721938 0.143382 0.0427055 0.00678305 0.139262 0.043578 0.00953525 0.13926 0.0430913 0.0100726 0.140517 0.044062 0.00876851 0.140826 0.0438688 0.00884799 0.142062 0.0425172 0.00876851 0.142221 0.042199 0.00865892 0.141869 0.0428255 0.00884799 0.142543 0.0420341 0.00822669 0.138408 0.0425095 0.0107008 0.138192 0.0418062 0.0113331 0.139535 0.0429288 0.0101721 0.139803 0.042742 0.0102441 0.140929 0.0415353 0.0101721 0.141091 0.0412604 0.0100726 0.140742 0.0418033 0.0102441 0.141582 0.0412656 0.00953362 0.137484 0.0413556 0.0117231 0.138423 0.041648 0.0114163 0.138651 0.0414737 0.0114762 0.139474 0.0406507 0.0114762 0.139648 0.0404234 0.0114163 0.140514 0.0404115 0.0107 0.139806 0.0401915 0.0113331 0.13 0.032 0.015 0.131519 0.0337362 0.0148976 0.131483 0.0337722 0.0148945 0.137198 0.0402395 0.0124893 0.134697 0.0369115 0.0141141 0.134587 0.0370166 0.0141029 0.138084 0.0393854 0.012535 0.13824 0.039198 0.0124893 0.13936 0.0394878 0.0117229 0.138386 0.0390081 0.0124257 0.134366 0.0372206 0.0140585 0.135877 0.0387232 0.0133815 0.136025 0.0385914 0.0134128 0.136591 0.0380249 0.0134128 0.136723 0.0378766 0.0133815 0.138135 0.0385082 0.0126029 0.13685 0.037727 0.0133377 0.13334 0.0361753 0.0144066 0.132945 0.0355203 0.0145794 0.134477 0.0371197 0.0140844 0.133164 0.0353079 0.014605 0.13512 0.036477 0.0140844 0.135221 0.0363663 0.0140585 0.136855 0.0374841 0.0133418 0.135017 0.0365872 0.0141029 0.132237 0.0347959 0.0147368 0.133018 0.0354502 0.0145914 0.133091 0.0353793 0.0145999 0.133379 0.035091 0.0145999 0.13345 0.0350181 0.0145914 0.133236 0.035236 0.0146068 0.13352 0.034945 0.0145794 0.133308 0.0351637 0.014605 0.135534 0.0364268 0.0139426 0.134178 0.0353424 0.014407 0.131122 0.0334027 0.0149344 0.131592 0.0336641 0.0149011 0.131555 0.0337002 0.0148998 0.131736 0.0335191 0.0148976 0.131628 0.0336279 0.0149015 0.132798 0.0342386 0.014737 0.131772 0.0334828 0.0148945 0.131664 0.0335917 0.0149011 0.1317 0.0335554 0.0148998 0.131403 0.0331223 0.0149343 0.0748741 0.0888479 0.00185891 0.0749693 0.088963 -1.88991e-18 0.0743832 0.088854 0.00178423 0.075427 0.0888532 -1.93252e-18 0.0753247 0.0887343 0.00189982 0.0758619 0.088673 -1.96371e-18 0.0757531 0.0885524 0.00192975 0.0762634 0.088427 -1.98275e-18 0.0761492 0.0883068 0.00194802 0.0766213 0.0881213 -1.98914e-18 0.0769271 0.0877634 -1.98275e-18 0.0765032 0.0880032 0.00195414 0.0768068 0.0876492 0.00194802 0.0770524 0.0872531 0.00192975 0.0771729 0.0873619 -1.96371e-18 0.0758117 0.0879514 0.00384795 0.0773532 0.086927 -1.93252e-18 0.0772343 0.0868247 0.00189982 0.0775 0.086 0 0.077463 0.0864693 -1.88991e-18 0.0773479 0.0863741 0.00185891 0.0741261 0.0885326 0.00352689 0.0745271 0.0865994 0.00734834 0.0752647 0.0873755 0.00565843 0.0741997 0.0868339 0.00729959 0.0761544 0.0876544 0.00385921 0.0745 0.089 0 0.0758755 0.0867647 0.00565843 0.0764514 0.0873117 0.00384795 0.0755896 0.0870896 0.00567318 0.0748288 0.0863288 0.00736466 0.0750994 0.0860271 0.00734834 0.0738938 0.0853938 0.00891233 0.0741449 0.0851193 0.00889621 0.0736193 0.0856449 0.00889621 0.0728054 0.0843054 0.0103022 0.0730334 0.0840611 0.0102876 0.0725611 0.0845334 0.0102876 0.0715836 0.0830836 0.0115245 0.071785 0.0828715 0.0115124 0.0713715 0.083285 0.0115124 0.0698854 0.0820837 0.012535 0.0700689 0.0819192 0.0125626 0.0702472 0.0817472 0.0125718 0.0704192 0.0815689 0.0125626 0.0686711 0.080455 0.0134317 0.068955 0.0801711 0.0134317 0.0688147 0.0803147 0.013438 0.0674115 0.0786965 0.0141141 0.0673047 0.0788047 0.0141178 0.0737485 0.0880607 0.00521864 0.0745912 0.0885056 0.00368372 0.068227 0.0808499 0.0133377 0.0679836 0.0808545 0.0133421 0.066925 0.0795313 0.0139424 0.0741273 0.0879448 0.00544294 0.075021 0.0883819 0.00375919 0.075431 0.0881957 0.00381432 0.0766957 0.086931 0.00381432 0.0770056 0.0860912 0.00368372 0.0768819 0.086521 0.00375919 0.077354 0.0858832 0.00178423 0.0732006 0.0873758 0.00678518 0.0734925 0.0871783 0.0071091 0.0745259 0.0878077 0.0055421 0.0749076 0.0876165 0.0056144 0.0761165 0.0864076 0.0056144 0.0764448 0.0856273 0.00544294 0.0763077 0.0860259 0.0055421 0.0770193 0.0856154 0.00351925 0.0765493 0.0852394 0.00520297 0.0725336 0.086542 0.00822766 0.072699 0.0862214 0.00865892 0.0738528 0.0870281 0.00721938 0.0695081 0.0823856 0.0124257 0.0690061 0.0821326 0.0126029 0.0753339 0.0856997 0.00729959 0.0756783 0.0849925 0.0071091 0.0755281 0.0853528 0.00721938 0.0758819 0.0847055 0.00678305 0.0717624 0.085578 0.00953525 0.0717605 0.0850913 0.0100726 0.0730172 0.086062 0.00876851 0.0733256 0.0858688 0.00884799 0.074562 0.0845172 0.00876851 0.0747214 0.084199 0.00865892 0.0743688 0.0848256 0.00884799 0.0750427 0.0840342 0.00822669 0.0709076 0.0845095 0.0107008 0.0706915 0.0838062 0.0113331 0.0720353 0.0849288 0.0101721 0.0723033 0.084742 0.0102441 0.0734288 0.0835353 0.0101721 0.0735913 0.0832605 0.0100726 0.073242 0.0838033 0.0102441 0.074082 0.0832656 0.00953362 0.0699844 0.0833556 0.0117231 0.0709234 0.083648 0.0114163 0.0711507 0.0834737 0.0114762 0.0719737 0.0826508 0.0114762 0.072148 0.0824234 0.0114163 0.0730144 0.0824115 0.0107 0.0723062 0.0821915 0.0113331 0.0625 0.074 0.015 0.0640191 0.0757362 0.0148976 0.0639828 0.0757722 0.0148945 0.069698 0.0822395 0.0124893 0.0671965 0.0789115 0.0141141 0.0670872 0.0790166 0.0141029 0.0705837 0.0813854 0.012535 0.0707395 0.081198 0.0124893 0.0718598 0.0814878 0.0117229 0.0708856 0.0810081 0.0124257 0.0668663 0.0792206 0.0140585 0.0683766 0.0807232 0.0133815 0.0685249 0.0805914 0.0134128 0.0690914 0.0800249 0.0134128 0.0692232 0.0798766 0.0133815 0.0706352 0.0805082 0.0126029 0.0693499 0.079727 0.0133377 0.0658403 0.0781753 0.0144066 0.065445 0.0775203 0.0145794 0.066977 0.0791197 0.0140844 0.0656637 0.0773079 0.014605 0.0676197 0.078477 0.0140844 0.0677206 0.0783663 0.0140585 0.0693552 0.0794841 0.0133418 0.0675166 0.0785872 0.0141029 0.0647368 0.076796 0.0147368 0.0655181 0.0774502 0.0145914 0.065591 0.0773793 0.0145999 0.0658793 0.077091 0.0145999 0.0659502 0.0770181 0.0145914 0.065736 0.077236 0.0146068 0.0660203 0.076945 0.0145794 0.0658079 0.0771637 0.014605 0.0680335 0.0784268 0.0139426 0.0666779 0.0773424 0.014407 0.0636222 0.0754027 0.0149344 0.0640917 0.0756641 0.0149011 0.0640554 0.0757002 0.0148998 0.0642362 0.0755191 0.0148976 0.0641279 0.0756279 0.0149015 0.0652982 0.0762386 0.014737 0.0642722 0.0754828 0.0148945 0.0641641 0.0755917 0.0149011 0.0642002 0.0755554 0.0148998 0.0639029 0.0751223 0.0149343 0.0775 0.05 0 0.0774477 0.0494241 0.00163207 0.077537 0.0495307 2.87358e-20 0.0696261 0.0391261 0.0133776 0.0697596 0.0389952 0.0133831 0.0712153 0.0407153 0.0124995 0.0698953 0.0388675 0.0133996 0.0713813 0.0405543 0.0125076 0.0710543 0.0408813 0.0125076 0.0694952 0.0392596 0.0133831 0.0742316 0.0432881 0.0102918 0.0728786 0.0419918 0.0114707 0.0730834 0.0418129 0.0115033 0.0726809 0.0421809 0.0114598 0.0737881 0.0437316 0.0102918 0.0724918 0.0423786 0.0114707 0.0756966 0.0442116 0.00903948 0.07644 0.0453968 0.00760024 0.0754232 0.0444273 0.00899352 0.0749273 0.0449232 0.00899352 0.0751656 0.0446656 0.00897815 0.0758968 0.04594 0.00760024 0.0773 0.0474178 0.00462865 0.0775887 0.0470887 0.00461449 0.0777318 0.0478747 0.00309449 0.07803 0.04753 0.00308386 0.0779178 0.0468 0.00462865 0.079573 0.0471468 1.74706e-19 0.0791381 0.047327 1.63671e-19 0.0794726 0.0470608 0.00159394 0.0783747 0.0472318 0.00309449 0.078292 0.047792 0.0015433 0.0783787 0.0478787 1.2989e-19 0.078073 0.0482366 1.07974e-19 0.0786465 0.0474881 0.00154901 0.0787366 0.0475729 1.48614e-19 0.0778271 0.0486381 8.33946e-20 0.0776468 0.0490729 5.67655e-20 0.0777424 0.0485433 0.00156604 0.0775608 0.0489726 0.00159394 0.0779881 0.0481465 0.00154901 0.0790433 0.0472424 0.00156604 0.0799241 0.0469477 0.00163207 0.0800307 0.047037 1.81431e-19 0.0803361 0.0468634 0.00167831 0.0799875 0.0465729 0.00329972 0.0766887 0.0467729 0.00613729 0.0761553 0.0456553 0.00758386 0.0782806 0.0465581 0.00467092 0.0805 0.047 0 0.0769641 0.0464641 0.00612123 0.0772729 0.0461887 0.00613729 0.0740032 0.0435032 0.0102784 0.0679355 0.0374355 0.0140777 0.0678361 0.0375361 0.014081 0.068036 0.0373361 0.014081 0.0795055 0.0461713 0.00486462 0.0796049 0.0466797 0.00324927 0.0749699 0.0423916 0.0108186 0.0735073 0.0414919 0.0116322 0.0738343 0.0414452 0.0116527 0.0790751 0.0462337 0.00483544 0.0791714 0.0468017 0.00317816 0.0787582 0.0469872 0.00312619 0.0774872 0.0482582 0.00312619 0.0773017 0.0486714 0.00317816 0.0773634 0.0498361 0.00167831 0.0771797 0.0491049 0.00324927 0.0788297 0.0456081 0.0063148 0.0783385 0.0456117 0.00637253 0.078669 0.0463679 0.00474032 0.0749719 0.0427462 0.0104902 0.0760534 0.0432945 0.00987368 0.0762754 0.0438592 0.00922013 0.0770581 0.0477806 0.00467092 0.0767337 0.0485751 0.00483544 0.0768679 0.048169 0.00474032 0.077084 0.0495008 0.00330799 0.0780034 0.0449195 0.00762614 0.077402 0.0448178 0.00784088 0.0779667 0.0457584 0.00626415 0.0776093 0.045952 0.00618527 0.076452 0.0471093 0.00618527 0.0761117 0.0478385 0.00637253 0.0762584 0.0474667 0.00626415 0.0766808 0.0490169 0.00488055 0.0761044 0.0483253 0.00631504 0.0770705 0.0441421 0.00881116 0.0770684 0.0449745 0.00772982 0.076746 0.0451686 0.00764919 0.0754745 0.0465684 0.00772982 0.0753178 0.046902 0.00784088 0.0756686 0.046246 0.00764919 0.0754159 0.0474991 0.00762605 0.0689561 0.0373801 0.0140021 0.0702132 0.0384277 0.0135536 0.070171 0.0386235 0.0134655 0.0759819 0.0440213 0.00911535 0.072659 0.0404658 0.0123838 0.0719001 0.0401117 0.0126289 0.0747116 0.0451966 0.00903948 0.0745213 0.0454819 0.00911535 0.0746379 0.0465655 0.00881034 0.0743592 0.0457754 0.00922013 0.0747186 0.0429076 0.0103983 0.074471 0.0430889 0.010332 0.0735889 0.043971 0.010332 0.0734076 0.0442186 0.0103983 0.0737911 0.0455493 0.00987213 0.0732463 0.0444719 0.0104902 0.0664375 0.0354027 0.0146107 0.0651034 0.0341695 0.0148425 0.0663979 0.0352482 0.0146444 0.0732936 0.0416458 0.0115572 0.0683422 0.0370469 0.0141293 0.0723129 0.0425834 0.0115033 0.0721458 0.0427936 0.0115572 0.0719919 0.0430073 0.0116322 0.0728898 0.0444678 0.0108175 0.0714495 0.0394579 0.0130156 0.0717248 0.0402517 0.0125725 0.0715515 0.0403995 0.012532 0.0708995 0.0410515 0.012532 0.0707517 0.0412248 0.0125725 0.0706117 0.0414001 0.0126289 0.0719452 0.0433342 0.0116528 0.0709645 0.0421573 0.0123829 0.0644816 0.0337128 0.0149023 0.0644479 0.0337462 0.0148997 0.0625 0.032 0.015 0.0700326 0.0387435 0.0134271 0.0681375 0.0372381 0.0140907 0.0693675 0.0393953 0.0133996 0.0692435 0.0395326 0.0134271 0.0677381 0.0376375 0.0140907 0.0676416 0.0377396 0.0141068 0.0699564 0.0409477 0.0130146 0.0691236 0.039671 0.0134655 0.0676831 0.0363193 0.0143649 0.0682396 0.0371416 0.0141068 0.0662346 0.0356005 0.0145885 0.0675469 0.0378422 0.0141293 0.0689265 0.0397118 0.0135529 0.0678795 0.0384553 0.0140019 0.0663697 0.0354681 0.0146003 0.066302 0.0355341 0.0145929 0.0660341 0.035802 0.0145929 0.0659681 0.0358697 0.0146003 0.0642797 0.0339142 0.0148978 0.0642462 0.0339479 0.0148997 0.0661674 0.0356674 0.014587 0.0668186 0.0371823 0.0143647 0.0659027 0.0359375 0.0146107 0.0661005 0.0357346 0.0145885 0.0638031 0.033086 0.0149607 0.0643805 0.0338133 0.0148967 0.0644142 0.0337797 0.0148978 0.0643469 0.0338469 0.0148963 0.0642128 0.0339816 0.0149023 0.0643133 0.0338805 0.0148967 0.0657473 0.0358967 0.014644 0.0646686 0.0346024 0.0148422 0.0635858 0.033303 0.0149607 -0.0773479 0.0863741 0.00185891 -0.077463 0.0864693 -2.00353e-18 -0.077354 0.0858832 0.00178423 -0.0773532 0.086927 -2.04193e-18 -0.0772343 0.0868247 0.00189982 -0.0771729 0.0873619 -2.06621e-18 -0.0770524 0.0872531 0.00192975 -0.0769271 0.0877634 -2.07582e-18 -0.0768068 0.0876492 0.00194802 -0.0766213 0.0881213 -2.07048e-18 -0.0762634 0.088427 -2.05037e-18 -0.0765032 0.0880032 0.00195414 -0.0761492 0.0883068 0.00194802 -0.0757531 0.0885524 0.00192975 -0.0758619 0.088673 -2.01593e-18 -0.0764514 0.0873117 0.00384795 -0.075427 0.0888532 -1.96807e-18 -0.0753247 0.0887343 0.00189982 -0.0745 0.089 0 -0.0749693 0.088963 -1.90791e-18 -0.0748741 0.0888479 0.00185891 -0.0770326 0.0856261 0.00352689 -0.0750994 0.0860271 0.00734834 -0.0758755 0.0867647 0.00565843 -0.0753339 0.0856997 0.00729959 -0.0761544 0.0876544 0.00385921 -0.0775 0.086 0 -0.0752647 0.0873755 0.00565843 -0.0758117 0.0879514 0.00384795 -0.0755896 0.0870896 0.00567318 -0.0748288 0.0863288 0.00736466 -0.0745271 0.0865994 0.00734834 -0.0738938 0.0853938 0.00891233 -0.0736193 0.0856449 0.00889621 -0.0741449 0.0851193 0.00889621 -0.0728054 0.0843054 0.0103022 -0.0725611 0.0845334 0.0102876 -0.0730334 0.0840611 0.0102876 -0.0715836 0.0830836 0.0115245 -0.0713715 0.083285 0.0115124 -0.071785 0.0828715 0.0115124 -0.0705837 0.0813854 0.012535 -0.0704192 0.0815689 0.0125626 -0.0702472 0.0817472 0.0125718 -0.0700689 0.0819192 0.0125626 -0.068955 0.0801711 0.0134317 -0.0686711 0.080455 0.0134317 -0.0688147 0.0803147 0.013438 -0.0671965 0.0789115 0.0141141 -0.0673047 0.0788047 0.0141178 -0.0765607 0.0852485 0.00521864 -0.0770056 0.0860912 0.00368372 -0.0693499 0.079727 0.0133377 -0.0693545 0.0794836 0.0133421 -0.0680313 0.078425 0.0139424 -0.0764448 0.0856273 0.00544294 -0.0768819 0.086521 0.00375919 -0.0766957 0.086931 0.00381432 -0.075431 0.0881957 0.00381432 -0.0745912 0.0885056 0.00368372 -0.075021 0.0883819 0.00375919 -0.0743832 0.088854 0.00178423 -0.0758758 0.0847006 0.00678518 -0.0756783 0.0849925 0.0071091 -0.0763077 0.0860259 0.0055421 -0.0761165 0.0864076 0.0056144 -0.0749076 0.0876165 0.0056144 -0.0741273 0.0879448 0.00544294 -0.0745259 0.0878077 0.0055421 -0.0741154 0.0885192 0.00351925 -0.0737394 0.0880493 0.00520297 -0.075042 0.0840336 0.00822766 -0.0747214 0.084199 0.00865892 -0.0755281 0.0853528 0.00721938 -0.0708856 0.0810081 0.0124257 -0.0706326 0.0805061 0.0126029 -0.0741997 0.0868339 0.00729959 -0.0734925 0.0871783 0.0071091 -0.0738528 0.0870281 0.00721938 -0.0732055 0.0873819 0.00678305 -0.074078 0.0832624 0.00953525 -0.0735913 0.0832605 0.0100726 -0.074562 0.0845172 0.00876851 -0.0743688 0.0848256 0.00884799 -0.0730172 0.086062 0.00876851 -0.072699 0.0862214 0.00865892 -0.0733256 0.0858688 0.00884799 -0.0725342 0.0865427 0.00822669 -0.0730095 0.0824076 0.0107008 -0.0723062 0.0821915 0.0113331 -0.0734288 0.0835353 0.0101721 -0.073242 0.0838033 0.0102441 -0.0720353 0.0849288 0.0101721 -0.0717605 0.0850913 0.0100726 -0.0723033 0.084742 0.0102441 -0.0717656 0.085582 0.00953362 -0.0718556 0.0814844 0.0117231 -0.072148 0.0824234 0.0114163 -0.0719737 0.0826508 0.0114762 -0.0711507 0.0834737 0.0114762 -0.0709234 0.083648 0.0114163 -0.0709115 0.0845144 0.0107 -0.0706915 0.0838062 0.0113331 -0.0625 0.074 0.015 -0.0642362 0.0755191 0.0148976 -0.0642722 0.0754828 0.0148945 -0.0707395 0.081198 0.0124893 -0.0674115 0.0786965 0.0141141 -0.0675166 0.0785872 0.0141029 -0.0698854 0.0820837 0.012535 -0.069698 0.0822395 0.0124893 -0.0699878 0.0833598 0.0117229 -0.0695081 0.0823856 0.0124257 -0.0677206 0.0783663 0.0140585 -0.0692232 0.0798766 0.0133815 -0.0690914 0.0800249 0.0134128 -0.0685249 0.0805914 0.0134128 -0.0683766 0.0807232 0.0133815 -0.0690082 0.0821352 0.0126029 -0.068227 0.0808499 0.0133377 -0.0666753 0.0773403 0.0144066 -0.0660203 0.076945 0.0145794 -0.0676197 0.078477 0.0140844 -0.0658079 0.0771637 0.014605 -0.066977 0.0791197 0.0140844 -0.0668663 0.0792206 0.0140585 -0.0679841 0.0808552 0.0133418 -0.0670872 0.0790166 0.0141029 -0.0652959 0.0762368 0.0147368 -0.0659502 0.0770181 0.0145914 -0.0658793 0.077091 0.0145999 -0.065591 0.0773793 0.0145999 -0.0655181 0.0774502 0.0145914 -0.065736 0.077236 0.0146068 -0.065445 0.0775203 0.0145794 -0.0656637 0.0773079 0.014605 -0.0669268 0.0795335 0.0139426 -0.0658424 0.0781779 0.014407 -0.0639027 0.0751222 0.0149344 -0.0641641 0.0755917 0.0149011 -0.0642002 0.0755554 0.0148998 -0.0640191 0.0757362 0.0148976 -0.0641279 0.0756279 0.0149015 -0.0647386 0.0767982 0.014737 -0.0639828 0.0757722 0.0148945 -0.0640917 0.0756641 0.0149011 -0.0640554 0.0757002 0.0148998 -0.0636223 0.0754029 0.0149343 -0.0805 0.047 0 -0.0799241 0.0469477 0.00163207 -0.0800307 0.047037 -1.76603e-18 -0.0696261 0.0391261 0.0133776 -0.0694952 0.0392596 0.0133831 -0.0712153 0.0407153 0.0124995 -0.0693675 0.0393953 0.0133996 -0.0710543 0.0408813 0.0125076 -0.0713813 0.0405543 0.0125076 -0.0697596 0.0389952 0.0133831 -0.0737881 0.0437316 0.0102918 -0.0724918 0.0423786 0.0114707 -0.0723129 0.0425834 0.0115033 -0.0726809 0.0421809 0.0114598 -0.0742316 0.0432881 0.0102918 -0.0728786 0.0419918 0.0114707 -0.0747116 0.0451966 0.00903948 -0.0758968 0.04594 0.00760024 -0.0749273 0.0449232 0.00899352 -0.0754232 0.0444273 0.00899352 -0.0751656 0.0446656 0.00897815 -0.07644 0.0453968 0.00760024 -0.0779178 0.0468 0.00462865 -0.0775887 0.0470887 0.00461449 -0.0783747 0.0472318 0.00309449 -0.07803 0.04753 0.00308386 -0.0773 0.0474178 0.00462865 -0.0776468 0.0490729 -1.63201e-18 -0.0778271 0.0486381 -1.60773e-18 -0.0775608 0.0489726 0.00159394 -0.0777318 0.0478747 0.00309449 -0.078292 0.047792 0.0015433 -0.0783787 0.0478787 -1.60346e-18 -0.0787366 0.0475729 -1.62357e-18 -0.0779881 0.0481465 0.00154901 -0.078073 0.0482366 -1.59812e-18 -0.0791381 0.047327 -1.65801e-18 -0.079573 0.0471468 -1.70587e-18 -0.0790433 0.0472424 0.00156604 -0.0794726 0.0470608 0.00159394 -0.0786465 0.0474881 0.00154901 -0.0777424 0.0485433 0.00156604 -0.0774477 0.0494241 0.00163207 -0.077537 0.0495307 -1.67041e-18 -0.0773634 0.0498361 0.00167831 -0.0770729 0.0494875 0.00329972 -0.0772729 0.0461887 0.00613729 -0.0761553 0.0456553 0.00758386 -0.0770581 0.0477806 0.00467092 -0.0775 0.05 0 -0.0769641 0.0464641 0.00612123 -0.0766887 0.0467729 0.00613729 -0.0740032 0.0435032 0.0102784 -0.0678361 0.0375361 0.014081 -0.0679355 0.0374355 0.0140777 -0.068036 0.0373361 0.014081 -0.0766713 0.0490055 0.00486462 -0.0771797 0.0491049 0.00324927 -0.0728916 0.0444699 0.0108186 -0.0719919 0.0430073 0.0116322 -0.0719452 0.0433343 0.0116527 -0.0767337 0.0485751 0.00483544 -0.0773017 0.0486714 0.00317816 -0.0774872 0.0482582 0.00312619 -0.0787582 0.0469872 0.00312619 -0.0791714 0.0468017 0.00317816 -0.0803361 0.0468634 0.00167831 -0.0796049 0.0466797 0.00324927 -0.0761081 0.0483297 0.0063148 -0.0761117 0.0478385 0.00637253 -0.0768679 0.048169 0.00474032 -0.0732463 0.0444719 0.0104902 -0.0737945 0.0455534 0.00987368 -0.0743592 0.0457754 0.00922013 -0.0782806 0.0465581 0.00467092 -0.0790751 0.0462337 0.00483544 -0.078669 0.0463679 0.00474032 -0.0800008 0.046584 0.00330799 -0.0754195 0.0475034 0.00762614 -0.0753178 0.046902 0.00784088 -0.0762584 0.0474667 0.00626415 -0.076452 0.0471093 0.00618527 -0.0776093 0.045952 0.00618527 -0.0783385 0.0456117 0.00637253 -0.0779667 0.0457584 0.00626415 -0.0795169 0.0461808 0.00488055 -0.0788253 0.0456044 0.00631504 -0.0746421 0.0465705 0.00881116 -0.0754745 0.0465684 0.00772982 -0.0756686 0.046246 0.00764919 -0.0770684 0.0449745 0.00772982 -0.077402 0.0448178 0.00784088 -0.076746 0.0451686 0.00764919 -0.0779991 0.044916 0.00762605 -0.0678801 0.0384561 0.0140021 -0.0689277 0.0397132 0.0135536 -0.0691236 0.039671 0.0134655 -0.0745213 0.0454819 0.00911535 -0.0709658 0.042159 0.0123838 -0.0706117 0.0414001 0.0126289 -0.0756966 0.0442116 0.00903948 -0.0759819 0.0440213 0.00911535 -0.0770655 0.0441379 0.00881034 -0.0762754 0.0438592 0.00922013 -0.0734076 0.0442186 0.0103983 -0.0735889 0.043971 0.010332 -0.074471 0.0430889 0.010332 -0.0747186 0.0429076 0.0103983 -0.0760493 0.0432911 0.00987213 -0.0749719 0.0427462 0.0104902 -0.0659027 0.0359375 0.0146107 -0.0646695 0.0346034 0.0148425 -0.0657482 0.0358978 0.0146444 -0.0721458 0.0427936 0.0115572 -0.0675469 0.0378422 0.0141293 -0.0730834 0.0418129 0.0115033 -0.0732936 0.0416458 0.0115572 -0.0735073 0.0414919 0.0116322 -0.0749678 0.0423898 0.0108175 -0.0699579 0.0409495 0.0130156 -0.0707517 0.0412248 0.0125725 -0.0708995 0.0410515 0.012532 -0.0715515 0.0403995 0.012532 -0.0717248 0.0402517 0.0125725 -0.0719001 0.0401117 0.0126289 -0.0738342 0.0414452 0.0116528 -0.0726573 0.0404645 0.0123829 -0.0642128 0.0339816 0.0149023 -0.0642462 0.0339479 0.0148997 -0.0625 0.032 0.015 -0.0692435 0.0395326 0.0134271 -0.0677381 0.0376375 0.0140907 -0.0698953 0.0388675 0.0133996 -0.0700326 0.0387435 0.0134271 -0.0681375 0.0372381 0.0140907 -0.0682396 0.0371416 0.0141068 -0.0714477 0.0394564 0.0130146 -0.070171 0.0386235 0.0134655 -0.0668193 0.0371831 0.0143649 -0.0676416 0.0377396 0.0141068 -0.0661005 0.0357346 0.0145885 -0.0683422 0.0370469 0.0141293 -0.0702118 0.0384265 0.0135529 -0.0689553 0.0373795 0.0140019 -0.0659681 0.0358697 0.0146003 -0.0660341 0.035802 0.0145929 -0.066302 0.0355341 0.0145929 -0.0663697 0.0354681 0.0146003 -0.0644142 0.0337797 0.0148978 -0.0644479 0.0337462 0.0148997 -0.0661674 0.0356674 0.014587 -0.0676823 0.0363186 0.0143647 -0.0664375 0.0354027 0.0146107 -0.0662346 0.0356005 0.0145885 -0.063586 0.0333031 0.0149607 -0.0643133 0.0338805 0.0148967 -0.0642797 0.0339142 0.0148978 -0.0643469 0.0338469 0.0148963 -0.0644816 0.0337128 0.0149023 -0.0643805 0.0338133 0.0148967 -0.0663967 0.0352473 0.014644 -0.0651024 0.0341687 0.0148422 -0.063803 0.0330858 0.0149607 -0.144848 0.0443741 0.00185891 -0.144963 0.0444693 1.81431e-19 -0.144854 0.0438832 0.00178423 -0.144853 0.0449271 1.74706e-19 -0.144734 0.0448247 0.00189982 -0.144673 0.0453619 1.63671e-19 -0.144552 0.0452531 0.00192975 -0.144427 0.0457634 1.48614e-19 -0.144307 0.0456492 0.00194802 -0.144121 0.0461213 1.2989e-19 -0.143763 0.0464271 1.07974e-19 -0.144003 0.0460032 0.00195414 -0.143649 0.0463068 0.00194802 -0.143253 0.0465524 0.00192975 -0.143362 0.046673 8.33946e-20 -0.143951 0.0453117 0.00384795 -0.142927 0.0468532 5.67655e-20 -0.142825 0.0467343 0.00189982 -0.142 0.047 0 -0.142469 0.046963 2.87358e-20 -0.142374 0.0468479 0.00185891 -0.144533 0.0436261 0.00352689 -0.142599 0.0440271 0.00734834 -0.143376 0.0447647 0.00565843 -0.142834 0.0436997 0.00729959 -0.143654 0.0456544 0.00385921 -0.145 0.044 0 -0.142765 0.0453755 0.00565843 -0.143312 0.0459514 0.00384795 -0.14309 0.0450896 0.00567318 -0.142329 0.0443288 0.00736466 -0.142027 0.0445994 0.00734834 -0.141394 0.0433938 0.00891233 -0.141119 0.0436449 0.00889621 -0.141645 0.0431193 0.00889621 -0.140305 0.0423054 0.0103022 -0.140061 0.0425334 0.0102876 -0.140533 0.0420611 0.0102876 -0.139084 0.0410836 0.0115245 -0.138872 0.041285 0.0115124 -0.139285 0.0408715 0.0115124 -0.138084 0.0393854 0.012535 -0.137919 0.0395689 0.0125626 -0.137747 0.0397472 0.0125718 -0.137569 0.0399192 0.0125626 -0.136455 0.0381711 0.0134317 -0.136171 0.038455 0.0134317 -0.136315 0.0383148 0.013438 -0.134697 0.0369115 0.0141141 -0.134805 0.0368047 0.0141178 -0.144061 0.0432485 0.00521864 -0.144506 0.0440912 0.00368372 -0.13685 0.037727 0.0133377 -0.136855 0.0374836 0.0133421 -0.135531 0.036425 0.0139424 -0.143945 0.0436273 0.00544294 -0.144382 0.044521 0.00375919 -0.144196 0.044931 0.00381432 -0.142931 0.0461957 0.00381432 -0.142091 0.0465056 0.00368372 -0.142521 0.0463819 0.00375919 -0.141883 0.046854 0.00178423 -0.143376 0.0427006 0.00678518 -0.143178 0.0429925 0.0071091 -0.143808 0.0440259 0.0055421 -0.143617 0.0444076 0.0056144 -0.142408 0.0456165 0.0056144 -0.141627 0.0459448 0.00544294 -0.142026 0.0458077 0.0055421 -0.141615 0.0465193 0.00351925 -0.141239 0.0460493 0.00520297 -0.142542 0.0420336 0.00822766 -0.142221 0.042199 0.00865892 -0.143028 0.0433528 0.00721938 -0.138386 0.0390081 0.0124257 -0.138133 0.0385061 0.0126029 -0.1417 0.0448339 0.00729959 -0.140992 0.0451783 0.0071091 -0.141353 0.0450281 0.00721938 -0.140706 0.0453819 0.00678305 -0.141578 0.0412624 0.00953525 -0.141091 0.0412604 0.0100726 -0.142062 0.0425172 0.00876851 -0.141869 0.0428255 0.00884799 -0.140517 0.044062 0.00876851 -0.140199 0.0442214 0.00865892 -0.140826 0.0438688 0.00884799 -0.140034 0.0445427 0.00822669 -0.140509 0.0404076 0.0107008 -0.139806 0.0401915 0.0113331 -0.140929 0.0415353 0.0101721 -0.140742 0.0418033 0.0102441 -0.139535 0.0429288 0.0101721 -0.13926 0.0430913 0.0100726 -0.139803 0.042742 0.0102441 -0.139266 0.043582 0.00953362 -0.139356 0.0394844 0.0117231 -0.139648 0.0404234 0.0114163 -0.139474 0.0406507 0.0114762 -0.138651 0.0414737 0.0114762 -0.138423 0.041648 0.0114163 -0.138412 0.0425144 0.0107 -0.138192 0.0418062 0.0113331 -0.13 0.032 0.015 -0.131736 0.0335191 0.0148976 -0.131772 0.0334828 0.0148945 -0.13824 0.039198 0.0124893 -0.134911 0.0366965 0.0141141 -0.135017 0.0365872 0.0141029 -0.137385 0.0400837 0.012535 -0.137198 0.0402395 0.0124893 -0.137488 0.0413598 0.0117229 -0.137008 0.0403856 0.0124257 -0.135221 0.0363663 0.0140585 -0.136723 0.0378766 0.0133815 -0.136591 0.0380249 0.0134128 -0.136025 0.0385914 0.0134128 -0.135877 0.0387232 0.0133815 -0.136508 0.0401352 0.0126029 -0.135727 0.0388499 0.0133377 -0.134175 0.0353403 0.0144066 -0.13352 0.034945 0.0145794 -0.13512 0.036477 0.0140844 -0.133308 0.0351637 0.014605 -0.134477 0.0371197 0.0140844 -0.134366 0.0372206 0.0140585 -0.135484 0.0388552 0.0133418 -0.134587 0.0370166 0.0141029 -0.132796 0.0342368 0.0147368 -0.13345 0.0350181 0.0145914 -0.133379 0.035091 0.0145999 -0.133091 0.0353793 0.0145999 -0.133018 0.0354502 0.0145914 -0.133236 0.035236 0.0146068 -0.132945 0.0355203 0.0145794 -0.133164 0.0353079 0.014605 -0.134427 0.0375335 0.0139426 -0.133342 0.0361779 0.014407 -0.131403 0.0331222 0.0149344 -0.131664 0.0335917 0.0149011 -0.1317 0.0335554 0.0148998 -0.131519 0.0337362 0.0148976 -0.131628 0.0336279 0.0149015 -0.132239 0.0347982 0.014737 -0.131483 0.0337722 0.0148945 -0.131592 0.0336641 0.0149011 -0.131555 0.0337002 0.0148998 -0.131122 0.0334029 0.0149343 -0.142374 -0.0468479 0.00185891 -0.142469 -0.046963 1.81431e-19 -0.141883 -0.046854 0.00178423 -0.142927 -0.0468532 1.74706e-19 -0.142825 -0.0467343 0.00189982 -0.143362 -0.046673 1.63671e-19 -0.143253 -0.0465524 0.00192975 -0.143763 -0.0464271 1.48614e-19 -0.143649 -0.0463068 0.00194802 -0.144121 -0.0461213 1.2989e-19 -0.144427 -0.0457634 1.07974e-19 -0.144003 -0.0460032 0.00195414 -0.144307 -0.0456492 0.00194802 -0.144552 -0.0452531 0.00192975 -0.144673 -0.0453619 8.33946e-20 -0.143312 -0.0459514 0.00384795 -0.144853 -0.0449271 5.67655e-20 -0.144734 -0.0448247 0.00189982 -0.145 -0.044 0 -0.144963 -0.0444693 2.87358e-20 -0.144848 -0.0443741 0.00185891 -0.141626 -0.0465326 0.00352689 -0.142027 -0.0445994 0.00734834 -0.142765 -0.0453755 0.00565843 -0.1417 -0.0448339 0.00729959 -0.143654 -0.0456544 0.00385921 -0.142 -0.047 0 -0.143376 -0.0447647 0.00565843 -0.143951 -0.0453117 0.00384795 -0.14309 -0.0450896 0.00567318 -0.142329 -0.0443288 0.00736466 -0.142599 -0.0440271 0.00734834 -0.141394 -0.0433938 0.00891233 -0.141645 -0.0431193 0.00889621 -0.141119 -0.0436449 0.00889621 -0.140305 -0.0423054 0.0103022 -0.140533 -0.0420611 0.0102876 -0.140061 -0.0425334 0.0102876 -0.139084 -0.0410836 0.0115245 -0.139285 -0.0408715 0.0115124 -0.138872 -0.041285 0.0115124 -0.137385 -0.0400837 0.012535 -0.137569 -0.0399192 0.0125626 -0.137747 -0.0397472 0.0125718 -0.137919 -0.0395689 0.0125626 -0.136171 -0.038455 0.0134317 -0.136455 -0.0381711 0.0134317 -0.136315 -0.0383148 0.013438 -0.134911 -0.0366965 0.0141141 -0.134805 -0.0368047 0.0141178 -0.141249 -0.0460607 0.00521864 -0.142091 -0.0465056 0.00368372 -0.135727 -0.0388499 0.0133377 -0.135484 -0.0388545 0.0133421 -0.134425 -0.0375313 0.0139424 -0.141627 -0.0459448 0.00544294 -0.142521 -0.0463819 0.00375919 -0.142931 -0.0461957 0.00381432 -0.144196 -0.044931 0.00381432 -0.144506 -0.0440912 0.00368372 -0.144382 -0.044521 0.00375919 -0.144854 -0.0438832 0.00178423 -0.140701 -0.0453758 0.00678518 -0.140992 -0.0451783 0.0071091 -0.142026 -0.0458077 0.0055421 -0.142408 -0.0456165 0.0056144 -0.143617 -0.0444076 0.0056144 -0.143945 -0.0436273 0.00544294 -0.143808 -0.0440259 0.0055421 -0.144519 -0.0436154 0.00351925 -0.144049 -0.0432394 0.00520297 -0.140034 -0.044542 0.00822766 -0.140199 -0.0442214 0.00865892 -0.141353 -0.0450281 0.00721938 -0.137008 -0.0403856 0.0124257 -0.136506 -0.0401326 0.0126029 -0.142834 -0.0436997 0.00729959 -0.143178 -0.0429925 0.0071091 -0.143028 -0.0433528 0.00721938 -0.143382 -0.0427055 0.00678305 -0.139262 -0.043578 0.00953525 -0.13926 -0.0430913 0.0100726 -0.140517 -0.044062 0.00876851 -0.140826 -0.0438688 0.00884799 -0.142062 -0.0425172 0.00876851 -0.142221 -0.042199 0.00865892 -0.141869 -0.0428255 0.00884799 -0.142543 -0.0420341 0.00822669 -0.138408 -0.0425095 0.0107008 -0.138192 -0.0418062 0.0113331 -0.139535 -0.0429288 0.0101721 -0.139803 -0.042742 0.0102441 -0.140929 -0.0415353 0.0101721 -0.141091 -0.0412604 0.0100726 -0.140742 -0.0418033 0.0102441 -0.141582 -0.0412656 0.00953362 -0.137484 -0.0413556 0.0117231 -0.138423 -0.041648 0.0114163 -0.138651 -0.0414737 0.0114762 -0.139474 -0.0406507 0.0114762 -0.139648 -0.0404234 0.0114163 -0.140514 -0.0404115 0.0107 -0.139806 -0.0401915 0.0113331 -0.13 -0.032 0.015 -0.131519 -0.0337362 0.0148976 -0.131483 -0.0337722 0.0148945 -0.137198 -0.0402395 0.0124893 -0.134697 -0.0369115 0.0141141 -0.134587 -0.0370166 0.0141029 -0.138084 -0.0393854 0.012535 -0.13824 -0.039198 0.0124893 -0.13936 -0.0394878 0.0117229 -0.138386 -0.0390081 0.0124257 -0.134366 -0.0372206 0.0140585 -0.135877 -0.0387232 0.0133815 -0.136025 -0.0385914 0.0134128 -0.136591 -0.0380249 0.0134128 -0.136723 -0.0378766 0.0133815 -0.138135 -0.0385082 0.0126029 -0.13685 -0.037727 0.0133377 -0.13334 -0.0361753 0.0144066 -0.132945 -0.0355203 0.0145794 -0.134477 -0.0371197 0.0140844 -0.133164 -0.0353079 0.014605 -0.13512 -0.036477 0.0140844 -0.135221 -0.0363663 0.0140585 -0.136855 -0.0374841 0.0133418 -0.135017 -0.0365872 0.0141029 -0.132237 -0.0347959 0.0147368 -0.133018 -0.0354502 0.0145914 -0.133091 -0.0353793 0.0145999 -0.133379 -0.035091 0.0145999 -0.13345 -0.0350181 0.0145914 -0.133236 -0.035236 0.0146068 -0.13352 -0.034945 0.0145794 -0.133308 -0.0351637 0.014605 -0.135534 -0.0364268 0.0139426 -0.134178 -0.0353424 0.014407 -0.131122 -0.0334027 0.0149344 -0.131592 -0.0336641 0.0149011 -0.131555 -0.0337002 0.0148998 -0.131736 -0.0335191 0.0148976 -0.131628 -0.0336279 0.0149015 -0.132798 -0.0342386 0.014737 -0.131772 -0.0334828 0.0148945 -0.131664 -0.0335917 0.0149011 -0.1317 -0.0335554 0.0148998 -0.131403 -0.0331223 0.0149343 -0.0775 -0.05 0 -0.0774477 -0.0494241 0.00163207 -0.077537 -0.0495307 -1.76603e-18 -0.0696261 -0.0391261 0.0133776 -0.0697596 -0.0389952 0.0133831 -0.0712153 -0.0407153 0.0124995 -0.0698953 -0.0388675 0.0133996 -0.0713813 -0.0405543 0.0125076 -0.0710543 -0.0408813 0.0125076 -0.0694952 -0.0392596 0.0133831 -0.0742316 -0.0432881 0.0102918 -0.0728786 -0.0419918 0.0114707 -0.0730834 -0.0418129 0.0115033 -0.0726809 -0.0421809 0.0114598 -0.0737881 -0.0437316 0.0102918 -0.0724918 -0.0423786 0.0114707 -0.0756966 -0.0442116 0.00903948 -0.07644 -0.0453968 0.00760024 -0.0754232 -0.0444273 0.00899352 -0.0749273 -0.0449232 0.00899352 -0.0751656 -0.0446656 0.00897815 -0.0758968 -0.04594 0.00760024 -0.0773 -0.0474178 0.00462865 -0.0775887 -0.0470887 0.00461449 -0.0777318 -0.0478747 0.00309449 -0.07803 -0.04753 0.00308386 -0.0779178 -0.0468 0.00462865 -0.079573 -0.0471468 -1.63201e-18 -0.0791381 -0.047327 -1.60773e-18 -0.0794726 -0.0470608 0.00159394 -0.0783747 -0.0472318 0.00309449 -0.078292 -0.047792 0.0015433 -0.0783787 -0.0478787 -1.60346e-18 -0.078073 -0.0482366 -1.62357e-18 -0.0786465 -0.0474881 0.00154901 -0.0787366 -0.0475729 -1.59812e-18 -0.0778271 -0.0486381 -1.65801e-18 -0.0776468 -0.0490729 -1.70587e-18 -0.0777424 -0.0485433 0.00156604 -0.0775608 -0.0489726 0.00159394 -0.0779881 -0.0481465 0.00154901 -0.0790433 -0.0472424 0.00156604 -0.0799241 -0.0469477 0.00163207 -0.0800307 -0.047037 -1.67041e-18 -0.0803361 -0.0468634 0.00167831 -0.0799875 -0.0465729 0.00329972 -0.0766887 -0.0467729 0.00613729 -0.0761553 -0.0456553 0.00758386 -0.0782806 -0.0465581 0.00467092 -0.0805 -0.047 0 -0.0769641 -0.0464641 0.00612123 -0.0772729 -0.0461887 0.00613729 -0.0740032 -0.0435032 0.0102784 -0.0679355 -0.0374355 0.0140777 -0.0678361 -0.0375361 0.014081 -0.068036 -0.0373361 0.014081 -0.0795055 -0.0461713 0.00486462 -0.0796049 -0.0466797 0.00324927 -0.0749699 -0.0423916 0.0108186 -0.0735073 -0.0414919 0.0116322 -0.0738343 -0.0414452 0.0116527 -0.0790751 -0.0462337 0.00483544 -0.0791714 -0.0468017 0.00317816 -0.0787582 -0.0469872 0.00312619 -0.0774872 -0.0482582 0.00312619 -0.0773017 -0.0486714 0.00317816 -0.0773634 -0.0498361 0.00167831 -0.0771797 -0.0491049 0.00324927 -0.0788297 -0.0456081 0.0063148 -0.0783385 -0.0456117 0.00637253 -0.078669 -0.0463679 0.00474032 -0.0749719 -0.0427462 0.0104902 -0.0760534 -0.0432945 0.00987368 -0.0762754 -0.0438592 0.00922013 -0.0770581 -0.0477806 0.00467092 -0.0767337 -0.0485751 0.00483544 -0.0768679 -0.048169 0.00474032 -0.077084 -0.0495008 0.00330799 -0.0780034 -0.0449195 0.00762614 -0.077402 -0.0448178 0.00784088 -0.0779667 -0.0457584 0.00626415 -0.0776093 -0.045952 0.00618527 -0.076452 -0.0471093 0.00618527 -0.0761117 -0.0478385 0.00637253 -0.0762584 -0.0474667 0.00626415 -0.0766808 -0.0490169 0.00488055 -0.0761044 -0.0483253 0.00631504 -0.0770705 -0.0441421 0.00881116 -0.0770684 -0.0449745 0.00772982 -0.076746 -0.0451686 0.00764919 -0.0754745 -0.0465684 0.00772982 -0.0753178 -0.046902 0.00784088 -0.0756686 -0.046246 0.00764919 -0.0754159 -0.0474991 0.00762605 -0.0689561 -0.0373801 0.0140021 -0.0702132 -0.0384277 0.0135536 -0.070171 -0.0386235 0.0134655 -0.0759819 -0.0440213 0.00911535 -0.072659 -0.0404658 0.0123838 -0.0719001 -0.0401117 0.0126289 -0.0747116 -0.0451966 0.00903948 -0.0745213 -0.0454819 0.00911535 -0.0746379 -0.0465655 0.00881034 -0.0743592 -0.0457754 0.00922013 -0.0747186 -0.0429076 0.0103983 -0.074471 -0.0430889 0.010332 -0.0735889 -0.043971 0.010332 -0.0734076 -0.0442186 0.0103983 -0.0737911 -0.0455493 0.00987213 -0.0732463 -0.0444719 0.0104902 -0.0664375 -0.0354027 0.0146107 -0.0651034 -0.0341695 0.0148425 -0.0663979 -0.0352482 0.0146444 -0.0732936 -0.0416458 0.0115572 -0.0683422 -0.0370469 0.0141293 -0.0723129 -0.0425834 0.0115033 -0.0721458 -0.0427936 0.0115572 -0.0719919 -0.0430073 0.0116322 -0.0728898 -0.0444678 0.0108175 -0.0714495 -0.0394579 0.0130156 -0.0717248 -0.0402517 0.0125725 -0.0715515 -0.0403995 0.012532 -0.0708995 -0.0410515 0.012532 -0.0707517 -0.0412248 0.0125725 -0.0706117 -0.0414001 0.0126289 -0.0719452 -0.0433342 0.0116528 -0.0709645 -0.0421573 0.0123829 -0.0644816 -0.0337128 0.0149023 -0.0644479 -0.0337462 0.0148997 -0.0625 -0.032 0.015 -0.0700326 -0.0387435 0.0134271 -0.0681375 -0.0372381 0.0140907 -0.0693675 -0.0393953 0.0133996 -0.0692435 -0.0395326 0.0134271 -0.0677381 -0.0376375 0.0140907 -0.0676416 -0.0377396 0.0141068 -0.0699564 -0.0409477 0.0130146 -0.0691236 -0.039671 0.0134655 -0.0676831 -0.0363193 0.0143649 -0.0682396 -0.0371416 0.0141068 -0.0662346 -0.0356005 0.0145885 -0.0675469 -0.0378422 0.0141293 -0.0689265 -0.0397118 0.0135529 -0.0678795 -0.0384553 0.0140019 -0.0663697 -0.0354681 0.0146003 -0.066302 -0.0355341 0.0145929 -0.0660341 -0.035802 0.0145929 -0.0659681 -0.0358697 0.0146003 -0.0642797 -0.0339142 0.0148978 -0.0642462 -0.0339479 0.0148997 -0.0661674 -0.0356674 0.014587 -0.0668186 -0.0371823 0.0143647 -0.0659027 -0.0359375 0.0146107 -0.0661005 -0.0357346 0.0145885 -0.0638031 -0.033086 0.0149607 -0.0643805 -0.0338133 0.0148967 -0.0644142 -0.0337797 0.0148978 -0.0643469 -0.0338469 0.0148963 -0.0642128 -0.0339816 0.0149023 -0.0643133 -0.0338805 0.0148967 -0.0657473 -0.0358967 0.014644 -0.0646686 -0.0346024 0.0148422 -0.0635858 -0.033303 0.0149607 -0.0748741 -0.0888479 0.00185891 -0.0749693 -0.088963 0 -0.0743832 -0.088854 0.00178423 -0.075427 -0.0888532 0 -0.0753247 -0.0887343 0.00189982 -0.0758619 -0.088673 0 -0.0757531 -0.0885524 0.00192975 -0.0762634 -0.088427 0 -0.0761492 -0.0883068 0.00194802 -0.0766213 -0.0881213 0 -0.0769271 -0.0877634 0 -0.0765032 -0.0880032 0.00195414 -0.0768068 -0.0876492 0.00194802 -0.0770524 -0.0872531 0.00192975 -0.0771729 -0.0873619 0 -0.0758117 -0.0879514 0.00384795 -0.0773532 -0.086927 0 -0.0772343 -0.0868247 0.00189982 -0.0775 -0.086 0 -0.077463 -0.0864693 0 -0.0773479 -0.0863741 0.00185891 -0.0741261 -0.0885326 0.00352689 -0.0745271 -0.0865994 0.00734834 -0.0752647 -0.0873755 0.00565843 -0.0741997 -0.0868339 0.00729959 -0.0761544 -0.0876544 0.00385921 -0.0745 -0.089 0 -0.0758755 -0.0867647 0.00565843 -0.0764514 -0.0873117 0.00384795 -0.0755896 -0.0870896 0.00567318 -0.0748288 -0.0863288 0.00736466 -0.0750994 -0.0860271 0.00734834 -0.0738938 -0.0853938 0.00891233 -0.0741449 -0.0851193 0.00889621 -0.0736193 -0.0856449 0.00889621 -0.0728054 -0.0843054 0.0103022 -0.0730334 -0.0840611 0.0102876 -0.0725611 -0.0845334 0.0102876 -0.0715836 -0.0830836 0.0115245 -0.071785 -0.0828715 0.0115124 -0.0713715 -0.083285 0.0115124 -0.0698854 -0.0820837 0.012535 -0.0700689 -0.0819192 0.0125626 -0.0702472 -0.0817472 0.0125718 -0.0704192 -0.0815689 0.0125626 -0.0686711 -0.080455 0.0134317 -0.068955 -0.0801711 0.0134317 -0.0688147 -0.0803147 0.013438 -0.0674115 -0.0786965 0.0141141 -0.0673047 -0.0788047 0.0141178 -0.0737485 -0.0880607 0.00521864 -0.0745912 -0.0885056 0.00368372 -0.068227 -0.0808499 0.0133377 -0.0679836 -0.0808545 0.0133421 -0.066925 -0.0795313 0.0139424 -0.0741273 -0.0879448 0.00544294 -0.075021 -0.0883819 0.00375919 -0.075431 -0.0881957 0.00381432 -0.0766957 -0.086931 0.00381432 -0.0770056 -0.0860912 0.00368372 -0.0768819 -0.086521 0.00375919 -0.077354 -0.0858832 0.00178423 -0.0732006 -0.0873758 0.00678518 -0.0734925 -0.0871783 0.0071091 -0.0745259 -0.0878077 0.0055421 -0.0749076 -0.0876165 0.0056144 -0.0761165 -0.0864076 0.0056144 -0.0764448 -0.0856273 0.00544294 -0.0763077 -0.0860259 0.0055421 -0.0770193 -0.0856154 0.00351925 -0.0765493 -0.0852394 0.00520297 -0.0725336 -0.086542 0.00822766 -0.072699 -0.0862214 0.00865892 -0.0738528 -0.0870281 0.00721938 -0.0695081 -0.0823856 0.0124257 -0.0690061 -0.0821326 0.0126029 -0.0753339 -0.0856997 0.00729959 -0.0756783 -0.0849925 0.0071091 -0.0755281 -0.0853528 0.00721938 -0.0758819 -0.0847055 0.00678305 -0.0717624 -0.085578 0.00953525 -0.0717605 -0.0850913 0.0100726 -0.0730172 -0.086062 0.00876851 -0.0733256 -0.0858688 0.00884799 -0.074562 -0.0845172 0.00876851 -0.0747214 -0.084199 0.00865892 -0.0743688 -0.0848256 0.00884799 -0.0750427 -0.0840342 0.00822669 -0.0709076 -0.0845095 0.0107008 -0.0706915 -0.0838062 0.0113331 -0.0720353 -0.0849288 0.0101721 -0.0723033 -0.084742 0.0102441 -0.0734288 -0.0835353 0.0101721 -0.0735913 -0.0832605 0.0100726 -0.073242 -0.0838033 0.0102441 -0.074082 -0.0832656 0.00953362 -0.0699844 -0.0833556 0.0117231 -0.0709234 -0.083648 0.0114163 -0.0711507 -0.0834737 0.0114762 -0.0719737 -0.0826508 0.0114762 -0.072148 -0.0824234 0.0114163 -0.0730144 -0.0824115 0.0107 -0.0723062 -0.0821915 0.0113331 -0.0625 -0.074 0.015 -0.0640191 -0.0757362 0.0148976 -0.0639828 -0.0757722 0.0148945 -0.069698 -0.0822395 0.0124893 -0.0671965 -0.0789115 0.0141141 -0.0670872 -0.0790166 0.0141029 -0.0705837 -0.0813854 0.012535 -0.0707395 -0.081198 0.0124893 -0.0718598 -0.0814878 0.0117229 -0.0708856 -0.0810081 0.0124257 -0.0668663 -0.0792206 0.0140585 -0.0683766 -0.0807232 0.0133815 -0.0685249 -0.0805914 0.0134128 -0.0690914 -0.0800249 0.0134128 -0.0692232 -0.0798766 0.0133815 -0.0706352 -0.0805082 0.0126029 -0.0693499 -0.079727 0.0133377 -0.0658403 -0.0781753 0.0144066 -0.065445 -0.0775203 0.0145794 -0.066977 -0.0791197 0.0140844 -0.0656637 -0.0773079 0.014605 -0.0676197 -0.078477 0.0140844 -0.0677206 -0.0783663 0.0140585 -0.0693552 -0.0794841 0.0133418 -0.0675166 -0.0785872 0.0141029 -0.0647368 -0.076796 0.0147368 -0.0655181 -0.0774502 0.0145914 -0.065591 -0.0773793 0.0145999 -0.0658793 -0.077091 0.0145999 -0.0659502 -0.0770181 0.0145914 -0.065736 -0.077236 0.0146068 -0.0660203 -0.076945 0.0145794 -0.0658079 -0.0771637 0.014605 -0.0680335 -0.0784268 0.0139426 -0.0666779 -0.0773424 0.014407 -0.0636222 -0.0754027 0.0149344 -0.0640917 -0.0756641 0.0149011 -0.0640554 -0.0757002 0.0148998 -0.0642362 -0.0755191 0.0148976 -0.0641279 -0.0756279 0.0149015 -0.0652982 -0.0762386 0.014737 -0.0642722 -0.0754828 0.0148945 -0.0641641 -0.0755917 0.0149011 -0.0642002 -0.0755554 0.0148998 -0.0639029 -0.0751223 0.0149343</float_array>
          <technique_common>
            <accessor count="2388" source="#ID14" stride="3">
              <param name="X" type="float"/>
              <param name="Y" type="float"/>
              <param name="Z" type="float"/>
            </accessor>
          </technique_common>
        </source>
        <source id="ID15">
          <float_array count="7164" id="ID16">0 0 1 0 0 1 0 0 1 0 0 1 0 0 1 0 0 1 0 0 1 0 0 1 0 0 1 0 0 1 0 0 1 0 0 1 -0 -0 -1 -0 -0 -1 -0 -0 -1 -0 -0 -1 -0 -0 -1 -0 -0 -1 -0 -0 -1 -0 -0 -1 -0 -0 -1 -0 -0 -1 -0 -0 -1 -0 -0 -1 -0 -0 -1 -0 -0 -1 -0 -0 -1 -0 -0 -1 -0 -0 -1 -0 -0 -1 -0 -0 -1 -0 -0 -1 -0 -0 -1 -0 -0 -1 -0 -0 -1 -0 -0 -1 -0 -0 -1 -0 -0 -1 -0 -0 -1 -0 -0 -1 -0 -0 -1 -0 -0 -1 -0 -0 -1 -0 -0 -1 -0 -0 -1 -0 -0 -1 -0 -0 -1 -0 -0 -1 -0 -0 -1 -0 -0 -1 -0 -0 -1 -0 -0 -1 -0 -0 -1 -0 -0 -1 -0 -0 -1 -0 -0 -1 -0 -0 -1 -0 -0 -1 -0 -0 -1 -0 -0 -1 -0 -0 -1 -0 -0 -1 -0 -0 -1 -0 -0 -1 -0 -0 -1 -0 -0 -1 -0 -0 -1 -0 -0 -1 -0 -0 -1 -0 -0 -1 -0 -0 -1 -0 -0 -1 -0 -0 -1 -0 -0 -1 -0 -0 -1 -0 -0 -1 -0 -0 -1 -0 -0 -1 -0 -0 -1 -0 -0 -1 -0 -0 -1 -0 -0 -1 -0 -0 -1 -0 -0 -1 -0 -0 -1 -0 -0 -1 -0 -0 -1 -0 -0 -1 -0 -0 -1 -0 -0 -1 -0 -0 -1 -0 -0 -1 -0 -0 -1 -0 -0 -1 -0 -0 -1 -0 -0 -1 -0 -0 -1 -0 -0 -1 -0 -0 -1 -0 -0 -1 -0 -0 -1 -0 -0 -1 -0 -0 -1 -0 -0 -1 -0 -0 -1 -0 -0 -1 -0 -0 -1 -0 -0 -1 -0 -0 -1 -0 -0 -1 -0 -0 -1 -0 -0 -1 -0 -0 -1 -0 -0 -1 -0 -0 -1 -0 -0 -1 -0 -0 -1 -0 -0 -1 -0 -0 -1 -0 -0 -1 -0 -0 -1 -0 -0 -1 -0 -0 -1 -0 -0 -1 -0 -0 -1 -0 -0 -1 -0 -0 -1 -0 -0 -1 -0 -0 -1 -0 -0 -1 -0 -0 -1 -0 -0 -1 -0 -0 -1 -0 -0 -1 -0 -0 -1 -0 -0 -1 -0 -0 -1 -0 -0 -1 -0 -0 -1 -0 -0 -1 -0 -0 -1 -0 -0 -1 -0 -0 -1 -0 -0 -1 -0.186529 0 0.982449 -0.216414 0 0.976302 -0.144527 0 0.989501 -6.95355e-08 0 1 -0.0934155 0 0.995627 -0.0723374 0 0.99738 -0.428381 0 0.903598 -0.457097 0 0.889417 -0.497045 0 0.867724 -0.368941 0 0.929453 -0.358569 0 0.933503 -0.278583 0 0.960412 -0.623969 0 0.781449 -0.700883 0 0.713276 -0.692681 0 0.721244 -0.564262 0 0.825596 -0.542397 0 0.840122 -0.891936 0 0.452163 -0.861087 0 0.508458 -0.836219 0 0.548395 -0.809262 0 0.587448 -0.752797 0 0.658253 -0.772054 0 0.635557 -0.971821 0 0.23572 -0.945791 0 0.324777 -0.937618 0 0.347667 -0.907036 0 0.421054 -0.992863 0 0.119259 -0.97531 0 0.220841 -0.993685 0 0.112202 -1 0 5.96244e-09 -1 0 5.96244e-09 -0.629661 0 0.77687 -0.287834 0 0.95768 -6.95355e-08 0 1 -2.97377e-17 0.144641 0.989484 -3.83214e-17 0.186391 0.982476 -1.92117e-17 0.0934433 0.995625 -1.42963e-23 6.95355e-08 1 3.47218e-23 -1.68883e-07 1 -1.48679e-17 0.0723158 0.997382 -5.72237e-17 0.27833 0.960486 -7.37544e-17 0.358733 0.93344 -7.58047e-17 0.368705 0.929546 -4.4538e-17 0.216628 0.976254 -1.02224e-16 0.497206 0.867633 -1.16033e-16 0.564373 0.82552 -1.11468e-16 0.542167 0.840271 -8.81103e-17 0.428558 0.903514 -9.39385e-17 0.456906 0.889515 -1.42428e-16 0.692755 0.721173 -1.44059e-16 0.700687 0.713468 -1.28239e-16 0.623739 0.781633 -1.29463e-16 0.629691 0.776845 -1.77047e-16 0.861138 0.508371 -1.71902e-16 0.836112 0.548559 -1.66397e-16 0.809337 0.587345 -1.58702e-16 0.77191 0.635732 -1.54792e-16 0.752889 0.658147 -1.94419e-16 0.945632 0.325238 -1.92788e-16 0.937697 0.347454 -1.86494e-16 0.907087 0.420943 -1.83361e-16 0.891848 0.452334 -2.00508e-16 0.975249 0.22111 -1.9981e-16 0.971852 0.235593 -2.0413e-16 0.992863 0.119259 -2.04299e-16 0.993685 0.112202 -2.05597e-16 1 5.96244e-09 -2.05597e-16 1 5.96244e-09 -5.92141e-17 0.288011 0.957627 -4.98854e-17 0.278583 0.960412 -3.33767e-17 0.186391 0.982476 -3.34014e-17 0.186529 0.982449 -1.24516e-23 6.95355e-08 1 3.02416e-23 -1.68883e-07 1 -1.67278e-17 0.0934155 0.995627 -8.18516e-17 0.457098 0.889417 -9.7126e-17 0.542397 0.840122 -8.18174e-17 0.456906 0.889515 -6.60234e-17 0.368705 0.929546 -4.984e-17 0.27833 0.960486 -6.60656e-17 0.368941 0.929453 -1.25506e-16 0.700883 0.713276 -1.25471e-16 0.700687 0.713468 -1.11692e-16 0.623739 0.781633 -9.70849e-17 0.542167 0.840271 -1.11733e-16 0.623969 0.781449 -1.59702e-16 0.891848 0.452334 -1.49721e-16 0.836112 0.548559 -1.59717e-16 0.891936 0.452163 -1.38225e-16 0.77191 0.635732 -1.3825e-16 0.772054 0.635557 -1.4974e-16 0.836219 0.548395 -1.74022e-16 0.971821 0.23572 -1.67912e-16 0.937697 0.347454 -1.67898e-16 0.937618 0.347667 -1.7779e-16 0.992863 0.119259 -1.74028e-16 0.971852 0.235593 -1.7779e-16 0.992863 0.119259 -1.79068e-16 1 5.96244e-09 -1.79068e-16 1 5.96244e-09 -1.67327e-17 0.0934433 0.995625 -0.278583 0 0.960412 -0.186391 0 0.982476 -0.186529 0 0.982449 -6.95355e-08 0 1 -6.95355e-08 0 1 -0.0934155 0 0.995627 -0.457097 0 0.889417 -0.542397 0 0.840122 -0.456906 0 0.889515 -0.368941 0 0.929453 -0.368705 0 0.929546 -0.772054 0 0.635557 -0.700687 0 0.713468 -0.700883 0 0.713276 -0.623969 0 0.781449 -0.623739 0 0.781633 -0.891848 0 0.452335 -0.891936 0 0.452163 -0.937618 0 0.347667 -0.77191 0 0.635732 -0.836219 0 0.548395 -0.836112 0 0.548559 -0.971821 0 0.23572 -0.937697 0 0.347454 -0.992863 0 0.119259 -0.971852 0 0.235593 -0.992863 0 0.119259 -1 0 5.96244e-09 -1 0 5.96244e-09 -0.542167 0 0.840271 -0.27833 0 0.960486 -0.0934433 0 0.995625 0.993685 6.56674e-16 0.112202 1 6.60847e-16 5.96244e-09 0.992863 6.56131e-16 0.119259 0.891848 5.89375e-16 0.452335 0.907087 5.99446e-16 0.420943 0.937697 6.19674e-16 0.347454 0.971852 6.42245e-16 0.235593 0.945632 6.24918e-16 0.325238 0.975249 6.4449e-16 0.22111 0.700687 4.63047e-16 0.713468 0.623739 4.12196e-16 0.781633 0.692755 4.57805e-16 0.721173 0.836112 5.52542e-16 0.548559 0.77191 5.10114e-16 0.635732 0.809337 5.34848e-16 0.587344 0.358733 2.37068e-16 0.93344 0.428558 2.83212e-16 0.903514 0.368705 2.43658e-16 0.929546 0.497206 3.28577e-16 0.867633 0.564373 3.72965e-16 0.82552 0.542167 3.5829e-16 0.840271 0.27833 1.83933e-16 0.960486 0.216628 1.43158e-16 0.976254 0.288011 1.90331e-16 0.957627 0.186391 1.23176e-16 0.982476 0.144641 9.55855e-17 0.989484 0.0723158 4.77897e-17 0.997382 0.0934433 6.17517e-17 0.995625 6.95355e-08 4.59523e-23 1 -1.68883e-07 -1.11606e-22 1 0.456906 3.01945e-16 0.889515 0.629691 4.16129e-16 0.776846 0.752889 4.97545e-16 0.658147 0.861138 5.6908e-16 0.508371 1 6.60847e-16 5.96244e-09 0 -0.186529 0.982449 0 -0.216414 0.976302 0 -0.144527 0.989501 0 -6.95355e-08 1 0 -0.0934155 0.995627 0 -0.0723374 0.99738 0 -0.428381 0.903598 0 -0.457097 0.889417 0 -0.497045 0.867724 0 -0.368941 0.929453 0 -0.358569 0.933503 0 -0.278583 0.960412 0 -0.623969 0.781449 0 -0.700883 0.713276 0 -0.692681 0.721244 0 -0.564262 0.825596 0 -0.542397 0.840122 0 -0.891936 0.452163 0 -0.861087 0.508458 0 -0.836219 0.548395 0 -0.809262 0.587448 0 -0.752797 0.658253 0 -0.772054 0.635557 0 -0.971821 0.23572 0 -0.945791 0.324777 0 -0.937618 0.347667 0 -0.907036 0.421054 0 -0.992863 0.119259 0 -0.97531 0.220841 0 -0.993685 0.112202 0 -1 5.96244e-09 0 -1 5.96244e-09 0 -0.629661 0.77687 0 -0.287834 0.95768 0 -6.95355e-08 1 0 0.186529 0.982449 0 0.216414 0.976302 0 0.144527 0.989501 0 6.95355e-08 1 0 0.0934155 0.995627 0 0.0723374 0.99738 0 0.428381 0.903598 0 0.457097 0.889417 0 0.497045 0.867724 0 0.368941 0.929453 0 0.358569 0.933503 0 0.278583 0.960412 0 0.623969 0.781449 0 0.700883 0.713276 0 0.692681 0.721244 0 0.564262 0.825596 0 0.542397 0.840122 0 0.891936 0.452163 0 0.861087 0.508458 0 0.836219 0.548395 0 0.809262 0.587448 0 0.752797 0.658253 0 0.772054 0.635557 0 0.971821 0.23572 0 0.945791 0.324777 0 0.937618 0.347667 0 0.907036 0.421054 0 0.992863 0.119259 0 0.97531 0.220841 0 0.993685 0.112202 0 1 5.96244e-09 0 1 5.96244e-09 0 0.629661 0.77687 0 0.287834 0.95768 0 6.95355e-08 1 -0.144641 0 0.989484 -0.186391 0 0.982476 -0.0934433 0 0.995625 -6.95355e-08 0 1 1.68883e-07 0 1 -0.0723158 0 0.997382 -0.27833 0 0.960486 -0.358733 0 0.93344 -0.368705 0 0.929546 -0.216628 0 0.976254 -0.497206 0 0.867633 -0.564373 0 0.82552 -0.542167 0 0.840271 -0.428558 0 0.903514 -0.456906 0 0.889515 -0.692755 0 0.721173 -0.700687 0 0.713468 -0.623739 0 0.781633 -0.629691 0 0.776846 -0.861138 0 0.508371 -0.836112 0 0.548559 -0.809337 0 0.587344 -0.77191 0 0.635732 -0.752889 0 0.658147 -0.945632 0 0.325238 -0.937697 0 0.347454 -0.907087 0 0.420943 -0.891848 0 0.452335 -0.975249 0 0.22111 -0.971852 0 0.235593 -0.992863 0 0.119259 -0.993685 0 0.112202 -1 0 5.96244e-09 -1 0 5.96244e-09 -0.288011 0 0.957627 0.278583 0 0.960412 0.186391 0 0.982476 0.186529 0 0.982449 6.95355e-08 0 1 6.95355e-08 0 1 0.0934155 0 0.995627 0.457097 0 0.889417 0.542397 0 0.840122 0.456906 0 0.889515 0.368941 0 0.929453 0.368705 0 0.929546 0.772054 0 0.635557 0.700687 0 0.713468 0.700883 0 0.713276 0.623969 0 0.781449 0.623739 0 0.781633 0.891848 0 0.452335 0.891936 0 0.452163 0.937618 0 0.347667 0.77191 0 0.635732 0.836219 0 0.548395 0.836112 0 0.548559 0.971821 0 0.23572 0.937697 0 0.347454 0.992863 0 0.119259 0.971852 0 0.235593 0.992863 0 0.119259 1 0 5.96244e-09 1 0 5.96244e-09 0.542167 0 0.840271 0.27833 0 0.960486 0.0934433 0 0.995625 8.88951e-17 -0.992863 0.119259 8.95341e-17 -1 5.96244e-09 8.95341e-17 -1 5.96244e-09 7.98587e-17 -0.891936 0.452163 8.39488e-17 -0.937618 0.347667 7.98509e-17 -0.891848 0.452334 8.39559e-17 -0.937697 0.347454 8.70111e-17 -0.971821 0.23572 8.70139e-17 -0.971852 0.235593 6.91252e-17 -0.772054 0.635557 6.27354e-17 -0.700687 0.713468 6.2753e-17 -0.700883 0.713276 7.48605e-17 -0.836112 0.548559 6.91123e-17 -0.77191 0.635732 7.48701e-17 -0.836219 0.548395 4.09087e-17 -0.456906 0.889515 4.09258e-17 -0.457098 0.889417 4.8563e-17 -0.542397 0.840122 4.85425e-17 -0.542167 0.840271 5.58665e-17 -0.623969 0.781449 5.58459e-17 -0.623739 0.781633 2.492e-17 -0.27833 0.960486 2.49427e-17 -0.278583 0.960412 3.30328e-17 -0.368941 0.929453 3.30117e-17 -0.368705 0.929546 1.66884e-17 -0.186391 0.982476 1.67007e-17 -0.186529 0.982449 8.36388e-18 -0.0934155 0.995627 8.36636e-18 -0.0934433 0.995625 6.2258e-24 -6.95355e-08 1 -1.51208e-23 1.68883e-07 1 8.88951e-17 -0.992863 0.119259 0 -0.144641 0.989484 0 -0.186391 0.982476 0 -0.0934433 0.995625 0 -6.95355e-08 1 0 1.68883e-07 1 0 -0.0723158 0.997382 0 -0.27833 0.960486 0 -0.358733 0.93344 0 -0.368705 0.929546 0 -0.216628 0.976254 0 -0.497206 0.867633 0 -0.564373 0.82552 0 -0.542167 0.840271 0 -0.428558 0.903514 0 -0.456906 0.889515 0 -0.692755 0.721173 0 -0.700687 0.713468 0 -0.623739 0.781633 0 -0.629691 0.776845 0 -0.861138 0.508371 0 -0.836112 0.548559 0 -0.809337 0.587345 0 -0.77191 0.635732 0 -0.752889 0.658147 0 -0.945632 0.325238 0 -0.937697 0.347454 0 -0.907087 0.420943 0 -0.891848 0.452334 0 -0.975249 0.22111 0 -0.971852 0.235593 0 -0.992863 0.119259 0 -0.993685 0.112202 0 -1 5.96244e-09 0 -1 5.96244e-09 0 -0.288011 0.957627 0.186529 0 0.982449 0.216414 0 0.976302 0.144527 0 0.989501 6.95355e-08 0 1 0.0934155 0 0.995627 0.0723374 0 0.99738 0.428381 0 0.903598 0.457097 0 0.889417 0.497045 0 0.867724 0.368941 0 0.929453 0.358569 0 0.933503 0.278583 0 0.960412 0.623969 0 0.781449 0.700883 0 0.713276 0.692681 0 0.721244 0.564262 0 0.825596 0.542397 0 0.840122 0.891936 0 0.452163 0.861087 0 0.508458 0.836219 0 0.548395 0.809262 0 0.587448 0.752797 0 0.658253 0.772054 0 0.635557 0.971821 0 0.23572 0.945791 0 0.324777 0.937618 0 0.347667 0.907036 0 0.421054 0.992863 0 0.119259 0.97531 0 0.220841 0.993685 0 0.112202 1 0 5.96244e-09 1 0 5.96244e-09 0.629661 0 0.77687 0.287834 0 0.95768 6.95355e-08 0 1 0.978475 -0.153889 0.137493 0.987688 -0.156434 0 0.99283 -3.50868e-06 0.119537 0.951057 -0.309017 0 0.940591 -0.304054 0.15113 0.891007 -0.45399 0 0.879973 -0.44687 0.161108 0.809017 -0.587785 0 0.798084 -0.578884 0.167198 0.707107 -0.707107 0 0.587785 -0.809017 0 0.696907 -0.696907 0.16924 0.578884 -0.798084 0.167198 0.44687 -0.879973 0.161108 0.453991 -0.891007 0 0.766687 -0.553463 0.325378 0.309017 -0.951056 0 0.304054 -0.940591 0.15113 -5.93429e-09 -1 0 0.156434 -0.987688 0 0.153889 -0.978475 0.137493 0.971731 -1.33735e-06 0.236092 0.657994 -0.467218 0.590551 0.718447 -0.514843 0.46773 0.736166 -0.358102 0.574302 0.667709 -0.667709 0.329135 1 5.93434e-09 0 0.514843 -0.718447 0.46773 0.553463 -0.766687 0.325378 0.623139 -0.623139 0.472649 0.567799 -0.567799 0.595994 0.467218 -0.657994 0.590551 0.505997 -0.505997 0.698523 0.414483 -0.589708 0.693144 0.589708 -0.414483 0.693144 0.441108 -0.441108 0.781567 0.35965 -0.517079 0.776712 0.517079 -0.35965 0.776712 0.375388 -0.375388 0.847447 0.304689 -0.44251 0.843415 0.44251 -0.304689 0.843415 0.422309 -0.189544 0.886413 0.367486 -0.250704 0.895601 0.310156 -0.310156 0.89867 0.250704 -0.367486 0.895601 0.292789 -0.198155 0.935419 0.198155 -0.292789 0.935419 0.246024 -0.246024 0.93752 0.147091 -0.218747 0.964632 0.183154 -0.183154 0.965872 0.937598 6.64861e-07 0.347722 0.951447 -0.146634 0.270642 0.424402 -0.0500975 0.904087 0.456905 3.66487e-06 0.889516 0.368706 3.3047e-06 0.929546 0.908214 -0.135693 0.395898 0.910196 -0.289913 0.295793 0.848138 -0.426565 0.314172 0.426565 -0.848138 0.314172 0.146634 -0.951447 0.270642 0.289913 -0.910196 0.295793 3.50399e-06 -0.992838 0.11947 0.891863 -1.46285e-06 0.452306 0.850947 -0.122339 0.510806 0.862485 -0.268554 0.428951 0.798789 -0.395824 0.453055 0.395824 -0.798789 0.453055 0.135693 -0.908214 0.395898 0.268554 -0.862485 0.428951 1.32843e-06 -0.971715 0.236156 -6.68806e-07 -0.937617 0.347671 0.836111 4.64626e-07 0.54856 0.781879 -0.107734 0.614051 0.800874 -0.242434 0.547564 0.522943 -0.063762 0.849979 0.542166 1.53087e-06 0.840271 0.358102 -0.736166 0.574302 0.122339 -0.850947 0.510806 0.242434 -0.800874 0.547564 1.4513e-06 -0.891937 0.45216 0.771909 2.79195e-06 0.635733 0.703067 -0.0927776 0.705045 0.72872 -0.213805 0.650581 0.664335 -0.316586 0.677076 0.213805 -0.72872 0.650581 0.107734 -0.781879 0.614051 0.316586 -0.664335 0.677076 -4.1986e-07 -0.836219 0.548396 0.700689 2.38335e-07 0.713466 0.616255 -0.0780182 0.783672 0.648877 -0.184396 0.738212 0.586626 -0.273727 0.762196 0.184396 -0.648877 0.738212 0.0927776 -0.703067 0.705045 0.273727 -0.586626 0.762196 -2.80299e-06 -0.772053 0.635559 0.623741 -1.72946e-06 0.781631 0.563519 -0.155293 0.811375 0.505423 -0.231093 0.831351 0.231093 -0.505423 0.831351 0.155293 -0.563519 0.811375 -2.81305e-07 -0.700885 0.713274 0.0780182 -0.616255 0.783672 0.0157255 1.70888e-05 0.999876 0.0966017 -0.0242169 0.995028 0.108588 -0.0121072 0.994013 0.474244 -0.127085 0.871173 0.218747 -0.147091 0.964632 0.253778 -0.11065 0.960913 0.189543 -0.422308 0.886413 0.127085 -0.474244 0.871173 1.73229e-06 -0.623971 0.781448 0.063762 -0.522943 0.849979 0.321796 -0.0370096 0.946085 0.382178 -0.0999717 0.918665 0.338242 -0.149399 0.929124 0.149399 -0.338242 0.929124 0.0999717 -0.382178 0.918665 -1.46741e-06 -0.542395 0.840123 0.0500975 -0.424402 0.904087 0.278333 1.86956e-06 0.960485 0.216179 -0.0243931 0.976049 0.288157 -0.0739244 0.954726 0.145381 -0.0972952 0.98458 0.0739244 -0.288157 0.954726 0.0370096 -0.321796 0.946085 -3.6577e-06 -0.457096 0.889417 0.11065 -0.253778 0.960913 0.186396 4.17441e-07 0.982475 0.192793 -0.0487596 0.980027 0.169185 -0.0730698 0.982872 0.0730698 -0.169185 0.982872 0.0487596 -0.192793 0.980027 0.121408 -0.121408 0.98515 0.0243931 -0.216179 0.976049 0.0972952 -0.145381 0.98458 -3.33228e-06 -0.368942 0.929453 -1.91851e-06 -0.278586 0.960411 0.093447 -3.57447e-07 0.995624 0.0725486 -0.0484111 0.996189 0.0845875 -0.0363194 0.995754 0.0242169 -0.0966016 0.995028 0.0604887 -0.0604887 0.996334 -4.45771e-07 -0.186534 0.982449 0.0121072 -0.108588 0.994013 0.0484111 -0.0725486 0.996189 0.0363193 -0.0845874 0.995754 3.62143e-07 -0.0934192 0.995627 -9.67416e-12 -1 0 0.154235 -0.979738 0.127772 0.156435 -0.987688 0 0.227935 -0.227935 0.946621 0.271564 -0.183421 0.94478 0.287103 -0.287103 0.913862 0.314136 -0.138193 0.939266 0.340742 -0.231759 0.911144 0.231759 -0.340742 0.911144 0.183421 -0.271564 0.94478 0.479925 -0.332099 0.812024 0.410357 -0.281399 0.867422 0.469969 -0.213126 0.856567 0.347324 -0.347324 0.871053 0.332099 -0.479925 0.812024 0.281399 -0.410357 0.867422 0.620468 -0.292131 0.72779 0.614755 -0.433694 0.658776 0.548555 -0.383254 0.743104 0.383254 -0.548555 0.743104 0.469118 -0.469118 0.748236 0.433694 -0.614755 0.658776 0.524022 -0.729973 0.438794 0.633752 -0.633752 0.443528 0.557993 -0.772302 0.303635 0.672917 -0.672917 0.307188 0.729973 -0.524022 0.438794 0.951057 -0.309017 0 0.891007 -0.453991 0 0.942023 -0.30473 0.140474 0.772302 -0.557993 0.303635 0.698298 -0.698298 0.157356 0.707107 -0.707107 0 0.587785 -0.809017 0 0.799577 -0.580098 0.155447 0.809017 -0.587785 0 0.453991 -0.891007 0 0.309017 -0.951057 0 0.44784 -0.88148 0.149778 0.30473 -0.942023 0.140474 0.580098 -0.799577 0.155447 0.88148 -0.44784 0.149778 0.979738 -0.154235 0.127772 0.987688 -0.156434 0 0.993619 -2.87822e-06 0.112787 0.975099 -2.82066e-06 0.22177 0.481501 -0.676242 0.557542 0.528572 -0.528572 0.664246 0.810626 -0.403115 0.424716 1 9.74654e-12 0 0.584437 -0.584437 0.56291 0.676242 -0.481501 0.557542 0.408246 -0.408246 0.816499 0.169838 -0.169838 0.970727 0.136326 -0.202973 0.969648 0.202973 -0.136326 0.969648 0.945633 9.07561e-08 0.325237 0.956343 -0.147923 0.252045 0.692684 -1.11758e-06 0.721241 0.576982 -0.0718385 0.813591 0.629664 -1.19631e-06 0.776868 0.918734 -0.13828 0.369875 0.91567 -0.292429 0.275741 0.853846 -0.430177 0.293078 0.430177 -0.853846 0.293078 0.292428 -0.91567 0.275741 2.87242e-06 -0.993625 0.112735 0.147923 -0.956343 0.252045 0.907046 1.50243e-06 0.421031 0.868602 -0.126321 0.479139 0.874 -0.273616 0.401571 0.660558 -0.0853439 0.745908 0.752799 -7.49589e-07 0.658251 0.73791 -0.0991809 0.667572 0.403115 -0.810626 0.424716 0.13828 -0.918734 0.369875 0.273616 -0.874 0.401571 2.80632e-06 -0.975048 0.221996 0.861101 9.95288e-07 0.508434 0.807762 -0.113027 0.578571 0.819691 -0.25024 0.515254 0.755158 -0.369387 0.541563 0.369387 -0.755158 0.541563 0.126321 -0.868602 0.479139 0.25024 -0.819691 0.515254 -9.1062e-08 -0.945632 0.325239 -1.50502e-06 -0.907086 0.420946 0.809263 1.36436e-08 0.587446 0.755508 -0.224198 0.615583 0.690814 -0.331673 0.642471 0.224198 -0.755509 0.615583 0.113027 -0.807762 0.578572 0.331673 -0.690814 0.642471 -1.00266e-06 -0.861138 0.508372 0.358572 1.40916e-06 0.933502 0.428384 1.82153e-07 0.903597 0.395455 -0.0463031 0.917318 0.683879 -0.197009 0.702493 0.564264 -1.06029e-06 0.825594 0.488282 -0.0588077 0.870702 0.292131 -0.620468 0.72779 0.197009 -0.683879 0.702493 -2.94448e-08 -0.809338 0.587343 0.0991809 -0.73791 0.667572 0.606776 -0.169758 0.776534 0.546341 -0.252309 0.798656 0.252309 -0.546341 0.798656 0.169758 -0.606776 0.776534 7.34136e-07 -0.752891 0.658145 0.0853439 -0.660558 0.745908 0.200906 -0.022619 0.979349 0.144528 4.5968e-06 0.989501 0.216415 4.12786e-06 0.976301 0.525667 -0.14308 0.838572 0.299381 -0.0342723 0.953518 0.213126 -0.469969 0.856567 0.14308 -0.525667 0.838572 0.0718385 -0.576982 0.813591 1.10857e-06 -0.692758 0.72117 0.497048 -6.36674e-07 0.867723 0.441631 -0.11727 0.889499 0.392352 -0.175034 0.903008 0.175034 -0.392352 0.903008 0.11727 -0.441631 0.889499 0.0588078 -0.488282 0.870702 1.19322e-06 -0.629694 0.776843 1.04763e-06 -0.564376 0.825518 0.100855 -0.0112408 0.994838 0.089712 -0.0224823 0.995714 0.0157286 1.39821e-05 0.999876 0.355487 -0.0924282 0.9301 0.235656 -0.102511 0.966415 0.138193 -0.314136 0.939266 0.0924282 -0.355487 0.9301 0.102511 -0.235656 0.966415 0.0684678 -0.267816 0.961034 6.1443e-07 -0.497209 0.867631 0.0463031 -0.395455 0.917318 0.287836 2.85917e-06 0.95768 0.267816 -0.0684678 0.961034 0.134946 -0.090263 0.986733 0.0342723 -0.299381 0.953518 -2.10405e-07 -0.428561 0.903513 -1.4346e-06 -0.358736 0.933439 0.179091 -0.0452197 0.982793 0.157097 -0.0677751 0.985255 0.0677751 -0.157097 0.985255 0.0452197 -0.179091 0.982793 0.0337179 -0.078547 0.99634 0.0224822 -0.0897119 0.995714 0.112661 -0.112661 0.987226 -2.87852e-06 -0.288013 0.957626 0.022619 -0.200906 0.979349 0.090263 -0.134946 0.986733 0.0723377 3.49415e-06 0.99738 0.0673623 -0.044945 0.996716 0.0785469 -0.0337179 0.99634 0.0561607 -0.0561607 0.996841 0.0112408 -0.100854 0.994838 0.044945 -0.0673623 0.996716 -4.12935e-06 -0.216629 0.976254 -4.57835e-06 -0.144642 0.989484 -3.50299e-06 -0.072316 0.997382 0.978475 -0.153889 0.137493 0.987688 -0.156434 0 0.99283 -3.50868e-06 0.119537 0.951057 -0.309017 0 0.940591 -0.304054 0.15113 0.891007 -0.45399 0 0.879973 -0.44687 0.161108 0.809017 -0.587785 0 0.798084 -0.578884 0.167198 0.707107 -0.707107 0 0.587785 -0.809017 0 0.696907 -0.696907 0.16924 0.578884 -0.798084 0.167198 0.44687 -0.879973 0.161108 0.453991 -0.891007 0 0.766687 -0.553463 0.325378 0.309017 -0.951056 0 0.304054 -0.940591 0.15113 -5.93434e-09 -1 0 0.156434 -0.987688 0 0.153889 -0.978475 0.137493 0.971731 -1.33735e-06 0.236092 0.657994 -0.467218 0.590551 0.718447 -0.514843 0.46773 0.736166 -0.358102 0.574302 0.667709 -0.667709 0.329135 1 5.93429e-09 0 0.514843 -0.718447 0.46773 0.553463 -0.766687 0.325378 0.623139 -0.623139 0.472649 0.567799 -0.567799 0.595994 0.467218 -0.657994 0.590551 0.505997 -0.505997 0.698523 0.414483 -0.589708 0.693144 0.589708 -0.414483 0.693144 0.441108 -0.441108 0.781567 0.35965 -0.517079 0.776712 0.517079 -0.35965 0.776712 0.375388 -0.375388 0.847447 0.304689 -0.44251 0.843415 0.44251 -0.304689 0.843415 0.422309 -0.189544 0.886413 0.367486 -0.250704 0.895601 0.310156 -0.310156 0.89867 0.250704 -0.367486 0.895601 0.292789 -0.198155 0.935419 0.198155 -0.292789 0.935419 0.246024 -0.246024 0.93752 0.147091 -0.218747 0.964632 0.183154 -0.183154 0.965872 0.937598 6.64861e-07 0.347722 0.951447 -0.146634 0.270642 0.424402 -0.0500975 0.904087 0.456905 3.66487e-06 0.889516 0.368706 3.3047e-06 0.929546 0.908214 -0.135693 0.395898 0.910196 -0.289913 0.295793 0.848138 -0.426565 0.314172 0.426565 -0.848138 0.314172 0.146634 -0.951447 0.270642 0.289913 -0.910196 0.295793 3.50399e-06 -0.992838 0.11947 0.891863 -1.46285e-06 0.452306 0.850947 -0.122339 0.510806 0.862485 -0.268554 0.428951 0.798789 -0.395824 0.453055 0.395824 -0.798789 0.453055 0.135693 -0.908214 0.395898 0.268554 -0.862485 0.428951 1.32843e-06 -0.971715 0.236156 -6.68806e-07 -0.937617 0.347671 0.836111 4.64626e-07 0.54856 0.781879 -0.107734 0.614051 0.800874 -0.242434 0.547564 0.522943 -0.063762 0.849979 0.542166 1.53087e-06 0.840271 0.358102 -0.736166 0.574302 0.122339 -0.850947 0.510806 0.242434 -0.800874 0.547564 1.4513e-06 -0.891937 0.45216 0.771909 2.79195e-06 0.635733 0.703067 -0.0927776 0.705045 0.72872 -0.213805 0.650581 0.664335 -0.316586 0.677076 0.213805 -0.72872 0.650581 0.107734 -0.781879 0.614051 0.316586 -0.664335 0.677076 -4.1986e-07 -0.836219 0.548396 0.700689 2.38335e-07 0.713466 0.616255 -0.0780182 0.783672 0.648877 -0.184396 0.738212 0.586626 -0.273727 0.762196 0.184396 -0.648877 0.738212 0.0927776 -0.703067 0.705045 0.273727 -0.586626 0.762196 -2.80299e-06 -0.772053 0.635559 0.623741 -1.72946e-06 0.781631 0.563519 -0.155293 0.811375 0.505423 -0.231093 0.831351 0.231093 -0.505423 0.831351 0.155293 -0.563519 0.811375 -2.81305e-07 -0.700885 0.713274 0.0780182 -0.616255 0.783672 0.0157255 1.70888e-05 0.999876 0.0966017 -0.0242169 0.995028 0.108588 -0.0121072 0.994013 0.474244 -0.127085 0.871173 0.218747 -0.147091 0.964632 0.253778 -0.11065 0.960913 0.189543 -0.422308 0.886413 0.127085 -0.474244 0.871173 1.73229e-06 -0.623971 0.781448 0.063762 -0.522943 0.849979 0.321796 -0.0370096 0.946085 0.382178 -0.0999717 0.918665 0.338242 -0.149399 0.929124 0.149399 -0.338242 0.929124 0.0999717 -0.382178 0.918665 -1.46741e-06 -0.542395 0.840123 0.0500975 -0.424402 0.904087 0.278333 1.86956e-06 0.960485 0.216179 -0.0243931 0.976049 0.288157 -0.0739244 0.954726 0.145381 -0.0972952 0.98458 0.0739244 -0.288157 0.954726 0.0370096 -0.321796 0.946085 -3.6577e-06 -0.457096 0.889417 0.11065 -0.253778 0.960913 0.186396 4.17441e-07 0.982475 0.192793 -0.0487596 0.980027 0.169185 -0.0730698 0.982872 0.0730698 -0.169185 0.982872 0.0487596 -0.192793 0.980027 0.121408 -0.121408 0.98515 0.0243931 -0.216179 0.976049 0.0972952 -0.145381 0.98458 -3.33228e-06 -0.368942 0.929453 -1.91851e-06 -0.278586 0.960411 0.093447 -3.57447e-07 0.995624 0.0725486 -0.0484111 0.996189 0.0845875 -0.0363194 0.995754 0.0242169 -0.0966016 0.995028 0.0604887 -0.0604887 0.996334 -4.45771e-07 -0.186534 0.982449 0.0121072 -0.108588 0.994013 0.0484111 -0.0725486 0.996189 0.0363193 -0.0845874 0.995754 3.62143e-07 -0.0934192 0.995627 0.153889 0.978475 0.137493 0.156434 0.987688 0 3.50868e-06 0.99283 0.119537 0.309017 0.951057 0 0.304054 0.940591 0.15113 0.45399 0.891007 0 0.44687 0.879973 0.161108 0.587785 0.809017 0 0.578884 0.798084 0.167198 0.707107 0.707107 0 0.809017 0.587785 0 0.696907 0.696907 0.16924 0.798084 0.578884 0.167198 0.879973 0.44687 0.161108 0.891007 0.453991 0 0.553463 0.766687 0.325378 0.951056 0.309017 0 0.940591 0.304054 0.15113 1 -5.93439e-09 0 0.987688 0.156434 0 0.978475 0.153889 0.137493 1.33735e-06 0.971731 0.236092 0.467218 0.657994 0.590551 0.514843 0.718447 0.46773 0.358102 0.736166 0.574302 0.667709 0.667709 0.329135 -5.93434e-09 1 0 0.718447 0.514843 0.46773 0.766687 0.553463 0.325378 0.623139 0.623139 0.472649 0.567799 0.567799 0.595994 0.657994 0.467218 0.590551 0.505997 0.505997 0.698523 0.589708 0.414483 0.693144 0.414483 0.589708 0.693144 0.441108 0.441108 0.781567 0.517079 0.35965 0.776712 0.35965 0.517079 0.776712 0.375388 0.375388 0.847447 0.44251 0.304689 0.843415 0.304689 0.44251 0.843415 0.189544 0.422309 0.886413 0.250704 0.367486 0.895601 0.310156 0.310156 0.89867 0.367486 0.250704 0.895601 0.198155 0.292789 0.935419 0.292789 0.198155 0.935419 0.246024 0.246024 0.93752 0.218747 0.147091 0.964632 0.183154 0.183154 0.965872 -6.64861e-07 0.937598 0.347722 0.146634 0.951447 0.270642 0.0500975 0.424402 0.904087 -3.66487e-06 0.456905 0.889516 -3.3047e-06 0.368706 0.929546 0.135693 0.908214 0.395898 0.289913 0.910196 0.295793 0.426565 0.848138 0.314172 0.848138 0.426565 0.314172 0.951447 0.146634 0.270642 0.910196 0.289913 0.295793 0.992838 3.50399e-06 0.11947 1.46285e-06 0.891863 0.452306 0.122339 0.850947 0.510806 0.268554 0.862485 0.428951 0.395824 0.798789 0.453055 0.798789 0.395824 0.453055 0.908214 0.135693 0.395898 0.862485 0.268554 0.428951 0.971715 1.32843e-06 0.236156 0.937617 -6.68806e-07 0.347671 -4.64626e-07 0.836111 0.54856 0.107734 0.781879 0.614051 0.242434 0.800874 0.547564 0.063762 0.522943 0.849979 -1.53087e-06 0.542166 0.840271 0.736166 0.358102 0.574302 0.850947 0.122339 0.510806 0.800874 0.242434 0.547564 0.891937 1.4513e-06 0.45216 -2.79195e-06 0.771909 0.635733 0.0927776 0.703067 0.705045 0.213805 0.72872 0.650581 0.316586 0.664335 0.677076 0.72872 0.213805 0.650581 0.781879 0.107734 0.614051 0.664335 0.316586 0.677076 0.836219 -4.1986e-07 0.548396 -2.38335e-07 0.700689 0.713466 0.0780182 0.616255 0.783672 0.184396 0.648877 0.738212 0.273727 0.586626 0.762196 0.648877 0.184396 0.738212 0.703067 0.0927776 0.705045 0.586626 0.273727 0.762196 0.772053 -2.80299e-06 0.635559 1.72946e-06 0.623741 0.781631 0.155293 0.563519 0.811375 0.231093 0.505423 0.831351 0.505423 0.231093 0.831351 0.563519 0.155293 0.811375 0.700885 -2.81305e-07 0.713274 0.616255 0.0780182 0.783672 -1.70888e-05 0.0157255 0.999876 0.0242169 0.0966017 0.995028 0.0121072 0.108588 0.994013 0.127085 0.474244 0.871173 0.147091 0.218747 0.964632 0.11065 0.253778 0.960913 0.422308 0.189543 0.886413 0.474244 0.127085 0.871173 0.623971 1.73229e-06 0.781448 0.522943 0.063762 0.849979 0.0370096 0.321796 0.946085 0.0999717 0.382178 0.918665 0.149399 0.338242 0.929124 0.338242 0.149399 0.929124 0.382178 0.0999717 0.918665 0.542395 -1.46741e-06 0.840123 0.424402 0.0500975 0.904087 -1.86956e-06 0.278333 0.960485 0.0243931 0.216179 0.976049 0.0739244 0.288157 0.954726 0.0972952 0.145381 0.98458 0.288157 0.0739244 0.954726 0.321796 0.0370096 0.946085 0.457096 -3.6577e-06 0.889417 0.253778 0.11065 0.960913 -4.17441e-07 0.186396 0.982475 0.0487596 0.192793 0.980027 0.0730698 0.169185 0.982872 0.169185 0.0730698 0.982872 0.192793 0.0487596 0.980027 0.121408 0.121408 0.98515 0.216179 0.0243931 0.976049 0.145381 0.0972952 0.98458 0.368942 -3.33228e-06 0.929453 0.278586 -1.91851e-06 0.960411 3.57447e-07 0.093447 0.995624 0.0484111 0.0725486 0.996189 0.0363194 0.0845875 0.995754 0.0966016 0.0242169 0.995028 0.0604887 0.0604887 0.996334 0.186534 -4.45771e-07 0.982449 0.108588 0.0121072 0.994013 0.0725486 0.0484111 0.996189 0.0845874 0.0363193 0.995754 0.0934192 3.62143e-07 0.995627 0.153889 0.978475 0.137493 0.156434 0.987688 0 3.50868e-06 0.99283 0.119537 0.309017 0.951057 0 0.304054 0.940591 0.15113 0.45399 0.891007 0 0.44687 0.879973 0.161108 0.587785 0.809017 0 0.578884 0.798084 0.167198 0.707107 0.707107 0 0.809017 0.587785 0 0.696907 0.696907 0.16924 0.798084 0.578884 0.167198 0.879973 0.44687 0.161108 0.891007 0.453991 0 0.553463 0.766687 0.325378 0.951056 0.309017 0 0.940591 0.304054 0.15113 1 -5.93434e-09 0 0.987688 0.156434 0 0.978475 0.153889 0.137493 1.33735e-06 0.971731 0.236092 0.467218 0.657994 0.590551 0.514843 0.718447 0.46773 0.358102 0.736166 0.574302 0.667709 0.667709 0.329135 -5.93434e-09 1 0 0.718447 0.514843 0.46773 0.766687 0.553463 0.325378 0.623139 0.623139 0.472649 0.567799 0.567799 0.595994 0.657994 0.467218 0.590551 0.505997 0.505997 0.698523 0.589708 0.414483 0.693144 0.414483 0.589708 0.693144 0.441108 0.441108 0.781567 0.517079 0.35965 0.776712 0.35965 0.517079 0.776712 0.375388 0.375388 0.847447 0.44251 0.304689 0.843415 0.304689 0.44251 0.843415 0.189544 0.422309 0.886413 0.250704 0.367486 0.895601 0.310156 0.310156 0.89867 0.367486 0.250704 0.895601 0.198155 0.292789 0.935419 0.292789 0.198155 0.935419 0.246024 0.246024 0.93752 0.218747 0.147091 0.964632 0.183154 0.183154 0.965872 -6.64861e-07 0.937598 0.347722 0.146634 0.951447 0.270642 0.0500975 0.424402 0.904087 -3.66487e-06 0.456905 0.889516 -3.3047e-06 0.368706 0.929546 0.135693 0.908214 0.395898 0.289913 0.910196 0.295793 0.426565 0.848138 0.314172 0.848138 0.426565 0.314172 0.951447 0.146634 0.270642 0.910196 0.289913 0.295793 0.992838 3.50399e-06 0.11947 1.46285e-06 0.891863 0.452306 0.122339 0.850947 0.510806 0.268554 0.862485 0.428951 0.395824 0.798789 0.453055 0.798789 0.395824 0.453055 0.908214 0.135693 0.395898 0.862485 0.268554 0.428951 0.971715 1.32843e-06 0.236156 0.937617 -6.68806e-07 0.347671 -4.64626e-07 0.836111 0.54856 0.107734 0.781879 0.614051 0.242434 0.800874 0.547564 0.063762 0.522943 0.849979 -1.53087e-06 0.542166 0.840271 0.736166 0.358102 0.574302 0.850947 0.122339 0.510806 0.800874 0.242434 0.547564 0.891937 1.4513e-06 0.45216 -2.79195e-06 0.771909 0.635733 0.0927776 0.703067 0.705045 0.213805 0.72872 0.650581 0.316586 0.664335 0.677076 0.72872 0.213805 0.650581 0.781879 0.107734 0.614051 0.664335 0.316586 0.677076 0.836219 -4.1986e-07 0.548396 -2.38335e-07 0.700689 0.713466 0.0780182 0.616255 0.783672 0.184396 0.648877 0.738212 0.273727 0.586626 0.762196 0.648877 0.184396 0.738212 0.703067 0.0927776 0.705045 0.586626 0.273727 0.762196 0.772053 -2.80299e-06 0.635559 1.72946e-06 0.623741 0.781631 0.155293 0.563519 0.811375 0.231093 0.505423 0.831351 0.505423 0.231093 0.831351 0.563519 0.155293 0.811375 0.700885 -2.81305e-07 0.713274 0.616255 0.0780182 0.783672 -1.70888e-05 0.0157255 0.999876 0.0242169 0.0966017 0.995028 0.0121072 0.108588 0.994013 0.127085 0.474244 0.871173 0.147091 0.218747 0.964632 0.11065 0.253778 0.960913 0.422308 0.189543 0.886413 0.474244 0.127085 0.871173 0.623971 1.73229e-06 0.781448 0.522943 0.063762 0.849979 0.0370096 0.321796 0.946085 0.0999717 0.382178 0.918665 0.149399 0.338242 0.929124 0.338242 0.149399 0.929124 0.382178 0.0999717 0.918665 0.542395 -1.46741e-06 0.840123 0.424402 0.0500975 0.904087 -1.86956e-06 0.278333 0.960485 0.0243931 0.216179 0.976049 0.0739244 0.288157 0.954726 0.0972952 0.145381 0.98458 0.288157 0.0739244 0.954726 0.321796 0.0370096 0.946085 0.457096 -3.6577e-06 0.889417 0.253778 0.11065 0.960913 -4.17441e-07 0.186396 0.982475 0.0487596 0.192793 0.980027 0.0730698 0.169185 0.982872 0.169185 0.0730698 0.982872 0.192793 0.0487596 0.980027 0.121408 0.121408 0.98515 0.216179 0.0243931 0.976049 0.145381 0.0972952 0.98458 0.368942 -3.33228e-06 0.929453 0.278586 -1.91851e-06 0.960411 3.57447e-07 0.093447 0.995624 0.0484111 0.0725486 0.996189 0.0363194 0.0845875 0.995754 0.0966016 0.0242169 0.995028 0.0604887 0.0604887 0.996334 0.186534 -4.4577e-07 0.982449 0.108588 0.0121072 0.994013 0.0725486 0.0484111 0.996189 0.0845874 0.0363193 0.995754 0.0934192 3.62143e-07 0.995627 1 -9.74654e-12 0 0.979738 0.154235 0.127772 0.987688 0.156435 0 0.227935 0.227935 0.946621 0.183421 0.271564 0.94478 0.287103 0.287103 0.913862 0.138193 0.314136 0.939266 0.231759 0.340742 0.911144 0.340742 0.231759 0.911144 0.271564 0.183421 0.94478 0.332099 0.479925 0.812024 0.281399 0.410357 0.867422 0.213126 0.469969 0.856567 0.347324 0.347324 0.871053 0.479925 0.332099 0.812024 0.410357 0.281399 0.867422 0.292131 0.620468 0.72779 0.433694 0.614755 0.658776 0.383254 0.548555 0.743104 0.548555 0.383254 0.743104 0.469118 0.469118 0.748236 0.614755 0.433694 0.658776 0.729973 0.524022 0.438794 0.633752 0.633752 0.443528 0.772302 0.557993 0.303635 0.672917 0.672917 0.307188 0.524022 0.729973 0.438794 0.309017 0.951057 0 0.453991 0.891007 0 0.30473 0.942023 0.140474 0.557993 0.772302 0.303635 0.698298 0.698298 0.157356 0.707107 0.707107 0 0.809017 0.587785 0 0.580098 0.799577 0.155447 0.587785 0.809017 0 0.891007 0.453991 0 0.951057 0.309017 0 0.88148 0.44784 0.149778 0.942023 0.30473 0.140474 0.799577 0.580098 0.155447 0.44784 0.88148 0.149778 0.154235 0.979738 0.127772 0.156434 0.987688 0 2.87822e-06 0.993619 0.112787 2.82066e-06 0.975099 0.22177 0.676242 0.481501 0.557542 0.528572 0.528572 0.664246 0.403115 0.810626 0.424716 -9.74654e-12 1 0 0.584437 0.584437 0.56291 0.481501 0.676242 0.557542 0.408246 0.408246 0.816499 0.169838 0.169838 0.970727 0.202973 0.136326 0.969648 0.136326 0.202973 0.969648 -9.07561e-08 0.945633 0.325237 0.147923 0.956343 0.252045 1.11758e-06 0.692684 0.721241 0.0718385 0.576982 0.813591 1.19631e-06 0.629664 0.776868 0.13828 0.918734 0.369875 0.292429 0.91567 0.275741 0.430177 0.853846 0.293078 0.853846 0.430177 0.293078 0.91567 0.292428 0.275741 0.993625 2.87242e-06 0.112735 0.956343 0.147923 0.252045 -1.50243e-06 0.907046 0.421031 0.126321 0.868602 0.479139 0.273616 0.874 0.401571 0.0853439 0.660558 0.745908 7.49589e-07 0.752799 0.658251 0.0991809 0.73791 0.667572 0.810626 0.403115 0.424716 0.918734 0.13828 0.369875 0.874 0.273616 0.401571 0.975048 2.80632e-06 0.221996 -9.95288e-07 0.861101 0.508434 0.113027 0.807762 0.578571 0.25024 0.819691 0.515254 0.369387 0.755158 0.541563 0.755158 0.369387 0.541563 0.868602 0.126321 0.479139 0.819691 0.25024 0.515254 0.945632 -9.1062e-08 0.325239 0.907086 -1.50502e-06 0.420946 -1.36436e-08 0.809263 0.587446 0.224198 0.755508 0.615583 0.331673 0.690814 0.642471 0.755509 0.224198 0.615583 0.807762 0.113027 0.578572 0.690814 0.331673 0.642471 0.861138 -1.00266e-06 0.508372 -1.40916e-06 0.358572 0.933502 -1.82153e-07 0.428384 0.903597 0.0463031 0.395455 0.917318 0.197009 0.683879 0.702493 1.06029e-06 0.564264 0.825594 0.0588077 0.488282 0.870702 0.620468 0.292131 0.72779 0.683879 0.197009 0.702493 0.809338 -2.94449e-08 0.587343 0.73791 0.0991809 0.667572 0.169758 0.606776 0.776534 0.252309 0.546341 0.798656 0.546341 0.252309 0.798656 0.606776 0.169758 0.776534 0.752891 7.34136e-07 0.658145 0.660558 0.0853439 0.745908 0.022619 0.200906 0.979349 -4.5968e-06 0.144528 0.989501 -4.12786e-06 0.216415 0.976301 0.14308 0.525667 0.838572 0.0342723 0.299381 0.953518 0.469969 0.213126 0.856567 0.525667 0.14308 0.838572 0.576982 0.0718385 0.813591 0.692758 1.10857e-06 0.72117 6.36674e-07 0.497048 0.867723 0.11727 0.441631 0.889499 0.175034 0.392352 0.903008 0.392352 0.175034 0.903008 0.441631 0.11727 0.889499 0.488282 0.0588078 0.870702 0.629694 1.19322e-06 0.776843 0.564376 1.04763e-06 0.825518 0.0112408 0.100855 0.994838 0.0224823 0.089712 0.995714 -1.39821e-05 0.0157286 0.999876 0.0924282 0.355487 0.9301 0.102511 0.235656 0.966415 0.314136 0.138193 0.939266 0.355487 0.0924282 0.9301 0.235656 0.102511 0.966415 0.267816 0.0684678 0.961034 0.497209 6.1443e-07 0.867631 0.395455 0.0463031 0.917318 -2.85917e-06 0.287836 0.95768 0.0684678 0.267816 0.961034 0.090263 0.134946 0.986733 0.299381 0.0342723 0.953518 0.428561 -2.10405e-07 0.903513 0.358736 -1.4346e-06 0.933439 0.0452197 0.179091 0.982793 0.0677751 0.157097 0.985255 0.157097 0.0677751 0.985255 0.179091 0.0452197 0.982793 0.078547 0.0337179 0.99634 0.0897119 0.0224822 0.995714 0.112661 0.112661 0.987226 0.288013 -2.87852e-06 0.957626 0.200906 0.022619 0.979349 0.134946 0.090263 0.986733 -3.49415e-06 0.0723377 0.99738 0.044945 0.0673623 0.996716 0.0337179 0.0785469 0.99634 0.0561607 0.0561607 0.996841 0.100854 0.0112408 0.994838 0.0673623 0.044945 0.996716 0.216629 -4.12935e-06 0.976254 0.144642 -4.57835e-06 0.989484 0.072316 -3.50299e-06 0.997382 -0.978475 0.153889 0.137493 -0.987688 0.156434 0 -0.99283 3.50868e-06 0.119537 -0.951057 0.309017 0 -0.940591 0.304054 0.15113 -0.891007 0.45399 0 -0.879973 0.44687 0.161108 -0.809017 0.587785 0 -0.798084 0.578884 0.167198 -0.707107 0.707107 0 -0.587785 0.809017 0 -0.696907 0.696907 0.16924 -0.578884 0.798084 0.167198 -0.44687 0.879973 0.161108 -0.453991 0.891007 0 -0.766687 0.553463 0.325378 -0.309017 0.951056 0 -0.304054 0.940591 0.15113 5.93429e-09 1 0 -0.156434 0.987688 0 -0.153889 0.978475 0.137493 -0.971731 1.33735e-06 0.236092 -0.657994 0.467218 0.590551 -0.718447 0.514843 0.46773 -0.736166 0.358102 0.574302 -0.667709 0.667709 0.329135 -1 -5.93434e-09 0 -0.514843 0.718447 0.46773 -0.553463 0.766687 0.325378 -0.623139 0.623139 0.472649 -0.567799 0.567799 0.595994 -0.467218 0.657994 0.590551 -0.505997 0.505997 0.698523 -0.414483 0.589708 0.693144 -0.589708 0.414483 0.693144 -0.441108 0.441108 0.781567 -0.35965 0.517079 0.776712 -0.517079 0.35965 0.776712 -0.375388 0.375388 0.847447 -0.304689 0.44251 0.843415 -0.44251 0.304689 0.843415 -0.422309 0.189544 0.886413 -0.367486 0.250704 0.895601 -0.310156 0.310156 0.89867 -0.250704 0.367486 0.895601 -0.292789 0.198155 0.935419 -0.198155 0.292789 0.935419 -0.246024 0.246024 0.93752 -0.147091 0.218747 0.964632 -0.183154 0.183154 0.965872 -0.937598 -6.64861e-07 0.347722 -0.951447 0.146634 0.270642 -0.424402 0.0500975 0.904087 -0.456905 -3.66487e-06 0.889516 -0.368706 -3.3047e-06 0.929546 -0.908214 0.135693 0.395898 -0.910196 0.289913 0.295793 -0.848138 0.426565 0.314172 -0.426565 0.848138 0.314172 -0.146634 0.951447 0.270642 -0.289913 0.910196 0.295793 -3.50399e-06 0.992838 0.11947 -0.891863 1.46285e-06 0.452306 -0.850947 0.122339 0.510806 -0.862485 0.268554 0.428951 -0.798789 0.395824 0.453055 -0.395824 0.798789 0.453055 -0.135693 0.908214 0.395898 -0.268554 0.862485 0.428951 -1.32843e-06 0.971715 0.236156 6.68806e-07 0.937617 0.347671 -0.836111 -4.64626e-07 0.54856 -0.781879 0.107734 0.614051 -0.800874 0.242434 0.547564 -0.522943 0.063762 0.849979 -0.542166 -1.53087e-06 0.840271 -0.358102 0.736166 0.574302 -0.122339 0.850947 0.510806 -0.242434 0.800874 0.547564 -1.4513e-06 0.891937 0.45216 -0.771909 -2.79195e-06 0.635733 -0.703067 0.0927776 0.705045 -0.72872 0.213805 0.650581 -0.664335 0.316586 0.677076 -0.213805 0.72872 0.650581 -0.107734 0.781879 0.614051 -0.316586 0.664335 0.677076 4.1986e-07 0.836219 0.548396 -0.700689 -2.38335e-07 0.713466 -0.616255 0.0780182 0.783672 -0.648877 0.184396 0.738212 -0.586626 0.273727 0.762196 -0.184396 0.648877 0.738212 -0.0927776 0.703067 0.705045 -0.273727 0.586626 0.762196 2.80299e-06 0.772053 0.635559 -0.623741 1.72946e-06 0.781631 -0.563519 0.155293 0.811375 -0.505423 0.231093 0.831351 -0.231093 0.505423 0.831351 -0.155293 0.563519 0.811375 2.81305e-07 0.700885 0.713274 -0.0780182 0.616255 0.783672 -0.0157255 -1.70888e-05 0.999876 -0.0966017 0.0242169 0.995028 -0.108588 0.0121072 0.994013 -0.474244 0.127085 0.871173 -0.218747 0.147091 0.964632 -0.253778 0.11065 0.960913 -0.189543 0.422308 0.886413 -0.127085 0.474244 0.871173 -1.73229e-06 0.623971 0.781448 -0.063762 0.522943 0.849979 -0.321796 0.0370096 0.946085 -0.382178 0.0999717 0.918665 -0.338242 0.149399 0.929124 -0.149399 0.338242 0.929124 -0.0999717 0.382178 0.918665 1.46741e-06 0.542395 0.840123 -0.0500975 0.424402 0.904087 -0.278333 -1.86956e-06 0.960485 -0.216179 0.0243931 0.976049 -0.288157 0.0739244 0.954726 -0.145381 0.0972952 0.98458 -0.0739244 0.288157 0.954726 -0.0370096 0.321796 0.946085 3.6577e-06 0.457096 0.889417 -0.11065 0.253778 0.960913 -0.186396 -4.17441e-07 0.982475 -0.192793 0.0487596 0.980027 -0.169185 0.0730698 0.982872 -0.0730698 0.169185 0.982872 -0.0487596 0.192793 0.980027 -0.121408 0.121408 0.98515 -0.0243931 0.216179 0.976049 -0.0972952 0.145381 0.98458 3.33228e-06 0.368942 0.929453 1.91851e-06 0.278586 0.960411 -0.093447 3.57447e-07 0.995624 -0.0725486 0.0484111 0.996189 -0.0845875 0.0363194 0.995754 -0.0242169 0.0966016 0.995028 -0.0604887 0.0604887 0.996334 4.45771e-07 0.186534 0.982449 -0.0121072 0.108588 0.994013 -0.0484111 0.0725486 0.996189 -0.0363193 0.0845874 0.995754 -3.62143e-07 0.0934192 0.995627 9.67416e-12 1 0 -0.154235 0.979738 0.127772 -0.156435 0.987688 0 -0.227935 0.227935 0.946621 -0.271564 0.183421 0.94478 -0.287103 0.287103 0.913862 -0.314136 0.138193 0.939266 -0.340742 0.231759 0.911144 -0.231759 0.340742 0.911144 -0.183421 0.271564 0.94478 -0.479925 0.332099 0.812024 -0.410357 0.281399 0.867422 -0.469969 0.213126 0.856567 -0.347324 0.347324 0.871053 -0.332099 0.479925 0.812024 -0.281399 0.410357 0.867422 -0.620468 0.292131 0.72779 -0.614755 0.433694 0.658776 -0.548555 0.383254 0.743104 -0.383254 0.548555 0.743104 -0.469118 0.469118 0.748236 -0.433694 0.614755 0.658776 -0.524022 0.729973 0.438794 -0.633752 0.633752 0.443528 -0.557993 0.772302 0.303635 -0.672917 0.672917 0.307188 -0.729973 0.524022 0.438794 -0.951057 0.309017 0 -0.891007 0.453991 0 -0.942023 0.30473 0.140474 -0.772302 0.557993 0.303635 -0.698298 0.698298 0.157356 -0.707107 0.707107 0 -0.587785 0.809017 0 -0.799577 0.580098 0.155447 -0.809017 0.587785 0 -0.453991 0.891007 0 -0.309017 0.951057 0 -0.44784 0.88148 0.149778 -0.30473 0.942023 0.140474 -0.580098 0.799577 0.155447 -0.88148 0.44784 0.149778 -0.979738 0.154235 0.127772 -0.987688 0.156434 0 -0.993619 2.87822e-06 0.112787 -0.975099 2.82066e-06 0.22177 -0.481501 0.676242 0.557542 -0.528572 0.528572 0.664246 -0.810626 0.403115 0.424716 -1 -9.74654e-12 0 -0.584437 0.584437 0.56291 -0.676242 0.481501 0.557542 -0.408246 0.408246 0.816499 -0.202973 0.136326 0.969648 -0.169838 0.169838 0.970727 -0.136326 0.202973 0.969648 -0.945633 -9.07561e-08 0.325237 -0.956343 0.147923 0.252045 -0.692684 1.11758e-06 0.721241 -0.576982 0.0718385 0.813591 -0.629664 1.19631e-06 0.776868 -0.918734 0.13828 0.369875 -0.91567 0.292429 0.275741 -0.853846 0.430177 0.293078 -0.430177 0.853846 0.293078 -0.292428 0.91567 0.275741 -2.87242e-06 0.993625 0.112735 -0.147923 0.956343 0.252045 -0.907046 -1.50243e-06 0.421031 -0.868602 0.126321 0.479139 -0.874 0.273616 0.401571 -0.660558 0.0853439 0.745908 -0.752799 7.49589e-07 0.658251 -0.73791 0.0991809 0.667572 -0.403115 0.810626 0.424716 -0.13828 0.918734 0.369875 -0.273616 0.874 0.401571 -2.80632e-06 0.975048 0.221996 -0.861101 -9.95288e-07 0.508434 -0.807762 0.113027 0.578571 -0.819691 0.25024 0.515254 -0.755158 0.369387 0.541563 -0.369387 0.755158 0.541563 -0.126321 0.868602 0.479139 -0.25024 0.819691 0.515254 9.1062e-08 0.945632 0.325239 1.50502e-06 0.907086 0.420946 -0.809263 -1.36436e-08 0.587446 -0.755508 0.224198 0.615583 -0.690814 0.331673 0.642471 -0.224198 0.755509 0.615583 -0.113027 0.807762 0.578572 -0.331673 0.690814 0.642471 1.00266e-06 0.861138 0.508372 -0.358572 -1.40916e-06 0.933502 -0.428384 -1.82153e-07 0.903597 -0.395455 0.0463031 0.917318 -0.683879 0.197009 0.702493 -0.564264 1.06029e-06 0.825594 -0.488282 0.0588077 0.870702 -0.292131 0.620468 0.72779 -0.197009 0.683879 0.702493 2.94448e-08 0.809338 0.587343 -0.0991809 0.73791 0.667572 -0.606776 0.169758 0.776534 -0.546341 0.252309 0.798656 -0.252309 0.546341 0.798656 -0.169758 0.606776 0.776534 -7.34136e-07 0.752891 0.658145 -0.0853439 0.660558 0.745908 -0.200906 0.022619 0.979349 -0.144528 -4.5968e-06 0.989501 -0.216415 -4.12786e-06 0.976301 -0.525667 0.14308 0.838572 -0.299381 0.0342723 0.953518 -0.213126 0.469969 0.856567 -0.14308 0.525667 0.838572 -0.0718385 0.576982 0.813591 -1.10857e-06 0.692758 0.72117 -0.497048 6.36674e-07 0.867723 -0.441631 0.11727 0.889499 -0.392352 0.175034 0.903008 -0.175034 0.392352 0.903008 -0.11727 0.441631 0.889499 -0.0588078 0.488282 0.870702 -1.19322e-06 0.629694 0.776843 -1.04763e-06 0.564376 0.825518 -0.100855 0.0112408 0.994838 -0.089712 0.0224823 0.995714 -0.0157286 -1.39821e-05 0.999876 -0.355487 0.0924282 0.9301 -0.235656 0.102511 0.966415 -0.138193 0.314136 0.939266 -0.0924282 0.355487 0.9301 -0.102511 0.235656 0.966415 -0.0684678 0.267816 0.961034 -6.1443e-07 0.497209 0.867631 -0.0463031 0.395455 0.917318 -0.287836 -2.85917e-06 0.95768 -0.267816 0.0684678 0.961034 -0.134946 0.090263 0.986733 -0.0342723 0.299381 0.953518 2.10405e-07 0.428561 0.903513 1.4346e-06 0.358736 0.933439 -0.179091 0.0452197 0.982793 -0.157097 0.0677751 0.985255 -0.0677751 0.157097 0.985255 -0.0452197 0.179091 0.982793 -0.0337179 0.078547 0.99634 -0.0224822 0.0897119 0.995714 -0.112661 0.112661 0.987226 2.87852e-06 0.288013 0.957626 -0.022619 0.200906 0.979349 -0.090263 0.134946 0.986733 -0.0723377 -3.49415e-06 0.99738 -0.0673623 0.044945 0.996716 -0.0785469 0.0337179 0.99634 -0.0561607 0.0561607 0.996841 -0.0112408 0.100854 0.994838 -0.044945 0.0673623 0.996716 4.12935e-06 0.216629 0.976254 4.57835e-06 0.144642 0.989484 3.50299e-06 0.072316 0.997382 -0.978475 0.153889 0.137493 -0.987688 0.156434 0 -0.99283 3.50868e-06 0.119537 -0.951057 0.309017 0 -0.940591 0.304054 0.15113 -0.891007 0.45399 0 -0.879973 0.44687 0.161108 -0.809017 0.587785 0 -0.798084 0.578884 0.167198 -0.707107 0.707107 0 -0.587785 0.809017 0 -0.696907 0.696907 0.16924 -0.578884 0.798084 0.167198 -0.44687 0.879973 0.161108 -0.453991 0.891007 0 -0.766687 0.553463 0.325378 -0.309017 0.951056 0 -0.304054 0.940591 0.15113 5.93434e-09 1 0 -0.156434 0.987688 0 -0.153889 0.978475 0.137493 -0.971731 1.33735e-06 0.236092 -0.657994 0.467218 0.590551 -0.718447 0.514843 0.46773 -0.736166 0.358102 0.574302 -0.667709 0.667709 0.329135 -1 -5.93429e-09 0 -0.514843 0.718447 0.46773 -0.553463 0.766687 0.325378 -0.623139 0.623139 0.472649 -0.567799 0.567799 0.595994 -0.467218 0.657994 0.590551 -0.505997 0.505997 0.698523 -0.414483 0.589708 0.693144 -0.589708 0.414483 0.693144 -0.441108 0.441108 0.781567 -0.35965 0.517079 0.776712 -0.517079 0.35965 0.776712 -0.375388 0.375388 0.847447 -0.304689 0.44251 0.843415 -0.44251 0.304689 0.843415 -0.422309 0.189544 0.886413 -0.367486 0.250704 0.895601 -0.310156 0.310156 0.89867 -0.250704 0.367486 0.895601 -0.292789 0.198155 0.935419 -0.198155 0.292789 0.935419 -0.246024 0.246024 0.93752 -0.147091 0.218747 0.964632 -0.183154 0.183154 0.965872 -0.937598 -6.64861e-07 0.347722 -0.951447 0.146634 0.270642 -0.424402 0.0500975 0.904087 -0.456905 -3.66487e-06 0.889516 -0.368706 -3.3047e-06 0.929546 -0.908214 0.135693 0.395898 -0.910196 0.289913 0.295793 -0.848138 0.426565 0.314172 -0.426565 0.848138 0.314172 -0.146634 0.951447 0.270642 -0.289913 0.910196 0.295793 -3.50399e-06 0.992838 0.11947 -0.891863 1.46285e-06 0.452306 -0.850947 0.122339 0.510806 -0.862485 0.268554 0.428951 -0.798789 0.395824 0.453055 -0.395824 0.798789 0.453055 -0.135693 0.908214 0.395898 -0.268554 0.862485 0.428951 -1.32843e-06 0.971715 0.236156 6.68806e-07 0.937617 0.347671 -0.836111 -4.64626e-07 0.54856 -0.781879 0.107734 0.614051 -0.800874 0.242434 0.547564 -0.522943 0.063762 0.849979 -0.542166 -1.53087e-06 0.840271 -0.358102 0.736166 0.574302 -0.122339 0.850947 0.510806 -0.242434 0.800874 0.547564 -1.4513e-06 0.891937 0.45216 -0.771909 -2.79195e-06 0.635733 -0.703067 0.0927776 0.705045 -0.72872 0.213805 0.650581 -0.664335 0.316586 0.677076 -0.213805 0.72872 0.650581 -0.107734 0.781879 0.614051 -0.316586 0.664335 0.677076 4.1986e-07 0.836219 0.548396 -0.700689 -2.38335e-07 0.713466 -0.616255 0.0780182 0.783672 -0.648877 0.184396 0.738212 -0.586626 0.273727 0.762196 -0.184396 0.648877 0.738212 -0.0927776 0.703067 0.705045 -0.273727 0.586626 0.762196 2.80299e-06 0.772053 0.635559 -0.623741 1.72946e-06 0.781631 -0.563519 0.155293 0.811375 -0.505423 0.231093 0.831351 -0.231093 0.505423 0.831351 -0.155293 0.563519 0.811375 2.81305e-07 0.700885 0.713274 -0.0780182 0.616255 0.783672 -0.0157255 -1.70888e-05 0.999876 -0.0966017 0.0242169 0.995028 -0.108588 0.0121072 0.994013 -0.474244 0.127085 0.871173 -0.218747 0.147091 0.964632 -0.253778 0.11065 0.960913 -0.189543 0.422308 0.886413 -0.127085 0.474244 0.871173 -1.73229e-06 0.623971 0.781448 -0.063762 0.522943 0.849979 -0.321796 0.0370096 0.946085 -0.382178 0.0999717 0.918665 -0.338242 0.149399 0.929124 -0.149399 0.338242 0.929124 -0.0999717 0.382178 0.918665 1.46741e-06 0.542395 0.840123 -0.0500975 0.424402 0.904087 -0.278333 -1.86956e-06 0.960485 -0.216179 0.0243931 0.976049 -0.288157 0.0739244 0.954726 -0.145381 0.0972952 0.98458 -0.0739244 0.288157 0.954726 -0.0370096 0.321796 0.946085 3.6577e-06 0.457096 0.889417 -0.11065 0.253778 0.960913 -0.186396 -4.17441e-07 0.982475 -0.192793 0.0487596 0.980027 -0.169185 0.0730698 0.982872 -0.0730698 0.169185 0.982872 -0.0487596 0.192793 0.980027 -0.121408 0.121408 0.98515 -0.0243931 0.216179 0.976049 -0.0972952 0.145381 0.98458 3.33228e-06 0.368942 0.929453 1.91851e-06 0.278586 0.960411 -0.093447 3.57447e-07 0.995624 -0.0725486 0.0484111 0.996189 -0.0845875 0.0363194 0.995754 -0.0242169 0.0966016 0.995028 -0.0604887 0.0604887 0.996334 4.45771e-07 0.186534 0.982449 -0.0121072 0.108588 0.994013 -0.0484111 0.0725486 0.996189 -0.0363193 0.0845874 0.995754 -3.62143e-07 0.0934192 0.995627 -0.153889 -0.978475 0.137493 -0.156434 -0.987688 0 -3.50868e-06 -0.99283 0.119537 -0.309017 -0.951057 0 -0.304054 -0.940591 0.15113 -0.45399 -0.891007 0 -0.44687 -0.879973 0.161108 -0.587785 -0.809017 0 -0.578884 -0.798084 0.167198 -0.707107 -0.707107 0 -0.809017 -0.587785 0 -0.696907 -0.696907 0.16924 -0.798084 -0.578884 0.167198 -0.879973 -0.44687 0.161108 -0.891007 -0.453991 0 -0.553463 -0.766687 0.325378 -0.951056 -0.309017 0 -0.940591 -0.304054 0.15113 -1 5.93439e-09 0 -0.987688 -0.156434 0 -0.978475 -0.153889 0.137493 -1.33735e-06 -0.971731 0.236092 -0.467218 -0.657994 0.590551 -0.514843 -0.718447 0.46773 -0.358102 -0.736166 0.574302 -0.667709 -0.667709 0.329135 5.93434e-09 -1 0 -0.718447 -0.514843 0.46773 -0.766687 -0.553463 0.325378 -0.623139 -0.623139 0.472649 -0.567799 -0.567799 0.595994 -0.657994 -0.467218 0.590551 -0.505997 -0.505997 0.698523 -0.589708 -0.414483 0.693144 -0.414483 -0.589708 0.693144 -0.441108 -0.441108 0.781567 -0.517079 -0.35965 0.776712 -0.35965 -0.517079 0.776712 -0.375388 -0.375388 0.847447 -0.44251 -0.304689 0.843415 -0.304689 -0.44251 0.843415 -0.189544 -0.422309 0.886413 -0.250704 -0.367486 0.895601 -0.310156 -0.310156 0.89867 -0.367486 -0.250704 0.895601 -0.198155 -0.292789 0.935419 -0.292789 -0.198155 0.935419 -0.246024 -0.246024 0.93752 -0.218747 -0.147091 0.964632 -0.183154 -0.183154 0.965872 6.64861e-07 -0.937598 0.347722 -0.146634 -0.951447 0.270642 -0.0500975 -0.424402 0.904087 3.66487e-06 -0.456905 0.889516 3.3047e-06 -0.368706 0.929546 -0.135693 -0.908214 0.395898 -0.289913 -0.910196 0.295793 -0.426565 -0.848138 0.314172 -0.848138 -0.426565 0.314172 -0.951447 -0.146634 0.270642 -0.910196 -0.289913 0.295793 -0.992838 -3.50399e-06 0.11947 -1.46285e-06 -0.891863 0.452306 -0.122339 -0.850947 0.510806 -0.268554 -0.862485 0.428951 -0.395824 -0.798789 0.453055 -0.798789 -0.395824 0.453055 -0.908214 -0.135693 0.395898 -0.862485 -0.268554 0.428951 -0.971715 -1.32843e-06 0.236156 -0.937617 6.68806e-07 0.347671 4.64626e-07 -0.836111 0.54856 -0.107734 -0.781879 0.614051 -0.242434 -0.800874 0.547564 -0.063762 -0.522943 0.849979 1.53087e-06 -0.542166 0.840271 -0.736166 -0.358102 0.574302 -0.850947 -0.122339 0.510806 -0.800874 -0.242434 0.547564 -0.891937 -1.4513e-06 0.45216 2.79195e-06 -0.771909 0.635733 -0.0927776 -0.703067 0.705045 -0.213805 -0.72872 0.650581 -0.316586 -0.664335 0.677076 -0.72872 -0.213805 0.650581 -0.781879 -0.107734 0.614051 -0.664335 -0.316586 0.677076 -0.836219 4.1986e-07 0.548396 2.38335e-07 -0.700689 0.713466 -0.0780182 -0.616255 0.783672 -0.184396 -0.648877 0.738212 -0.273727 -0.586626 0.762196 -0.648877 -0.184396 0.738212 -0.703067 -0.0927776 0.705045 -0.586626 -0.273727 0.762196 -0.772053 2.80299e-06 0.635559 -1.72946e-06 -0.623741 0.781631 -0.155293 -0.563519 0.811375 -0.231093 -0.505423 0.831351 -0.505423 -0.231093 0.831351 -0.563519 -0.155293 0.811375 -0.700885 2.81305e-07 0.713274 -0.616255 -0.0780182 0.783672 1.70888e-05 -0.0157255 0.999876 -0.0242169 -0.0966017 0.995028 -0.0121072 -0.108588 0.994013 -0.127085 -0.474244 0.871173 -0.147091 -0.218747 0.964632 -0.11065 -0.253778 0.960913 -0.422308 -0.189543 0.886413 -0.474244 -0.127085 0.871173 -0.623971 -1.73229e-06 0.781448 -0.522943 -0.063762 0.849979 -0.0370096 -0.321796 0.946085 -0.0999717 -0.382178 0.918665 -0.149399 -0.338242 0.929124 -0.338242 -0.149399 0.929124 -0.382178 -0.0999717 0.918665 -0.542395 1.46741e-06 0.840123 -0.424402 -0.0500975 0.904087 1.86956e-06 -0.278333 0.960485 -0.0243931 -0.216179 0.976049 -0.0739244 -0.288157 0.954726 -0.0972952 -0.145381 0.98458 -0.288157 -0.0739244 0.954726 -0.321796 -0.0370096 0.946085 -0.457096 3.6577e-06 0.889417 -0.253778 -0.11065 0.960913 4.17441e-07 -0.186396 0.982475 -0.0487596 -0.192793 0.980027 -0.0730698 -0.169185 0.982872 -0.169185 -0.0730698 0.982872 -0.192793 -0.0487596 0.980027 -0.121408 -0.121408 0.98515 -0.216179 -0.0243931 0.976049 -0.145381 -0.0972952 0.98458 -0.368942 3.33228e-06 0.929453 -0.278586 1.91851e-06 0.960411 -3.57447e-07 -0.093447 0.995624 -0.0484111 -0.0725486 0.996189 -0.0363194 -0.0845875 0.995754 -0.0966016 -0.0242169 0.995028 -0.0604887 -0.0604887 0.996334 -0.186534 4.45771e-07 0.982449 -0.108588 -0.0121072 0.994013 -0.0725486 -0.0484111 0.996189 -0.0845874 -0.0363193 0.995754 -0.0934192 -3.62143e-07 0.995627 -1 9.65004e-12 0 -0.979738 -0.154235 0.127772 -0.987688 -0.156435 0 -0.227935 -0.227935 0.946621 -0.183421 -0.271564 0.94478 -0.287103 -0.287103 0.913862 -0.138193 -0.314136 0.939266 -0.231759 -0.340742 0.911144 -0.340742 -0.231759 0.911144 -0.271564 -0.183421 0.94478 -0.332099 -0.479925 0.812024 -0.281399 -0.410357 0.867422 -0.213126 -0.469969 0.856567 -0.347324 -0.347324 0.871053 -0.479925 -0.332099 0.812024 -0.410357 -0.281399 0.867422 -0.292131 -0.620468 0.72779 -0.433694 -0.614755 0.658776 -0.383254 -0.548555 0.743104 -0.548555 -0.383254 0.743104 -0.469118 -0.469118 0.748236 -0.614755 -0.433694 0.658776 -0.729973 -0.524022 0.438794 -0.633752 -0.633752 0.443528 -0.772302 -0.557993 0.303635 -0.672917 -0.672917 0.307188 -0.524022 -0.729973 0.438794 -0.309017 -0.951057 0 -0.453991 -0.891007 0 -0.30473 -0.942023 0.140474 -0.557993 -0.772302 0.303635 -0.698298 -0.698298 0.157356 -0.707107 -0.707107 0 -0.809017 -0.587785 0 -0.580098 -0.799577 0.155447 -0.587785 -0.809017 0 -0.891007 -0.453991 0 -0.951057 -0.309017 0 -0.88148 -0.44784 0.149778 -0.942023 -0.30473 0.140474 -0.799577 -0.580098 0.155447 -0.44784 -0.88148 0.149778 -0.154235 -0.979738 0.127772 -0.156434 -0.987688 0 -2.87822e-06 -0.993619 0.112787 -2.82066e-06 -0.975099 0.22177 -0.676242 -0.481501 0.557542 -0.528572 -0.528572 0.664246 -0.403115 -0.810626 0.424716 9.72241e-12 -1 0 -0.584437 -0.584437 0.56291 -0.481501 -0.676242 0.557542 -0.408246 -0.408246 0.816499 -0.169838 -0.169838 0.970727 -0.202973 -0.136326 0.969648 -0.136326 -0.202973 0.969648 9.0756e-08 -0.945633 0.325237 -0.147923 -0.956343 0.252045 -1.11758e-06 -0.692684 0.721241 -0.0718385 -0.576982 0.813591 -1.19631e-06 -0.629664 0.776868 -0.13828 -0.918734 0.369875 -0.292429 -0.91567 0.275741 -0.430177 -0.853846 0.293078 -0.853846 -0.430177 0.293078 -0.91567 -0.292428 0.275741 -0.993625 -2.87242e-06 0.112735 -0.956343 -0.147923 0.252045 1.50243e-06 -0.907046 0.421031 -0.126321 -0.868602 0.479139 -0.273616 -0.874 0.401571 -0.0853439 -0.660558 0.745908 -7.49589e-07 -0.752799 0.658251 -0.0991809 -0.73791 0.667572 -0.810626 -0.403115 0.424716 -0.918734 -0.13828 0.369875 -0.874 -0.273616 0.401571 -0.975048 -2.80632e-06 0.221996 9.95288e-07 -0.861101 0.508434 -0.113027 -0.807762 0.578571 -0.25024 -0.819691 0.515254 -0.369387 -0.755158 0.541563 -0.755158 -0.369387 0.541563 -0.868602 -0.126321 0.479139 -0.819691 -0.25024 0.515254 -0.945632 9.1062e-08 0.325239 -0.907086 1.50502e-06 0.420946 1.36436e-08 -0.809263 0.587446 -0.224198 -0.755508 0.615583 -0.331673 -0.690814 0.642471 -0.755509 -0.224198 0.615583 -0.807762 -0.113027 0.578572 -0.690814 -0.331673 0.642471 -0.861138 1.00266e-06 0.508372 1.40916e-06 -0.358572 0.933502 1.82153e-07 -0.428384 0.903597 -0.0463031 -0.395455 0.917318 -0.197009 -0.683879 0.702493 -1.06029e-06 -0.564264 0.825594 -0.0588077 -0.488282 0.870702 -0.620468 -0.292131 0.72779 -0.683879 -0.197009 0.702493 -0.809338 2.94448e-08 0.587343 -0.73791 -0.0991809 0.667572 -0.169758 -0.606776 0.776534 -0.252309 -0.546341 0.798656 -0.546341 -0.252309 0.798656 -0.606776 -0.169758 0.776534 -0.752891 -7.34136e-07 0.658145 -0.660558 -0.0853439 0.745908 -0.022619 -0.200906 0.979349 4.5968e-06 -0.144528 0.989501 4.12786e-06 -0.216415 0.976301 -0.14308 -0.525667 0.838572 -0.0342723 -0.299381 0.953518 -0.469969 -0.213126 0.856567 -0.525667 -0.14308 0.838572 -0.576982 -0.0718385 0.813591 -0.692758 -1.10857e-06 0.72117 -6.36674e-07 -0.497048 0.867723 -0.11727 -0.441631 0.889499 -0.175034 -0.392352 0.903008 -0.392352 -0.175034 0.903008 -0.441631 -0.11727 0.889499 -0.488282 -0.0588078 0.870702 -0.629694 -1.19322e-06 0.776843 -0.564376 -1.04763e-06 0.825518 -0.0112408 -0.100855 0.994838 -0.0224823 -0.089712 0.995714 1.39821e-05 -0.0157286 0.999876 -0.0924282 -0.355487 0.9301 -0.102511 -0.235656 0.966415 -0.314136 -0.138193 0.939266 -0.355487 -0.0924282 0.9301 -0.235656 -0.102511 0.966415 -0.267816 -0.0684678 0.961034 -0.497209 -6.1443e-07 0.867631 -0.395455 -0.0463031 0.917318 2.85917e-06 -0.287836 0.95768 -0.0684678 -0.267816 0.961034 -0.090263 -0.134946 0.986733 -0.299381 -0.0342723 0.953518 -0.428561 2.10405e-07 0.903513 -0.358736 1.4346e-06 0.933439 -0.0452197 -0.179091 0.982793 -0.0677751 -0.157097 0.985255 -0.157097 -0.0677751 0.985255 -0.179091 -0.0452197 0.982793 -0.078547 -0.0337179 0.99634 -0.0897119 -0.0224822 0.995714 -0.112661 -0.112661 0.987226 -0.288013 2.87852e-06 0.957626 -0.200906 -0.022619 0.979349 -0.134946 -0.090263 0.986733 3.49415e-06 -0.0723377 0.99738 -0.044945 -0.0673623 0.996716 -0.0337179 -0.0785469 0.99634 -0.0561607 -0.0561607 0.996841 -0.100854 -0.0112408 0.994838 -0.0673623 -0.044945 0.996716 -0.216629 4.12935e-06 0.976254 -0.144642 4.57835e-06 0.989484 -0.072316 3.50299e-06 0.997382 -0.153889 -0.978475 0.137493 -0.156434 -0.987688 0 -3.50868e-06 -0.99283 0.119537 -0.309017 -0.951057 0 -0.304054 -0.940591 0.15113 -0.45399 -0.891007 0 -0.44687 -0.879973 0.161108 -0.587785 -0.809017 0 -0.578884 -0.798084 0.167198 -0.707107 -0.707107 0 -0.809017 -0.587785 0 -0.696907 -0.696907 0.16924 -0.798084 -0.578884 0.167198 -0.879973 -0.44687 0.161108 -0.891007 -0.453991 0 -0.553463 -0.766687 0.325378 -0.951056 -0.309017 0 -0.940591 -0.304054 0.15113 -1 5.93434e-09 0 -0.987688 -0.156434 0 -0.978475 -0.153889 0.137493 -1.33735e-06 -0.971731 0.236092 -0.467218 -0.657994 0.590551 -0.514843 -0.718447 0.46773 -0.358102 -0.736166 0.574302 -0.667709 -0.667709 0.329135 5.93434e-09 -1 0 -0.718447 -0.514843 0.46773 -0.766687 -0.553463 0.325378 -0.623139 -0.623139 0.472649 -0.567799 -0.567799 0.595994 -0.657994 -0.467218 0.590551 -0.505997 -0.505997 0.698523 -0.589708 -0.414483 0.693144 -0.414483 -0.589708 0.693144 -0.441108 -0.441108 0.781567 -0.517079 -0.35965 0.776712 -0.35965 -0.517079 0.776712 -0.375388 -0.375388 0.847447 -0.44251 -0.304689 0.843415 -0.304689 -0.44251 0.843415 -0.189544 -0.422309 0.886413 -0.250704 -0.367486 0.895601 -0.310156 -0.310156 0.89867 -0.367486 -0.250704 0.895601 -0.198155 -0.292789 0.935419 -0.292789 -0.198155 0.935419 -0.246024 -0.246024 0.93752 -0.218747 -0.147091 0.964632 -0.183154 -0.183154 0.965872 6.64861e-07 -0.937598 0.347722 -0.146634 -0.951447 0.270642 -0.0500975 -0.424402 0.904087 3.66487e-06 -0.456905 0.889516 3.3047e-06 -0.368706 0.929546 -0.135693 -0.908214 0.395898 -0.289913 -0.910196 0.295793 -0.426565 -0.848138 0.314172 -0.848138 -0.426565 0.314172 -0.951447 -0.146634 0.270642 -0.910196 -0.289913 0.295793 -0.992838 -3.50399e-06 0.11947 -1.46285e-06 -0.891863 0.452306 -0.122339 -0.850947 0.510806 -0.268554 -0.862485 0.428951 -0.395824 -0.798789 0.453055 -0.798789 -0.395824 0.453055 -0.908214 -0.135693 0.395898 -0.862485 -0.268554 0.428951 -0.971715 -1.32843e-06 0.236156 -0.937617 6.68806e-07 0.347671 4.64626e-07 -0.836111 0.54856 -0.107734 -0.781879 0.614051 -0.242434 -0.800874 0.547564 -0.063762 -0.522943 0.849979 1.53087e-06 -0.542166 0.840271 -0.736166 -0.358102 0.574302 -0.850947 -0.122339 0.510806 -0.800874 -0.242434 0.547564 -0.891937 -1.4513e-06 0.45216 2.79195e-06 -0.771909 0.635733 -0.0927776 -0.703067 0.705045 -0.213805 -0.72872 0.650581 -0.316586 -0.664335 0.677076 -0.72872 -0.213805 0.650581 -0.781879 -0.107734 0.614051 -0.664335 -0.316586 0.677076 -0.836219 4.1986e-07 0.548396 2.38335e-07 -0.700689 0.713466 -0.0780182 -0.616255 0.783672 -0.184396 -0.648877 0.738212 -0.273727 -0.586626 0.762196 -0.648877 -0.184396 0.738212 -0.703067 -0.0927776 0.705045 -0.586626 -0.273727 0.762196 -0.772053 2.80299e-06 0.635559 -1.72946e-06 -0.623741 0.781631 -0.155293 -0.563519 0.811375 -0.231093 -0.505423 0.831351 -0.505423 -0.231093 0.831351 -0.563519 -0.155293 0.811375 -0.700885 2.81305e-07 0.713274 -0.616255 -0.0780182 0.783672 1.70888e-05 -0.0157255 0.999876 -0.0242169 -0.0966017 0.995028 -0.0121072 -0.108588 0.994013 -0.127085 -0.474244 0.871173 -0.147091 -0.218747 0.964632 -0.11065 -0.253778 0.960913 -0.422308 -0.189543 0.886413 -0.474244 -0.127085 0.871173 -0.623971 -1.73229e-06 0.781448 -0.522943 -0.063762 0.849979 -0.0370096 -0.321796 0.946085 -0.0999717 -0.382178 0.918665 -0.149399 -0.338242 0.929124 -0.338242 -0.149399 0.929124 -0.382178 -0.0999717 0.918665 -0.542395 1.46741e-06 0.840123 -0.424402 -0.0500975 0.904087 1.86956e-06 -0.278333 0.960485 -0.0243931 -0.216179 0.976049 -0.0739244 -0.288157 0.954726 -0.0972952 -0.145381 0.98458 -0.288157 -0.0739244 0.954726 -0.321796 -0.0370096 0.946085 -0.457096 3.6577e-06 0.889417 -0.253778 -0.11065 0.960913 4.17441e-07 -0.186396 0.982475 -0.0487596 -0.192793 0.980027 -0.0730698 -0.169185 0.982872 -0.169185 -0.0730698 0.982872 -0.192793 -0.0487596 0.980027 -0.121408 -0.121408 0.98515 -0.216179 -0.0243931 0.976049 -0.145381 -0.0972952 0.98458 -0.368942 3.33228e-06 0.929453 -0.278586 1.91851e-06 0.960411 -3.57447e-07 -0.093447 0.995624 -0.0484111 -0.0725486 0.996189 -0.0363194 -0.0845875 0.995754 -0.0966016 -0.0242169 0.995028 -0.0604887 -0.0604887 0.996334 -0.186534 4.45771e-07 0.982449 -0.108588 -0.0121072 0.994013 -0.0725486 -0.0484111 0.996189 -0.0845874 -0.0363193 0.995754 -0.0934192 -3.62143e-07 0.995627</float_array>
          <technique_common>
            <accessor count="2388" source="#ID16" stride="3">
              <param name="X" type="float"/>
              <param name="Y" type="float"/>
              <param name="Z" type="float"/>
            </accessor>
          </technique_common>
        </source>
        <vertices id="ID17">
          <input semantic="POSITION" source="#ID13"/>
          <input semantic="NORMAL" source="#ID15"/>
        </vertices>
        <triangles count="3668" material="ID18">
          <input offset="0" semantic="VERTEX" source="#ID17"/>
          <p>0 1 2 0 3 1 2 4 0 5 6 7 5 2 6 4 2 5 5 8 9 9 4 5 4 10 0 10 11 0 12 13 14 15 16 17 18 16 15 19 20 21 22 23 24 23 22 25 26 27 28 28 27 29 28 30 31 32 26 28 33 34 28 30 28 29 21 20 35 36 37 38 39 40 41 42 39 43 42 40 39 13 44 45 44 13 12 46 39 47 46 43 39 13 48 14 49 39 50 49 47 39 51 39 36 51 50 39 36 39 37 52 36 38 28 53 33 31 53 28 52 38 28 52 28 34 54 55 37 55 38 37 56 54 57 54 56 55 24 56 57 24 57 22 58 59 60 60 59 61 62 59 58 59 63 61 64 59 62 65 63 59 66 67 59 65 59 67 68 66 59 69 70 71 72 68 59 73 70 69 69 74 75 71 74 69 76 69 77 69 75 77 78 79 69 78 69 76 69 80 81 79 80 69 59 69 81 72 59 81 82 72 81 82 83 84 84 72 82 85 86 87 83 17 84 18 88 16 15 17 83 88 89 90 89 88 18 90 89 23 90 23 91 23 25 91 92 93 94 93 95 96 96 94 93 92 94 97 98 99 100 101 98 100 100 102 103 99 104 100 105 100 106 107 108 109 110 108 107 111 112 108 109 108 112 113 111 108 114 108 115 114 113 108 116 108 86 116 115 108 86 108 87 104 86 85 105 117 100 100 118 106 100 103 101 102 100 117 85 87 97 85 100 104 119 95 91 92 97 87 120 119 25 119 91 25 121 119 120 122 123 124 121 120 125 119 96 95 124 126 125 121 125 126 124 123 126 122 127 128 128 123 122 129 130 127 128 127 130 129 131 130 21 35 132 21 133 134 135 136 21 135 21 132 21 137 133 136 137 21 131 21 138 138 21 134 13 131 129 131 13 21 139 13 45 13 140 141 48 13 141 13 142 143 140 13 143 13 129 142 144 145 146 147 148 149 150 151 152 153 154 155 156 157 158 156 159 160 161 162 163 164 165 166 167 168 169 170 169 168 167 171 172 172 168 167 173 171 174 171 173 172 170 161 169 173 174 175 163 162 164 161 170 162 157 166 165 166 163 164 176 156 158 158 157 165 152 160 159 159 156 176 150 153 151 152 151 160 154 177 155 150 154 153 144 155 145 177 145 155 144 146 148 147 149 178 148 146 149 179 180 181 182 183 184 185 186 187 188 185 180 189 190 191 192 193 187 194 195 196 197 196 190 198 199 200 201 202 200 203 204 205 206 198 205 203 207 208 208 204 203 209 207 210 207 209 208 211 212 210 209 210 212 205 204 206 199 198 206 201 195 202 201 200 199 194 196 197 202 195 194 189 191 193 196 191 190 186 192 187 192 189 193 213 185 188 186 185 213 181 184 179 179 188 180 184 181 182 214 215 216 217 218 219 220 221 222 223 224 225 226 227 228 228 229 230 231 232 233 234 235 236 237 238 239 231 239 238 237 240 241 241 238 237 242 240 243 240 242 241 233 239 231 242 243 244 236 233 232 234 227 235 232 234 236 226 228 230 235 227 226 222 221 229 229 221 230 223 225 220 222 223 220 224 215 214 225 224 214 216 245 219 216 215 245 219 245 217 246 247 248 249 250 251 252 253 254 255 256 246 257 258 259 260 261 253 262 263 264 265 266 267 268 269 264 262 264 269 268 270 271 271 269 268 272 270 273 270 272 271 262 267 263 272 273 274 267 266 263 257 265 258 257 266 265 260 259 261 261 259 258 254 253 275 261 275 253 256 255 252 254 256 252 276 247 246 246 256 276 248 277 251 248 247 277 251 277 249 278 279 280 281 282 283 284 285 286 287 288 289 290 291 292 293 294 295 296 297 298 299 300 301 293 299 301 300 302 303 302 300 299 304 303 305 302 305 303 306 307 304 304 305 306 299 293 295 294 308 295 298 308 296 294 296 308 298 297 288 289 288 309 288 297 309 287 289 310 310 292 291 291 287 310 311 290 292 281 311 282 311 281 290 282 285 283 284 286 280 283 285 284 279 278 312 280 286 278 313 314 315 316 317 318 319 320 321 322 323 324 325 326 327 325 328 329 330 331 332 333 334 335 336 337 338 339 338 337 336 340 341 341 337 336 342 340 343 340 342 341 339 330 338 342 343 344 332 331 333 330 339 331 326 335 334 335 332 333 345 325 327 327 326 334 321 329 328 328 325 345 319 322 320 321 320 329 323 346 324 319 323 322 313 324 314 346 314 324 313 315 317 316 318 347 317 315 318 348 349 350 351 352 353 354 355 356 357 358 359 360 361 362 360 363 364 365 366 367 368 369 370 371 372 373 374 373 372 371 375 376 376 372 371 377 375 378 375 377 376 374 365 373 377 378 379 367 366 368 365 374 366 361 370 369 370 367 368 380 360 362 362 361 369 356 364 363 363 360 380 354 357 355 356 355 364 358 381 359 354 358 357 348 359 349 381 349 359 348 350 352 351 353 382 352 350 353 383 384 385 386 387 388 389 390 391 392 389 384 393 394 395 396 397 391 398 399 400 401 400 394 402 403 404 405 406 404 407 408 409 410 402 409 407 411 412 412 408 407 413 411 414 411 413 412 415 416 414 413 414 416 409 408 410 403 402 410 405 399 406 405 404 403 398 400 401 406 399 398 393 395 397 400 395 394 390 396 391 396 393 397 417 389 392 390 389 417 385 388 383 383 392 384 388 385 386 418 419 420 421 422 423 424 425 426 427 428 418 429 430 431 432 433 425 434 435 436 437 438 439 440 441 436 434 436 441 440 442 443 443 441 440 444 442 445 442 444 443 434 439 435 444 445 446 439 438 435 429 437 430 429 438 437 432 431 433 433 431 430 426 425 447 433 447 425 428 427 424 426 428 424 448 419 418 418 428 448 420 449 423 420 419 449 423 449 421 450 451 452 453 454 455 456 457 458 459 460 461 462 463 464 465 466 467 468 469 470 471 472 473 473 474 471 472 475 476 475 472 471 477 476 478 475 478 476 479 480 477 477 478 479 473 466 474 466 465 474 468 467 469 468 465 467 460 470 461 461 470 469 464 463 459 459 463 460 453 455 462 464 453 462 454 457 456 455 454 456 458 481 450 458 457 481 450 481 451 482 483 484 485 486 487 488 489 490 491 488 483 492 493 494 495 496 490 497 498 499 500 499 493 501 502 503 504 505 503 506 507 508 509 501 508 506 510 511 511 507 506 512 510 513 510 512 511 514 515 513 512 513 515 508 507 509 502 501 509 504 498 505 504 503 502 497 499 500 505 498 497 492 494 496 499 494 493 489 495 490 495 492 496 516 488 491 489 488 516 484 487 482 482 491 483 487 484 485 517 518 519 520 521 522 523 524 525 526 527 528 529 530 531 529 532 533 534 535 536 537 538 539 540 541 542 543 542 541 540 544 545 545 541 540 546 544 547 544 546 545 543 534 542 546 547 548 536 535 537 534 543 535 530 539 538 539 536 537 549 529 531 531 530 538 525 533 532 532 529 549 523 526 524 525 524 533 527 550 528 523 527 526 517 528 518 550 518 528 517 519 521 520 522 551 521 519 522 552 553 554 553 552 555 556 555 552 557 556 558 557 555 556 559 560 561 559 558 560 562 561 563 560 563 561 564 565 566 560 567 563 568 565 569 565 568 566 570 571 572 569 571 568 554 573 552 559 557 558 574 575 576 577 567 575 563 567 577 554 553 578 579 580 581 575 574 581 575 581 577 582 583 579 582 581 574 584 585 583 584 582 586 587 588 585 589 587 584 590 591 588 592 590 587 592 593 594 595 596 591 595 594 597 590 594 595 598 596 599 600 598 601 597 599 595 602 603 573 604 605 606 552 573 603 602 607 603 556 603 608 609 567 560 558 608 609 563 564 562 560 558 609 565 610 569 611 572 612 562 564 566 564 563 577 572 571 569 580 610 565 610 612 569 613 572 611 572 613 570 552 603 556 614 607 602 614 615 607 556 608 558 608 607 616 567 617 575 609 616 617 577 580 564 609 617 567 610 618 612 619 611 620 564 580 565 580 577 581 569 612 572 579 618 610 611 621 613 612 618 620 622 621 611 603 607 608 623 615 614 623 624 615 608 616 609 616 615 625 604 626 627 576 617 625 586 582 574 617 576 575 618 628 620 629 619 630 580 579 610 579 581 582 612 620 611 583 628 618 611 619 622 620 628 630 631 622 619 607 615 616 632 624 623 632 633 624 616 625 617 624 634 625 635 586 574 576 634 635 584 586 589 635 574 576 636 629 630 637 629 636 579 583 618 583 582 584 620 630 619 585 638 628 619 629 631 630 638 636 639 631 629 615 624 625 640 633 632 640 641 633 625 634 576 633 642 634 643 589 586 635 642 643 587 589 592 635 643 586 644 637 636 628 638 630 583 585 628 587 585 584 637 644 645 588 646 638 629 637 639 636 646 644 647 639 637 624 633 634 648 641 640 648 626 641 634 642 635 641 649 642 650 592 589 643 649 650 651 644 646 643 650 589 652 645 644 638 646 636 585 588 638 588 587 590 653 645 654 591 651 646 637 645 647 644 651 652 653 647 645 633 641 642 627 626 648 655 656 657 642 649 643 649 626 658 659 597 660 650 658 593 652 651 661 593 592 650 592 594 590 652 662 654 588 591 646 591 590 595 663 654 664 661 651 596 661 662 652 653 654 663 645 652 654 641 626 649 605 604 627 606 665 604 649 658 650 604 666 658 667 597 594 593 666 667 659 599 597 667 594 593 661 668 662 669 664 662 591 596 651 596 595 599 670 664 671 668 661 598 668 669 662 663 664 670 654 662 664 604 658 626 672 665 606 672 673 665 658 666 593 665 674 666 659 601 599 660 667 674 659 675 601 597 667 660 676 671 669 677 671 676 596 598 661 598 599 601 678 671 677 679 668 600 676 669 679 670 671 678 664 669 671 604 665 666 680 673 672 657 673 680 666 674 667 674 673 681 659 682 675 660 674 681 683 676 679 682 659 660 684 677 676 668 679 669 598 600 668 685 600 601 677 684 686 687 683 679 677 688 678 676 683 684 689 688 677 665 673 674 690 657 680 691 675 692 660 681 682 681 657 656 675 685 601 681 656 682 685 687 600 682 656 692 675 691 685 684 693 686 600 687 679 685 694 687 695 686 696 697 698 683 677 686 689 684 698 693 695 689 686 673 657 681 690 655 657 682 692 675 655 692 656 691 694 685 655 691 692 694 697 687 655 694 691 655 697 694 683 698 684 687 697 683 697 655 698 655 699 696 655 693 698 696 693 655 695 696 699 686 693 696 700 701 702 703 704 705 704 706 707 708 709 703 710 711 712 713 714 715 716 717 718 719 720 721 722 723 724 725 723 726 727 728 729 730 725 726 731 732 733 732 734 735 736 737 738 731 730 734 737 739 738 702 739 737 738 740 736 734 741 735 732 731 734 727 742 743 741 729 728 741 728 735 742 727 729 743 742 744 745 744 742 746 721 747 730 726 748 743 744 749 740 724 725 750 722 746 730 731 725 723 750 751 718 720 710 747 717 750 752 719 714 713 707 711 720 752 710 718 747 720 708 705 715 707 713 705 752 713 711 753 709 754 704 703 755 756 745 757 758 759 760 742 757 745 756 757 761 729 762 757 734 730 763 741 763 762 731 733 740 741 734 763 738 739 764 701 765 739 733 736 740 740 725 731 766 767 701 764 724 738 765 764 739 700 766 701 702 701 739 742 729 757 768 756 761 768 761 769 729 741 762 762 770 761 771 772 773 748 770 763 751 726 723 763 730 748 764 765 774 775 776 767 740 738 724 724 723 725 767 765 701 722 764 774 774 765 776 777 775 767 767 766 777 757 762 761 778 768 769 778 769 779 762 763 770 769 770 780 781 726 751 748 781 780 750 717 751 781 748 726 774 776 782 783 784 775 724 764 722 722 750 723 765 767 776 746 774 782 775 777 785 776 784 782 786 775 785 761 770 769 787 778 779 787 779 773 770 748 780 779 780 788 789 751 717 788 781 789 747 718 717 789 781 751 790 784 783 791 790 783 722 774 746 746 747 750 776 775 784 721 782 792 775 786 783 784 790 792 793 783 786 769 780 779 772 787 773 794 795 796 780 781 788 773 788 797 798 759 799 789 716 797 800 792 790 716 789 717 801 790 791 782 784 792 746 782 721 721 720 747 802 803 791 719 792 800 783 793 791 790 801 800 802 791 793 779 788 773 758 772 771 759 758 771 788 789 797 771 797 804 805 718 710 716 805 804 752 711 710 716 718 805 800 801 806 801 803 807 721 792 719 719 752 720 808 809 803 806 714 800 806 801 807 802 808 803 791 803 801 771 773 797 798 760 759 810 811 812 797 716 804 759 804 813 794 796 814 805 712 813 815 806 807 712 805 710 816 807 809 817 816 809 719 800 714 752 714 713 818 817 809 815 715 806 816 815 807 808 818 809 803 809 807 771 804 759 819 798 799 796 819 799 804 805 813 799 813 820 821 711 707 712 821 820 705 704 707 821 712 711 815 816 822 816 817 823 714 806 715 715 705 713 817 824 823 822 708 815 817 818 825 816 823 822 826 817 825 759 813 799 795 819 796 827 828 829 813 712 820 796 820 830 831 704 755 830 821 706 832 822 823 707 706 821 833 823 824 834 833 835 715 815 708 705 708 703 836 837 824 832 709 822 817 826 824 832 823 833 836 824 826 799 820 796 838 794 814 810 838 814 820 821 830 814 830 839 755 703 753 831 839 706 755 753 840 704 831 706 832 833 834 833 837 835 708 822 709 709 753 703 837 841 835 834 754 832 837 842 843 836 842 837 824 837 833 796 830 814 812 838 810 811 810 827 830 706 839 839 844 810 755 840 845 831 845 844 846 834 835 845 831 755 847 835 841 848 847 849 709 832 754 754 850 753 851 852 841 846 853 834 837 843 841 846 835 847 851 841 843 814 839 810 854 811 827 840 855 856 839 831 844 844 828 827 840 753 850 844 845 828 850 754 853 845 840 856 840 850 855 847 852 849 754 834 853 850 853 857 852 858 849 859 846 848 852 860 861 851 860 852 841 852 847 810 844 827 854 827 829 828 845 856 829 828 856 855 850 857 829 856 855 857 853 859 829 855 857 829 857 859 846 847 848 853 846 859 859 848 829 829 858 862 829 848 849 852 861 858 829 849 858 862 858 861 863 864 865 864 863 866 867 866 863 868 867 869 868 866 867 870 871 872 870 869 871 873 872 874 871 874 872 875 876 877 871 878 874 879 876 880 876 879 877 881 882 883 880 882 879 865 884 863 870 868 869 885 886 887 888 878 886 874 878 888 865 864 889 890 891 892 886 885 892 886 892 888 893 894 890 893 892 885 895 896 894 895 893 897 898 899 896 900 898 895 901 902 899 903 901 898 903 904 905 906 907 902 906 905 908 901 905 906 909 907 910 911 909 912 908 910 906 913 914 884 915 916 917 863 884 914 913 918 914 867 914 919 920 878 871 869 919 920 874 875 873 871 869 920 876 921 880 922 883 923 873 875 877 875 874 888 883 882 880 891 921 876 921 923 880 924 883 922 883 924 881 863 914 867 925 918 913 925 926 918 867 919 869 919 918 927 878 928 886 920 927 928 888 891 875 920 928 878 921 929 923 930 922 931 875 891 876 891 888 892 880 923 883 890 929 921 922 932 924 923 929 931 933 932 922 914 918 919 934 926 925 934 935 926 919 927 920 927 926 936 915 937 938 887 928 936 897 893 885 928 887 886 929 939 931 940 930 941 891 890 921 890 892 893 923 931 922 894 939 929 922 930 933 931 939 941 942 933 930 918 926 927 943 935 934 943 944 935 927 936 928 935 945 936 946 897 885 887 945 946 895 897 900 946 885 887 947 940 941 948 940 947 890 894 929 894 893 895 931 941 930 896 949 939 930 940 942 941 949 947 950 942 940 926 935 936 951 944 943 951 952 944 936 945 887 944 953 945 954 900 897 946 953 954 898 900 903 946 954 897 955 948 947 939 949 941 894 896 939 898 896 895 948 955 956 899 957 949 940 948 950 947 957 955 958 950 948 935 944 945 959 952 951 959 937 952 945 953 946 952 960 953 961 903 900 954 960 961 962 955 957 954 961 900 963 956 955 949 957 947 896 899 949 899 898 901 964 956 965 902 962 957 948 956 958 955 962 963 964 958 956 944 952 953 938 937 959 966 967 968 953 960 954 960 937 969 970 908 971 961 969 904 963 962 972 904 903 961 903 905 901 963 973 965 899 902 957 902 901 906 974 965 975 972 962 907 972 973 963 964 965 974 956 963 965 952 937 960 916 915 938 917 976 915 960 969 961 915 977 969 978 908 905 904 977 978 970 910 908 978 905 904 972 979 973 980 975 973 902 907 962 907 906 910 981 975 982 979 972 909 979 980 973 974 975 981 965 973 975 915 969 937 983 976 917 983 984 976 969 977 904 976 985 977 970 912 910 971 978 985 970 986 912 908 978 971 987 982 980 988 982 987 907 909 972 909 910 912 989 982 988 990 979 911 987 980 990 981 982 989 975 980 982 915 976 977 991 984 983 968 984 991 977 985 978 985 984 992 970 993 986 971 985 992 994 987 990 993 970 971 995 988 987 979 990 980 909 911 979 996 911 912 988 995 997 998 994 990 988 999 989 987 994 995 1000 999 988 976 984 985 1001 968 991 1002 986 1003 971 992 993 992 968 967 986 996 912 992 967 993 996 998 911 993 967 1003 986 1002 996 995 1004 997 911 998 990 996 1005 998 1006 997 1007 1008 1009 994 988 997 1000 995 1009 1004 1006 1000 997 984 968 992 1001 966 968 993 1003 986 966 1003 967 1002 1005 996 966 1002 1003 1005 1008 998 966 1005 1002 966 1008 1005 994 1009 995 998 1008 994 1008 966 1009 966 1010 1007 966 1004 1009 1007 1004 966 1006 1007 1010 997 1004 1007 1011 1012 1013 1012 1011 1014 1015 1014 1011 1016 1015 1017 1016 1014 1015 1018 1019 1020 1018 1017 1019 1021 1020 1022 1019 1022 1020 1023 1024 1025 1019 1026 1022 1027 1024 1028 1024 1027 1025 1029 1030 1031 1028 1030 1027 1013 1032 1011 1018 1016 1017 1033 1034 1035 1036 1026 1034 1022 1026 1036 1013 1012 1037 1038 1039 1040 1034 1033 1040 1034 1040 1036 1041 1042 1038 1041 1040 1033 1043 1044 1042 1043 1041 1045 1046 1047 1044 1048 1046 1043 1049 1050 1047 1051 1049 1046 1051 1052 1053 1054 1055 1050 1054 1053 1056 1049 1053 1054 1057 1055 1058 1059 1057 1060 1056 1058 1054 1061 1062 1032 1063 1064 1065 1011 1032 1062 1061 1066 1062 1015 1062 1067 1068 1026 1019 1017 1067 1068 1022 1023 1021 1019 1017 1068 1024 1069 1028 1070 1031 1071 1021 1023 1025 1023 1022 1036 1031 1030 1028 1039 1069 1024 1069 1071 1028 1072 1031 1070 1031 1072 1029 1011 1062 1015 1073 1066 1061 1073 1074 1066 1015 1067 1017 1067 1066 1075 1026 1076 1034 1068 1075 1076 1036 1039 1023 1068 1076 1026 1069 1077 1071 1078 1070 1079 1023 1039 1024 1039 1036 1040 1028 1071 1031 1038 1077 1069 1070 1080 1072 1071 1077 1079 1081 1080 1070 1062 1066 1067 1082 1074 1073 1082 1083 1074 1067 1075 1068 1075 1074 1084 1063 1085 1086 1035 1076 1084 1045 1041 1033 1076 1035 1034 1077 1087 1079 1088 1078 1089 1039 1038 1069 1038 1040 1041 1071 1079 1070 1042 1087 1077 1070 1078 1081 1079 1087 1089 1090 1081 1078 1066 1074 1075 1091 1083 1082 1091 1092 1083 1075 1084 1076 1083 1093 1084 1094 1045 1033 1035 1093 1094 1043 1045 1048 1094 1033 1035 1095 1088 1089 1096 1088 1095 1038 1042 1077 1042 1041 1043 1079 1089 1078 1044 1097 1087 1078 1088 1090 1089 1097 1095 1098 1090 1088 1074 1083 1084 1099 1092 1091 1099 1100 1092 1084 1093 1035 1092 1101 1093 1102 1048 1045 1094 1101 1102 1046 1048 1051 1094 1102 1045 1103 1096 1095 1087 1097 1089 1042 1044 1087 1046 1044 1043 1096 1103 1104 1047 1105 1097 1088 1096 1098 1095 1105 1103 1106 1098 1096 1083 1092 1093 1107 1100 1099 1107 1085 1100 1093 1101 1094 1100 1108 1101 1109 1051 1048 1102 1108 1109 1110 1103 1105 1102 1109 1048 1111 1104 1103 1097 1105 1095 1044 1047 1097 1047 1046 1049 1112 1104 1113 1050 1110 1105 1096 1104 1106 1103 1110 1111 1112 1106 1104 1092 1100 1101 1086 1085 1107 1114 1115 1116 1101 1108 1102 1108 1085 1117 1118 1056 1119 1109 1117 1052 1111 1110 1120 1052 1051 1109 1051 1053 1049 1111 1121 1113 1047 1050 1105 1050 1049 1054 1122 1113 1123 1120 1110 1055 1120 1121 1111 1112 1113 1122 1104 1111 1113 1100 1085 1108 1064 1063 1086 1065 1124 1063 1108 1117 1109 1063 1125 1117 1126 1056 1053 1052 1125 1126 1118 1058 1056 1126 1053 1052 1120 1127 1121 1128 1123 1121 1050 1055 1110 1055 1054 1058 1129 1123 1130 1127 1120 1057 1127 1128 1121 1122 1123 1129 1113 1121 1123 1063 1117 1085 1131 1124 1065 1131 1132 1124 1117 1125 1052 1124 1133 1125 1118 1060 1058 1119 1126 1133 1118 1134 1060 1056 1126 1119 1135 1130 1128 1136 1130 1135 1055 1057 1120 1057 1058 1060 1137 1130 1136 1138 1127 1059 1135 1128 1138 1129 1130 1137 1123 1128 1130 1063 1124 1125 1139 1132 1131 1116 1132 1139 1125 1133 1126 1133 1132 1140 1118 1141 1134 1119 1133 1140 1142 1135 1138 1141 1118 1119 1143 1136 1135 1127 1138 1128 1057 1059 1127 1144 1059 1060 1136 1143 1145 1146 1142 1138 1136 1147 1137 1135 1142 1143 1148 1147 1136 1124 1132 1133 1149 1116 1139 1150 1134 1151 1119 1140 1141 1140 1116 1115 1134 1144 1060 1140 1115 1141 1144 1146 1059 1141 1115 1151 1134 1150 1144 1143 1152 1145 1059 1146 1138 1144 1153 1146 1154 1145 1155 1156 1157 1142 1136 1145 1148 1143 1157 1152 1154 1148 1145 1132 1116 1140 1149 1114 1116 1141 1151 1134 1114 1151 1115 1150 1153 1144 1114 1150 1151 1153 1156 1146 1114 1153 1150 1114 1156 1153 1142 1157 1143 1146 1156 1142 1156 1114 1157 1114 1158 1155 1114 1152 1157 1155 1152 1114 1154 1155 1158 1145 1152 1155 1159 1160 1161 1160 1159 1162 1163 1162 1159 1164 1163 1165 1164 1162 1163 1166 1167 1168 1166 1165 1167 1169 1168 1170 1167 1170 1168 1171 1172 1173 1167 1174 1170 1175 1172 1176 1172 1175 1173 1177 1178 1179 1176 1178 1175 1161 1180 1159 1166 1164 1165 1181 1182 1183 1184 1174 1182 1170 1174 1184 1161 1160 1185 1186 1187 1188 1182 1181 1188 1182 1188 1184 1189 1190 1186 1189 1188 1181 1191 1192 1190 1191 1189 1193 1194 1195 1192 1196 1194 1191 1197 1198 1195 1199 1197 1194 1199 1200 1201 1202 1203 1198 1202 1201 1204 1197 1201 1202 1205 1203 1206 1207 1205 1208 1204 1206 1202 1209 1210 1180 1211 1212 1213 1159 1180 1210 1209 1214 1210 1163 1210 1215 1216 1174 1167 1165 1215 1216 1170 1171 1169 1167 1165 1216 1172 1217 1176 1218 1179 1219 1169 1171 1173 1171 1170 1184 1179 1178 1176 1187 1217 1172 1217 1219 1176 1220 1179 1218 1179 1220 1177 1159 1210 1163 1221 1214 1209 1221 1222 1214 1163 1215 1165 1215 1214 1223 1174 1224 1182 1216 1223 1224 1184 1187 1171 1216 1224 1174 1217 1225 1219 1226 1218 1227 1171 1187 1172 1187 1184 1188 1176 1219 1179 1186 1225 1217 1218 1228 1220 1219 1225 1227 1229 1228 1218 1210 1214 1215 1230 1222 1221 1230 1231 1222 1215 1223 1216 1223 1222 1232 1211 1233 1234 1183 1224 1232 1193 1189 1181 1224 1183 1182 1225 1235 1227 1236 1226 1237 1187 1186 1217 1186 1188 1189 1219 1227 1218 1190 1235 1225 1218 1226 1229 1227 1235 1237 1238 1229 1226 1214 1222 1223 1239 1231 1230 1239 1240 1231 1223 1232 1224 1231 1241 1232 1242 1193 1181 1183 1241 1242 1191 1193 1196 1242 1181 1183 1243 1236 1237 1244 1236 1243 1186 1190 1225 1190 1189 1191 1227 1237 1226 1192 1245 1235 1226 1236 1238 1237 1245 1243 1246 1238 1236 1222 1231 1232 1247 1240 1239 1247 1248 1240 1232 1241 1183 1240 1249 1241 1250 1196 1193 1242 1249 1250 1194 1196 1199 1242 1250 1193 1251 1244 1243 1235 1245 1237 1190 1192 1235 1194 1192 1191 1244 1251 1252 1195 1253 1245 1236 1244 1246 1243 1253 1251 1254 1246 1244 1231 1240 1241 1255 1248 1247 1255 1233 1248 1241 1249 1242 1248 1256 1249 1257 1199 1196 1250 1256 1257 1258 1251 1253 1250 1257 1196 1259 1252 1251 1245 1253 1243 1192 1195 1245 1195 1194 1197 1260 1252 1261 1198 1258 1253 1244 1252 1254 1251 1258 1259 1260 1254 1252 1240 1248 1249 1234 1233 1255 1262 1263 1264 1249 1256 1250 1256 1233 1265 1266 1204 1267 1257 1265 1200 1259 1258 1268 1200 1199 1257 1199 1201 1197 1259 1269 1261 1195 1198 1253 1198 1197 1202 1270 1261 1271 1268 1258 1203 1268 1269 1259 1260 1261 1270 1252 1259 1261 1248 1233 1256 1212 1211 1234 1213 1272 1211 1256 1265 1257 1211 1273 1265 1274 1204 1201 1200 1273 1274 1266 1206 1204 1274 1201 1200 1268 1275 1269 1276 1271 1269 1198 1203 1258 1203 1202 1206 1277 1271 1278 1275 1268 1205 1275 1276 1269 1270 1271 1277 1261 1269 1271 1211 1265 1233 1279 1272 1213 1279 1280 1272 1265 1273 1200 1272 1281 1273 1266 1208 1206 1267 1274 1281 1266 1282 1208 1204 1274 1267 1283 1278 1276 1284 1278 1283 1203 1205 1268 1205 1206 1208 1285 1278 1284 1286 1275 1207 1283 1276 1286 1277 1278 1285 1271 1276 1278 1211 1272 1273 1287 1280 1279 1264 1280 1287 1273 1281 1274 1281 1280 1288 1266 1289 1282 1267 1281 1288 1290 1283 1286 1289 1266 1267 1291 1284 1283 1275 1286 1276 1205 1207 1275 1292 1207 1208 1284 1291 1293 1294 1290 1286 1284 1295 1285 1283 1290 1291 1296 1295 1284 1272 1280 1281 1297 1264 1287 1298 1282 1299 1267 1288 1289 1288 1264 1263 1282 1292 1208 1288 1263 1289 1292 1294 1207 1289 1263 1299 1282 1298 1292 1291 1300 1293 1207 1294 1286 1292 1301 1294 1302 1293 1303 1304 1305 1290 1284 1293 1296 1291 1305 1300 1302 1296 1293 1280 1264 1288 1297 1262 1264 1289 1299 1282 1262 1299 1263 1298 1301 1292 1262 1298 1299 1301 1304 1294 1262 1301 1298 1262 1304 1301 1290 1305 1291 1294 1304 1290 1304 1262 1305 1262 1306 1303 1262 1300 1305 1303 1300 1262 1302 1303 1306 1293 1300 1303 1307 1308 1309 1310 1311 1312 1311 1313 1314 1315 1316 1310 1317 1318 1319 1320 1321 1322 1323 1324 1325 1326 1327 1328 1329 1330 1331 1332 1330 1333 1334 1335 1336 1337 1332 1333 1338 1339 1340 1339 1341 1342 1343 1344 1345 1338 1337 1341 1344 1346 1345 1309 1346 1344 1345 1347 1343 1341 1348 1342 1339 1338 1341 1334 1349 1350 1348 1336 1335 1348 1335 1342 1349 1334 1336 1350 1349 1351 1352 1351 1349 1353 1328 1354 1337 1333 1355 1350 1351 1356 1347 1331 1332 1357 1329 1353 1337 1338 1332 1330 1357 1358 1325 1327 1317 1354 1324 1357 1318 1320 1314 1326 1321 1359 1327 1359 1317 1325 1354 1327 1315 1312 1322 1314 1320 1312 1359 1320 1318 1360 1316 1361 1311 1310 1362 1363 1352 1364 1365 1366 1367 1349 1364 1352 1363 1364 1368 1336 1369 1364 1341 1337 1370 1348 1370 1369 1338 1340 1347 1348 1341 1370 1345 1346 1371 1308 1372 1346 1340 1343 1347 1347 1332 1338 1373 1374 1308 1371 1331 1345 1372 1371 1346 1307 1373 1308 1309 1308 1346 1349 1336 1364 1375 1363 1368 1375 1368 1376 1336 1348 1369 1369 1377 1368 1378 1379 1380 1355 1377 1370 1358 1333 1330 1370 1337 1355 1371 1372 1381 1382 1383 1374 1347 1345 1331 1331 1330 1332 1374 1372 1308 1329 1371 1381 1381 1372 1383 1384 1382 1374 1374 1373 1384 1364 1369 1368 1385 1375 1376 1385 1376 1386 1369 1370 1377 1376 1377 1387 1388 1333 1358 1355 1388 1387 1357 1324 1358 1388 1355 1333 1381 1383 1389 1390 1391 1382 1331 1371 1329 1329 1357 1330 1372 1374 1383 1353 1381 1389 1382 1384 1392 1383 1391 1389 1393 1382 1392 1368 1377 1376 1394 1385 1386 1394 1386 1380 1377 1355 1387 1386 1387 1395 1396 1358 1324 1395 1388 1396 1354 1325 1324 1396 1388 1358 1397 1391 1390 1398 1397 1390 1329 1381 1353 1353 1354 1357 1383 1382 1391 1328 1389 1399 1382 1393 1390 1391 1397 1399 1400 1390 1393 1376 1387 1386 1379 1394 1380 1401 1402 1403 1387 1388 1395 1380 1395 1404 1405 1366 1406 1396 1323 1404 1407 1399 1397 1323 1396 1324 1408 1397 1398 1389 1391 1399 1353 1389 1328 1328 1327 1354 1409 1410 1398 1326 1399 1407 1390 1400 1398 1397 1408 1407 1409 1398 1400 1386 1395 1380 1365 1379 1378 1366 1365 1378 1395 1396 1404 1378 1404 1411 1412 1325 1317 1323 1412 1411 1359 1318 1317 1323 1325 1412 1407 1408 1413 1408 1410 1414 1328 1399 1326 1326 1359 1327 1415 1416 1410 1413 1321 1407 1413 1408 1414 1409 1415 1410 1398 1410 1408 1378 1380 1404 1405 1367 1366 1417 1418 1419 1404 1323 1411 1366 1411 1420 1401 1403 1421 1412 1319 1420 1422 1413 1414 1319 1412 1317 1423 1414 1416 1424 1423 1416 1326 1407 1321 1359 1321 1320 1425 1424 1416 1422 1322 1413 1423 1422 1414 1415 1425 1416 1410 1416 1414 1378 1411 1366 1426 1405 1406 1403 1426 1406 1411 1412 1420 1406 1420 1427 1428 1318 1314 1319 1428 1427 1312 1311 1314 1428 1319 1318 1422 1423 1429 1423 1424 1430 1321 1413 1322 1322 1312 1320 1424 1431 1430 1429 1315 1422 1424 1425 1432 1423 1430 1429 1433 1424 1432 1366 1420 1406 1402 1426 1403 1434 1435 1436 1420 1319 1427 1403 1427 1437 1438 1311 1362 1437 1428 1313 1439 1429 1430 1314 1313 1428 1440 1430 1431 1441 1440 1442 1322 1422 1315 1312 1315 1310 1443 1444 1431 1439 1316 1429 1424 1433 1431 1439 1430 1440 1443 1431 1433 1406 1427 1403 1445 1401 1421 1417 1445 1421 1427 1428 1437 1421 1437 1446 1362 1310 1360 1438 1446 1313 1362 1360 1447 1311 1438 1313 1439 1440 1441 1440 1444 1442 1315 1429 1316 1316 1360 1310 1444 1448 1442 1441 1361 1439 1444 1449 1450 1443 1449 1444 1431 1444 1440 1403 1437 1421 1419 1445 1417 1418 1417 1434 1437 1313 1446 1446 1451 1417 1362 1447 1452 1438 1452 1451 1453 1441 1442 1452 1438 1362 1454 1442 1448 1455 1454 1456 1316 1439 1361 1361 1457 1360 1458 1459 1448 1453 1460 1441 1444 1450 1448 1453 1442 1454 1458 1448 1450 1421 1446 1417 1461 1418 1434 1447 1462 1463 1446 1438 1451 1451 1435 1434 1447 1360 1457 1451 1452 1435 1457 1361 1460 1452 1447 1463 1447 1457 1462 1454 1459 1456 1361 1441 1460 1457 1460 1464 1459 1465 1456 1466 1453 1455 1459 1467 1468 1458 1467 1459 1448 1459 1454 1417 1451 1434 1461 1434 1436 1435 1452 1463 1436 1435 1463 1462 1457 1464 1436 1463 1462 1464 1460 1466 1436 1462 1464 1436 1464 1466 1453 1454 1455 1460 1453 1466 1466 1455 1436 1436 1465 1469 1436 1455 1456 1459 1468 1465 1436 1456 1465 1469 1465 1468 1470 1471 1472 1471 1470 1473 1474 1473 1470 1475 1474 1476 1475 1473 1474 1477 1478 1479 1477 1476 1478 1480 1479 1481 1478 1481 1479 1482 1483 1484 1478 1485 1481 1486 1483 1487 1483 1486 1484 1488 1489 1490 1487 1489 1486 1472 1491 1470 1477 1475 1476 1492 1493 1494 1495 1485 1493 1481 1485 1495 1472 1471 1496 1497 1498 1499 1493 1492 1499 1493 1499 1495 1500 1501 1497 1500 1499 1492 1502 1503 1501 1502 1500 1504 1505 1506 1503 1507 1505 1502 1508 1509 1506 1510 1508 1505 1510 1511 1512 1513 1514 1509 1513 1512 1515 1508 1512 1513 1516 1514 1517 1518 1516 1519 1515 1517 1513 1520 1521 1491 1522 1523 1524 1470 1491 1521 1520 1525 1521 1474 1521 1526 1527 1485 1478 1476 1526 1527 1481 1482 1480 1478 1476 1527 1483 1528 1487 1529 1490 1530 1480 1482 1484 1482 1481 1495 1490 1489 1487 1498 1528 1483 1528 1530 1487 1531 1490 1529 1490 1531 1488 1470 1521 1474 1532 1525 1520 1532 1533 1525 1474 1526 1476 1526 1525 1534 1485 1535 1493 1527 1534 1535 1495 1498 1482 1527 1535 1485 1528 1536 1530 1537 1529 1538 1482 1498 1483 1498 1495 1499 1487 1530 1490 1497 1536 1528 1529 1539 1531 1530 1536 1538 1540 1539 1529 1521 1525 1526 1541 1533 1532 1541 1542 1533 1526 1534 1527 1534 1533 1543 1522 1544 1545 1494 1535 1543 1504 1500 1492 1535 1494 1493 1536 1546 1538 1547 1537 1548 1498 1497 1528 1497 1499 1500 1530 1538 1529 1501 1546 1536 1529 1537 1540 1538 1546 1548 1549 1540 1537 1525 1533 1534 1550 1542 1541 1550 1551 1542 1534 1543 1535 1542 1552 1543 1553 1504 1492 1494 1552 1553 1502 1504 1507 1553 1492 1494 1554 1547 1548 1555 1547 1554 1497 1501 1536 1501 1500 1502 1538 1548 1537 1503 1556 1546 1537 1547 1549 1548 1556 1554 1557 1549 1547 1533 1542 1543 1558 1551 1550 1558 1559 1551 1543 1552 1494 1551 1560 1552 1561 1507 1504 1553 1560 1561 1505 1507 1510 1553 1561 1504 1562 1555 1554 1546 1556 1548 1501 1503 1546 1505 1503 1502 1555 1562 1563 1506 1564 1556 1547 1555 1557 1554 1564 1562 1565 1557 1555 1542 1551 1552 1566 1559 1558 1566 1544 1559 1552 1560 1553 1559 1567 1560 1568 1510 1507 1561 1567 1568 1569 1562 1564 1561 1568 1507 1570 1563 1562 1556 1564 1554 1503 1506 1556 1506 1505 1508 1571 1563 1572 1509 1569 1564 1555 1563 1565 1562 1569 1570 1571 1565 1563 1551 1559 1560 1545 1544 1566 1573 1574 1575 1560 1567 1561 1567 1544 1576 1577 1515 1578 1568 1576 1511 1570 1569 1579 1511 1510 1568 1510 1512 1508 1570 1580 1572 1506 1509 1564 1509 1508 1513 1581 1572 1582 1579 1569 1514 1579 1580 1570 1571 1572 1581 1563 1570 1572 1559 1544 1567 1523 1522 1545 1524 1583 1522 1567 1576 1568 1522 1584 1576 1585 1515 1512 1511 1584 1585 1577 1517 1515 1585 1512 1511 1579 1586 1580 1587 1582 1580 1509 1514 1569 1514 1513 1517 1588 1582 1589 1586 1579 1516 1586 1587 1580 1581 1582 1588 1572 1580 1582 1522 1576 1544 1590 1583 1524 1590 1591 1583 1576 1584 1511 1583 1592 1584 1577 1519 1517 1578 1585 1592 1577 1593 1519 1515 1585 1578 1594 1589 1587 1595 1589 1594 1514 1516 1579 1516 1517 1519 1596 1589 1595 1597 1586 1518 1594 1587 1597 1588 1589 1596 1582 1587 1589 1522 1583 1584 1598 1591 1590 1575 1591 1598 1584 1592 1585 1592 1591 1599 1577 1600 1593 1578 1592 1599 1601 1594 1597 1600 1577 1578 1602 1595 1594 1586 1597 1587 1516 1518 1586 1603 1518 1519 1595 1602 1604 1605 1601 1597 1595 1606 1596 1594 1601 1602 1607 1606 1595 1583 1591 1592 1608 1575 1598 1609 1593 1610 1578 1599 1600 1599 1575 1574 1593 1603 1519 1599 1574 1600 1603 1605 1518 1600 1574 1610 1593 1609 1603 1602 1611 1604 1518 1605 1597 1603 1612 1605 1613 1604 1614 1615 1616 1601 1595 1604 1607 1602 1616 1611 1613 1607 1604 1591 1575 1599 1608 1573 1575 1600 1610 1593 1573 1610 1574 1609 1612 1603 1573 1609 1610 1612 1615 1605 1573 1612 1609 1573 1615 1612 1601 1616 1602 1605 1615 1601 1615 1573 1616 1573 1617 1614 1573 1611 1616 1614 1611 1573 1613 1614 1617 1604 1611 1614 1618 1619 1620 1621 1622 1623 1622 1624 1625 1626 1627 1621 1628 1629 1630 1631 1632 1633 1634 1635 1636 1637 1638 1639 1640 1641 1642 1643 1641 1644 1645 1646 1647 1648 1643 1644 1649 1650 1651 1650 1652 1653 1654 1655 1656 1649 1648 1652 1655 1657 1656 1620 1657 1655 1656 1658 1654 1652 1659 1653 1650 1649 1652 1645 1660 1661 1659 1647 1646 1659 1646 1653 1660 1645 1647 1661 1660 1662 1663 1662 1660 1664 1639 1665 1648 1644 1666 1661 1662 1667 1658 1642 1643 1668 1640 1664 1648 1649 1643 1641 1668 1669 1636 1638 1628 1665 1635 1668 1670 1637 1632 1631 1625 1629 1638 1670 1628 1636 1665 1638 1631 1623 1625 1626 1623 1633 1670 1631 1629 1622 1621 1671 1672 1627 1673 1674 1663 1675 1676 1677 1678 1660 1675 1663 1674 1675 1679 1647 1680 1675 1652 1648 1681 1659 1681 1680 1649 1651 1658 1659 1652 1681 1656 1657 1682 1619 1683 1657 1651 1654 1658 1658 1643 1649 1684 1685 1619 1682 1642 1656 1683 1682 1657 1618 1684 1619 1620 1619 1657 1660 1647 1675 1686 1674 1679 1686 1679 1687 1647 1659 1680 1680 1688 1679 1689 1690 1691 1666 1688 1681 1669 1644 1641 1681 1648 1666 1682 1683 1692 1693 1694 1685 1658 1656 1642 1642 1641 1643 1685 1683 1619 1640 1682 1692 1692 1683 1694 1695 1693 1685 1685 1684 1695 1675 1680 1679 1696 1686 1687 1696 1687 1697 1680 1681 1688 1687 1688 1698 1699 1644 1669 1666 1699 1698 1668 1635 1669 1699 1666 1644 1692 1694 1700 1701 1702 1693 1642 1682 1640 1640 1668 1641 1683 1685 1694 1664 1692 1700 1693 1695 1703 1694 1702 1700 1704 1693 1703 1679 1688 1687 1705 1696 1697 1705 1697 1691 1688 1666 1698 1697 1698 1706 1707 1669 1635 1706 1699 1707 1665 1636 1635 1707 1699 1669 1708 1702 1701 1709 1708 1701 1640 1692 1664 1664 1665 1668 1694 1693 1702 1639 1700 1710 1693 1704 1701 1702 1708 1710 1711 1701 1704 1687 1698 1697 1690 1705 1691 1712 1713 1714 1698 1699 1706 1691 1706 1715 1716 1677 1717 1707 1634 1715 1718 1710 1708 1634 1707 1635 1719 1708 1709 1700 1702 1710 1664 1700 1639 1639 1638 1665 1720 1721 1709 1637 1710 1718 1701 1711 1709 1708 1719 1718 1720 1709 1711 1697 1706 1691 1676 1690 1689 1677 1676 1689 1706 1707 1715 1689 1715 1722 1723 1636 1628 1634 1723 1722 1670 1629 1628 1634 1636 1723 1718 1719 1724 1719 1721 1725 1639 1710 1637 1637 1670 1638 1726 1727 1721 1724 1632 1718 1724 1719 1725 1720 1726 1721 1709 1721 1719 1689 1691 1715 1716 1678 1677 1728 1729 1730 1715 1634 1722 1677 1722 1731 1712 1714 1732 1723 1630 1731 1733 1724 1725 1630 1723 1628 1734 1725 1727 1735 1734 1727 1637 1718 1632 1670 1632 1631 1736 1735 1727 1733 1633 1724 1734 1733 1725 1726 1736 1727 1721 1727 1725 1689 1722 1677 1737 1716 1717 1714 1737 1717 1722 1723 1731 1717 1731 1738 1739 1629 1625 1630 1739 1738 1623 1622 1625 1739 1630 1629 1733 1734 1740 1734 1735 1741 1632 1724 1633 1633 1623 1631 1735 1742 1741 1740 1626 1733 1735 1736 1743 1734 1741 1740 1744 1735 1743 1677 1731 1717 1713 1737 1714 1745 1746 1747 1731 1630 1738 1714 1738 1748 1749 1622 1671 1748 1739 1624 1750 1740 1741 1625 1624 1739 1751 1741 1742 1752 1751 1753 1633 1733 1626 1623 1626 1621 1754 1755 1742 1750 1627 1740 1735 1744 1742 1750 1741 1751 1754 1742 1744 1717 1738 1714 1756 1712 1732 1728 1756 1732 1738 1739 1748 1732 1748 1757 1671 1621 1672 1749 1757 1624 1671 1672 1758 1622 1749 1624 1750 1751 1752 1751 1755 1753 1626 1740 1627 1627 1672 1621 1755 1759 1753 1752 1673 1750 1755 1760 1761 1754 1760 1755 1742 1755 1751 1714 1748 1732 1730 1756 1728 1729 1728 1745 1748 1624 1757 1757 1762 1728 1671 1758 1763 1749 1763 1762 1764 1752 1753 1763 1749 1671 1765 1753 1759 1766 1765 1767 1627 1750 1673 1673 1768 1672 1769 1770 1759 1764 1771 1752 1755 1761 1759 1764 1753 1765 1769 1759 1761 1732 1757 1728 1772 1729 1745 1758 1773 1774 1757 1749 1762 1762 1746 1745 1758 1672 1768 1762 1763 1746 1768 1673 1771 1763 1758 1774 1758 1768 1773 1765 1770 1767 1673 1752 1771 1768 1771 1775 1770 1776 1767 1777 1764 1766 1770 1778 1779 1769 1778 1770 1759 1770 1765 1728 1762 1745 1772 1745 1747 1746 1763 1774 1747 1746 1774 1773 1768 1775 1747 1774 1773 1775 1771 1777 1747 1773 1775 1747 1775 1777 1764 1765 1766 1771 1764 1777 1777 1766 1747 1747 1776 1780 1747 1766 1767 1770 1779 1776 1747 1767 1776 1780 1776 1779 1781 1782 1783 1782 1781 1784 1785 1784 1781 1786 1785 1787 1786 1784 1785 1788 1789 1790 1788 1787 1789 1791 1790 1792 1789 1792 1790 1793 1794 1795 1789 1796 1792 1797 1794 1798 1794 1797 1795 1799 1800 1801 1798 1800 1797 1783 1802 1781 1788 1786 1787 1803 1804 1805 1806 1796 1804 1792 1796 1806 1783 1782 1807 1808 1809 1810 1804 1803 1810 1804 1810 1806 1811 1812 1808 1811 1810 1803 1813 1814 1812 1813 1811 1815 1816 1817 1814 1818 1816 1813 1819 1820 1817 1821 1819 1816 1821 1822 1823 1824 1825 1820 1824 1823 1826 1819 1823 1824 1827 1825 1828 1829 1827 1830 1826 1828 1824 1831 1832 1802 1833 1834 1835 1781 1802 1832 1831 1836 1832 1785 1832 1837 1838 1796 1789 1787 1837 1838 1792 1793 1791 1789 1787 1838 1794 1839 1798 1840 1801 1841 1791 1793 1795 1793 1792 1806 1801 1800 1798 1809 1839 1794 1839 1841 1798 1842 1801 1840 1801 1842 1799 1781 1832 1785 1843 1836 1831 1843 1844 1836 1785 1837 1787 1837 1836 1845 1796 1846 1804 1838 1845 1846 1806 1809 1793 1838 1846 1796 1839 1847 1841 1848 1840 1849 1793 1809 1794 1809 1806 1810 1798 1841 1801 1808 1847 1839 1840 1850 1842 1841 1847 1849 1851 1850 1840 1832 1836 1837 1852 1844 1843 1852 1853 1844 1837 1845 1838 1845 1844 1854 1833 1855 1856 1805 1846 1854 1815 1811 1803 1846 1805 1804 1847 1857 1849 1858 1848 1859 1809 1808 1839 1808 1810 1811 1841 1849 1840 1812 1857 1847 1840 1848 1851 1849 1857 1859 1860 1851 1848 1836 1844 1845 1861 1853 1852 1861 1862 1853 1845 1854 1846 1853 1863 1854 1864 1815 1803 1805 1863 1864 1813 1815 1818 1864 1803 1805 1865 1858 1859 1866 1858 1865 1808 1812 1847 1812 1811 1813 1849 1859 1848 1814 1867 1857 1848 1858 1860 1859 1867 1865 1868 1860 1858 1844 1853 1854 1869 1862 1861 1869 1870 1862 1854 1863 1805 1862 1871 1863 1872 1818 1815 1864 1871 1872 1816 1818 1821 1864 1872 1815 1873 1866 1865 1857 1867 1859 1812 1814 1857 1816 1814 1813 1866 1873 1874 1817 1875 1867 1858 1866 1868 1865 1875 1873 1876 1868 1866 1853 1862 1863 1877 1870 1869 1877 1855 1870 1863 1871 1864 1870 1878 1871 1879 1821 1818 1872 1878 1879 1880 1873 1875 1872 1879 1818 1881 1874 1873 1867 1875 1865 1814 1817 1867 1817 1816 1819 1882 1874 1883 1820 1880 1875 1866 1874 1876 1873 1880 1881 1882 1876 1874 1862 1870 1871 1856 1855 1877 1884 1885 1886 1871 1878 1872 1878 1855 1887 1888 1826 1889 1879 1887 1822 1881 1880 1890 1822 1821 1879 1821 1823 1819 1881 1891 1883 1817 1820 1875 1820 1819 1824 1892 1883 1893 1890 1880 1825 1890 1891 1881 1882 1883 1892 1874 1881 1883 1870 1855 1878 1834 1833 1856 1835 1894 1833 1878 1887 1879 1833 1895 1887 1896 1826 1823 1822 1895 1896 1888 1828 1826 1896 1823 1822 1890 1897 1891 1898 1893 1891 1820 1825 1880 1825 1824 1828 1899 1893 1900 1897 1890 1827 1897 1898 1891 1892 1893 1899 1883 1891 1893 1833 1887 1855 1901 1894 1835 1901 1902 1894 1887 1895 1822 1894 1903 1895 1888 1830 1828 1889 1896 1903 1888 1904 1830 1826 1896 1889 1905 1900 1898 1906 1900 1905 1825 1827 1890 1827 1828 1830 1907 1900 1906 1908 1897 1829 1905 1898 1908 1899 1900 1907 1893 1898 1900 1833 1894 1895 1909 1902 1901 1886 1902 1909 1895 1903 1896 1903 1902 1910 1888 1911 1904 1889 1903 1910 1912 1905 1908 1911 1888 1889 1913 1906 1905 1897 1908 1898 1827 1829 1897 1914 1829 1830 1906 1913 1915 1916 1912 1908 1906 1917 1907 1905 1912 1913 1918 1917 1906 1894 1902 1903 1919 1886 1909 1920 1904 1921 1889 1910 1911 1910 1886 1885 1904 1914 1830 1910 1885 1911 1914 1916 1829 1911 1885 1921 1904 1920 1914 1913 1922 1915 1829 1916 1908 1914 1923 1916 1924 1915 1925 1926 1927 1912 1906 1915 1918 1913 1927 1922 1924 1918 1915 1902 1886 1910 1919 1884 1886 1911 1921 1904 1884 1921 1885 1920 1923 1914 1884 1920 1921 1923 1926 1916 1884 1923 1920 1884 1926 1923 1912 1927 1913 1916 1926 1912 1926 1884 1927 1884 1928 1925 1884 1922 1927 1925 1922 1884 1924 1925 1928 1915 1922 1925 1929 1930 1931 1930 1929 1932 1933 1932 1929 1934 1933 1935 1934 1932 1933 1936 1937 1938 1936 1935 1937 1939 1938 1940 1937 1940 1938 1941 1942 1943 1937 1944 1940 1945 1942 1946 1942 1945 1943 1947 1948 1949 1946 1948 1945 1931 1950 1929 1936 1934 1935 1951 1952 1953 1954 1944 1952 1940 1944 1954 1931 1930 1955 1956 1957 1958 1952 1951 1958 1952 1958 1954 1959 1960 1956 1959 1958 1951 1961 1962 1960 1961 1959 1963 1964 1965 1962 1966 1964 1961 1967 1968 1965 1969 1967 1964 1969 1970 1971 1972 1973 1968 1972 1971 1974 1967 1971 1972 1975 1973 1976 1977 1975 1978 1974 1976 1972 1979 1980 1950 1981 1982 1983 1929 1950 1980 1979 1984 1980 1933 1980 1985 1986 1944 1937 1935 1985 1986 1940 1941 1939 1937 1935 1986 1942 1987 1946 1988 1949 1989 1939 1941 1943 1941 1940 1954 1949 1948 1946 1957 1987 1942 1987 1989 1946 1990 1949 1988 1949 1990 1947 1929 1980 1933 1991 1984 1979 1991 1992 1984 1933 1985 1935 1985 1984 1993 1944 1994 1952 1986 1993 1994 1954 1957 1941 1986 1994 1944 1987 1995 1989 1996 1988 1997 1941 1957 1942 1957 1954 1958 1946 1989 1949 1956 1995 1987 1988 1998 1990 1989 1995 1997 1999 1998 1988 1980 1984 1985 2000 1992 1991 2000 2001 1992 1985 1993 1986 1993 1992 2002 1981 2003 2004 1953 1994 2002 1963 1959 1951 1994 1953 1952 1995 2005 1997 2006 1996 2007 1957 1956 1987 1956 1958 1959 1989 1997 1988 1960 2005 1995 1988 1996 1999 1997 2005 2007 2008 1999 1996 1984 1992 1993 2009 2001 2000 2009 2010 2001 1993 2002 1994 2001 2011 2002 2012 1963 1951 1953 2011 2012 1961 1963 1966 2012 1951 1953 2013 2006 2007 2014 2006 2013 1956 1960 1995 1960 1959 1961 1997 2007 1996 1962 2015 2005 1996 2006 2008 2007 2015 2013 2016 2008 2006 1992 2001 2002 2017 2010 2009 2017 2018 2010 2002 2011 1953 2010 2019 2011 2020 1966 1963 2012 2019 2020 1964 1966 1969 2012 2020 1963 2021 2014 2013 2005 2015 2007 1960 1962 2005 1964 1962 1961 2014 2021 2022 1965 2023 2015 2006 2014 2016 2013 2023 2021 2024 2016 2014 2001 2010 2011 2025 2018 2017 2025 2003 2018 2011 2019 2012 2018 2026 2019 2027 1969 1966 2020 2026 2027 2028 2021 2023 2020 2027 1966 2029 2022 2021 2015 2023 2013 1962 1965 2015 1965 1964 1967 2030 2022 2031 1968 2028 2023 2014 2022 2024 2021 2028 2029 2030 2024 2022 2010 2018 2019 2004 2003 2025 2032 2033 2034 2019 2026 2020 2026 2003 2035 2036 1974 2037 2027 2035 1970 2029 2028 2038 1970 1969 2027 1969 1971 1967 2029 2039 2031 1965 1968 2023 1968 1967 1972 2040 2031 2041 2038 2028 1973 2038 2039 2029 2030 2031 2040 2022 2029 2031 2018 2003 2026 1982 1981 2004 1983 2042 1981 2026 2035 2027 1981 2043 2035 2044 1974 1971 1970 2043 2044 2036 1976 1974 2044 1971 1970 2038 2045 2039 2046 2041 2039 1968 1973 2028 1973 1972 1976 2047 2041 2048 2045 2038 1975 2045 2046 2039 2040 2041 2047 2031 2039 2041 1981 2035 2003 2049 2042 1983 2049 2050 2042 2035 2043 1970 2042 2051 2043 2036 1978 1976 2037 2044 2051 2036 2052 1978 1974 2044 2037 2053 2048 2046 2054 2048 2053 1973 1975 2038 1975 1976 1978 2055 2048 2054 2056 2045 1977 2053 2046 2056 2047 2048 2055 2041 2046 2048 1981 2042 2043 2057 2050 2049 2034 2050 2057 2043 2051 2044 2051 2050 2058 2036 2059 2052 2037 2051 2058 2060 2053 2056 2059 2036 2037 2061 2054 2053 2045 2056 2046 1975 1977 2045 2062 1977 1978 2054 2061 2063 2064 2060 2056 2054 2065 2055 2053 2060 2061 2066 2065 2054 2042 2050 2051 2067 2034 2057 2068 2052 2069 2037 2058 2059 2058 2034 2033 2052 2062 1978 2058 2033 2059 2062 2064 1977 2059 2033 2069 2052 2068 2062 2061 2070 2063 1977 2064 2056 2062 2071 2064 2072 2063 2073 2074 2075 2060 2054 2063 2066 2061 2075 2070 2072 2066 2063 2050 2034 2058 2067 2032 2034 2059 2069 2052 2032 2069 2033 2068 2071 2062 2032 2068 2069 2071 2074 2064 2032 2071 2068 2032 2074 2071 2060 2075 2061 2064 2074 2060 2074 2032 2075 2032 2076 2073 2032 2070 2075 2073 2070 2032 2072 2073 2076 2063 2070 2073 2077 2078 2079 2080 2081 2082 2081 2083 2084 2085 2086 2080 2087 2088 2089 2090 2091 2092 2093 2094 2095 2096 2097 2098 2099 2100 2101 2102 2100 2103 2104 2105 2106 2107 2102 2103 2108 2109 2110 2109 2111 2112 2113 2114 2115 2108 2107 2111 2114 2116 2115 2079 2116 2114 2115 2117 2113 2111 2118 2112 2109 2108 2111 2104 2119 2120 2118 2106 2105 2118 2105 2112 2119 2104 2106 2120 2119 2121 2122 2121 2119 2123 2098 2124 2107 2103 2125 2120 2121 2126 2117 2101 2102 2127 2099 2123 2107 2108 2102 2100 2127 2128 2095 2097 2087 2124 2094 2127 2129 2096 2091 2090 2084 2088 2097 2129 2087 2095 2124 2097 2085 2082 2092 2084 2090 2082 2129 2090 2088 2130 2086 2131 2081 2080 2132 2133 2122 2134 2135 2136 2137 2119 2134 2122 2133 2134 2138 2106 2139 2134 2111 2107 2140 2118 2140 2139 2108 2110 2117 2118 2111 2140 2115 2116 2141 2078 2142 2116 2110 2113 2117 2117 2102 2108 2143 2144 2078 2141 2101 2115 2142 2141 2116 2077 2143 2078 2079 2078 2116 2119 2106 2134 2145 2133 2138 2145 2138 2146 2106 2118 2139 2139 2147 2138 2148 2149 2150 2125 2147 2140 2128 2103 2100 2140 2107 2125 2141 2142 2151 2152 2153 2144 2117 2115 2101 2101 2100 2102 2144 2142 2078 2099 2141 2151 2151 2142 2153 2154 2152 2144 2144 2143 2154 2134 2139 2138 2155 2145 2146 2155 2146 2156 2139 2140 2147 2146 2147 2157 2158 2103 2128 2125 2158 2157 2127 2094 2128 2158 2125 2103 2151 2153 2159 2160 2161 2152 2101 2141 2099 2099 2127 2100 2142 2144 2153 2123 2151 2159 2152 2154 2162 2153 2161 2159 2163 2152 2162 2138 2147 2146 2164 2155 2156 2164 2156 2150 2147 2125 2157 2156 2157 2165 2166 2128 2094 2165 2158 2166 2124 2095 2094 2166 2158 2128 2167 2161 2160 2168 2167 2160 2099 2151 2123 2123 2124 2127 2153 2152 2161 2098 2159 2169 2152 2163 2160 2161 2167 2169 2170 2160 2163 2146 2157 2156 2149 2164 2150 2171 2172 2173 2157 2158 2165 2150 2165 2174 2175 2136 2176 2166 2093 2174 2177 2169 2167 2093 2166 2094 2178 2167 2168 2159 2161 2169 2123 2159 2098 2098 2097 2124 2179 2180 2168 2096 2169 2177 2160 2170 2168 2167 2178 2177 2179 2168 2170 2156 2165 2150 2135 2149 2148 2136 2135 2148 2165 2166 2174 2148 2174 2181 2182 2095 2087 2093 2182 2181 2129 2088 2087 2093 2095 2182 2177 2178 2183 2178 2180 2184 2098 2169 2096 2096 2129 2097 2185 2186 2180 2183 2091 2177 2183 2178 2184 2179 2185 2180 2168 2180 2178 2148 2150 2174 2175 2137 2136 2187 2188 2189 2174 2093 2181 2136 2181 2190 2171 2173 2191 2182 2089 2190 2192 2183 2184 2089 2182 2087 2193 2184 2186 2194 2193 2186 2096 2177 2091 2129 2091 2090 2195 2194 2186 2192 2092 2183 2193 2192 2184 2185 2195 2186 2180 2186 2184 2148 2181 2136 2196 2175 2176 2173 2196 2176 2181 2182 2190 2176 2190 2197 2198 2088 2084 2089 2198 2197 2082 2081 2084 2198 2089 2088 2192 2193 2199 2193 2194 2200 2091 2183 2092 2092 2082 2090 2194 2201 2200 2199 2085 2192 2194 2195 2202 2193 2200 2199 2203 2194 2202 2136 2190 2176 2172 2196 2173 2204 2205 2206 2190 2089 2197 2173 2197 2207 2208 2081 2132 2207 2198 2083 2209 2199 2200 2084 2083 2198 2210 2200 2201 2211 2210 2212 2092 2192 2085 2082 2085 2080 2213 2214 2201 2209 2086 2199 2194 2203 2201 2209 2200 2210 2213 2201 2203 2176 2197 2173 2215 2171 2191 2187 2215 2191 2197 2198 2207 2191 2207 2216 2132 2080 2130 2208 2216 2083 2132 2130 2217 2081 2208 2083 2209 2210 2211 2210 2214 2212 2085 2199 2086 2086 2130 2080 2214 2218 2212 2211 2131 2209 2214 2219 2220 2213 2219 2214 2201 2214 2210 2173 2207 2191 2189 2215 2187 2188 2187 2204 2207 2083 2216 2216 2221 2187 2132 2217 2222 2208 2222 2221 2223 2211 2212 2222 2208 2132 2224 2212 2218 2225 2224 2226 2086 2209 2131 2131 2227 2130 2228 2229 2218 2223 2230 2211 2214 2220 2218 2223 2212 2224 2228 2218 2220 2191 2216 2187 2231 2188 2204 2217 2232 2233 2216 2208 2221 2221 2205 2204 2217 2130 2227 2221 2222 2205 2227 2131 2230 2222 2217 2233 2217 2227 2232 2224 2229 2226 2131 2211 2230 2227 2230 2234 2229 2235 2226 2236 2223 2225 2229 2237 2238 2228 2237 2229 2218 2229 2224 2187 2221 2204 2231 2204 2206 2205 2222 2233 2206 2205 2233 2232 2227 2234 2206 2233 2232 2234 2230 2236 2206 2232 2234 2206 2234 2236 2223 2224 2225 2230 2223 2236 2236 2225 2206 2206 2235 2239 2206 2225 2226 2229 2238 2235 2206 2226 2235 2239 2235 2238 2240 2241 2242 2241 2240 2243 2244 2243 2240 2245 2244 2246 2245 2243 2244 2247 2248 2249 2247 2246 2248 2250 2249 2251 2248 2251 2249 2252 2253 2254 2248 2255 2251 2256 2253 2257 2253 2256 2254 2258 2259 2260 2257 2259 2256 2242 2261 2240 2247 2245 2246 2262 2263 2264 2265 2255 2263 2251 2255 2265 2242 2241 2266 2267 2268 2269 2263 2262 2269 2263 2269 2265 2270 2271 2267 2270 2269 2262 2272 2273 2271 2272 2270 2274 2275 2276 2273 2277 2275 2272 2278 2279 2276 2280 2278 2275 2280 2281 2282 2283 2284 2279 2283 2282 2285 2278 2282 2283 2286 2284 2287 2288 2286 2289 2285 2287 2283 2290 2291 2261 2292 2293 2294 2240 2261 2291 2290 2295 2291 2244 2291 2296 2297 2255 2248 2246 2296 2297 2251 2252 2250 2248 2246 2297 2253 2298 2257 2299 2260 2300 2250 2252 2254 2252 2251 2265 2260 2259 2257 2268 2298 2253 2298 2300 2257 2301 2260 2299 2260 2301 2258 2240 2291 2244 2302 2295 2290 2302 2303 2295 2244 2296 2246 2296 2295 2304 2255 2305 2263 2297 2304 2305 2265 2268 2252 2297 2305 2255 2298 2306 2300 2307 2299 2308 2252 2268 2253 2268 2265 2269 2257 2300 2260 2267 2306 2298 2299 2309 2301 2300 2306 2308 2310 2309 2299 2291 2295 2296 2311 2303 2302 2311 2312 2303 2296 2304 2297 2304 2303 2313 2292 2314 2315 2264 2305 2313 2274 2270 2262 2305 2264 2263 2306 2316 2308 2317 2307 2318 2268 2267 2298 2267 2269 2270 2300 2308 2299 2271 2316 2306 2299 2307 2310 2308 2316 2318 2319 2310 2307 2295 2303 2304 2320 2312 2311 2320 2321 2312 2304 2313 2305 2312 2322 2313 2323 2274 2262 2264 2322 2323 2272 2274 2277 2323 2262 2264 2324 2317 2318 2325 2317 2324 2267 2271 2306 2271 2270 2272 2308 2318 2307 2273 2326 2316 2307 2317 2319 2318 2326 2324 2327 2319 2317 2303 2312 2313 2328 2321 2320 2328 2329 2321 2313 2322 2264 2321 2330 2322 2331 2277 2274 2323 2330 2331 2275 2277 2280 2323 2331 2274 2332 2325 2324 2316 2326 2318 2271 2273 2316 2275 2273 2272 2325 2332 2333 2276 2334 2326 2317 2325 2327 2324 2334 2332 2335 2327 2325 2312 2321 2322 2336 2329 2328 2336 2314 2329 2322 2330 2323 2329 2337 2330 2338 2280 2277 2331 2337 2338 2339 2332 2334 2331 2338 2277 2340 2333 2332 2326 2334 2324 2273 2276 2326 2276 2275 2278 2341 2333 2342 2279 2339 2334 2325 2333 2335 2332 2339 2340 2341 2335 2333 2321 2329 2330 2315 2314 2336 2343 2344 2345 2330 2337 2331 2337 2314 2346 2347 2285 2348 2338 2346 2281 2340 2339 2349 2281 2280 2338 2280 2282 2278 2340 2350 2342 2276 2279 2334 2279 2278 2283 2351 2342 2352 2349 2339 2284 2349 2350 2340 2341 2342 2351 2333 2340 2342 2329 2314 2337 2293 2292 2315 2294 2353 2292 2337 2346 2338 2292 2354 2346 2355 2285 2282 2281 2354 2355 2347 2287 2285 2355 2282 2281 2349 2356 2350 2357 2352 2350 2279 2284 2339 2284 2283 2287 2358 2352 2359 2356 2349 2286 2356 2357 2350 2351 2352 2358 2342 2350 2352 2292 2346 2314 2360 2353 2294 2360 2361 2353 2346 2354 2281 2353 2362 2354 2347 2289 2287 2348 2355 2362 2347 2363 2289 2285 2355 2348 2364 2359 2357 2365 2359 2364 2284 2286 2349 2286 2287 2289 2366 2359 2365 2367 2356 2288 2364 2357 2367 2358 2359 2366 2352 2357 2359 2292 2353 2354 2368 2361 2360 2345 2361 2368 2354 2362 2355 2362 2361 2369 2347 2370 2363 2348 2362 2369 2371 2364 2367 2370 2347 2348 2372 2365 2364 2356 2367 2357 2286 2288 2356 2373 2288 2289 2365 2372 2374 2375 2371 2367 2365 2376 2366 2364 2371 2372 2377 2376 2365 2353 2361 2362 2378 2345 2368 2379 2363 2380 2348 2369 2370 2369 2345 2344 2363 2373 2289 2369 2344 2370 2373 2375 2288 2370 2344 2380 2363 2379 2373 2372 2381 2374 2288 2375 2367 2373 2382 2375 2383 2374 2384 2385 2386 2371 2365 2374 2377 2372 2386 2381 2383 2377 2374 2361 2345 2369 2378 2343 2345 2370 2380 2363 2343 2380 2344 2379 2382 2373 2343 2379 2380 2382 2385 2375 2343 2382 2379 2343 2385 2382 2371 2386 2372 2375 2385 2371 2385 2343 2386 2343 2387 2384 2343 2381 2386 2384 2381 2343 2383 2384 2387 2374 2381 2384</p>
        </triangles>
      </mesh>
    </geometry>
  </library_geometries>

  <library_visual_scenes>
    <visual_scene id="ID1">
      <node id="ID2" name="Base">
        <node>
          <matrix>1 0 0 0 0 1 0 0 0 0 1 0 0 0 0 1</matrix>
          <instance_node url="#ID3"/>
        </node>
        <node>
          <matrix>-1 0 0 0 0 -1 0 3.46945e-18 0 0 1 0.048 0 0 0 1</matrix>
          <instance_node url="#ID11"/>
        </node>
      </node>
    </visual_scene>
  </library_visual_scenes>

  <scene>
    <instance_visual_scene url="#ID1"/>
  </scene>

  <library_nodes>
    <node id="ID3" name="Part 1">
      <instance_geometry url="#ID4">
        <bind_material>
          <technique_common>
            <instance_material symbol="ID10" target="#ID10"/>
          </technique_common>
        </bind_material>
      </instance_geometry>
    </node>
    <node id="ID11" name="Part 1">
      <instance_geometry url="#ID12">
        <bind_material>
          <technique_common>
            <instance_material symbol="ID18" target="#ID18"/>
          </technique_common>
        </bind_material>
      </instance_geometry>
    </node>
  </library_nodes>

</COLLADA>
