tipo_passo, tempo, x_final, y_final, z_max
x: 0.03 y: 0.0,0.5938138961791992,0.03053550069010759,-0.0015224123405304102,0.047634483760160606
